"word","frequency"
"lol",171020
"the",129814
"cinna",114211
"ww",107781
"a",100363
"you",96250
"is",93446
"to",85391
"crep",84721
"it",67491
"i",64089
"in",52379
"that",48103
"w",47171
"cinnacs",46107
"and",44797
"lo",44622
"oooo",43877
"gg",42264
"this",41218
"she",38671
"sob",38261
"no",36998
"for",35662
"just",35078
"on",34965
"u",34313
"he",31702
"lmaoooooooooo",31053
"rosii",30724
"we",29679
"not",29646
"banger",29061
"what",28594
"1",28338
"get",27583
"rt",27511
"lmao",27017
"om",26600
"so",26171
"lul",26049
"s",25939
"of",25723
"are",25541
"o",24642
"stream",24525
"your",24517
"uuh",24478
"son",24191
"do",24184
"like",23538
"go",22675
"good",22184
"was",22088
"lmfao",21598
"be",21218
"yes",20671
"they",20463
"up",19872
"twitchconhype",19705
"cinnarave",19695
"its",19637
"got",19623
"bro",19578
"at",19331
"with",19186
"her",18784
"hah",18443
"me",17993
"can",17796
"saj",16923
"3",16788
"5",16242
"my",16219
"oh",16147
"now",15852
"have",15673
"dinodance",15509
"why",15156
"mhm",15013
"did",14941
"more",14899
"subscribed",14481
"chat",14362
"all",14037
"hold",13987
"tier",13891
"back",13887
"time",13832
"ur",13678
"kai",13391
"o7",13329
"out",13195
"t",13081
"cinna8head",12994
"www",12869
"oi",12829
"2",12591
"gifted",12504
"aura",12472
"one",12362
"agent",12349
"omepfft",12319
"aussie",12089
"how",12085
"fuck",11922
"sub",11829
"shit",11799
"jah",11729
"ll",11498
"ome32",11482
"damn",11413
"them",11376
"ewww",11338
"l",11334
"ass",10966
"him",10874
"dont",10861
"if",10728
"usa",10647
"ofc",10629
"has",10589
"there",10471
"too",10399
"here",10225
"streameru2026",10194
"gonna",10193
"points",10077
"stabeblue",9969
"whattt",9766
"oop",9751
"play",9723
"bang",9658
"wtf",9644
"need",9626
"watch",9515
"his",9415
"degloved",9316
"huh",9306
"game",9233
"know",9211
"im",9136
"pogchamp",9027
"fairs",8992
"https",8848
"better",8811
"well",8779
"from",8742
"but",8710
"still",8657
"bonnie",8474
"holy",8472
"ok",8446
"10",8408
"stop",8404
"again",8389
"aga",8352
"look",8333
"when",8278
"who",8092
"love",8005
"nah",7992
"going",7950
"mmm",7873
"caught",7825
"say",7791
"d",7733
"see",7682
"yo",7678
"cinnahop",7654
"or",7651
"ome65",7644
"bad",7567
"yeah",7519
"about",7466
"taw",7306
"ome20",7297
"said",7291
"lmaooo",7285
"thats",7278
"focus",7195
"right",7138
"omg",7083
"smile",7062
"pffttt",7061
"dans",6961
"ome",6902
"jupijej",6737
"cinnajam",6648
"larp",6602
"will",6525
"rage",6514
"bronze",6455
"rae",6448
"clip",6432
"hi",6404
"girl",6373
"hooray",6326
"yall",6308
"way",6292
"please",6196
"some",6156
"crazy",6155
"getting",6149
"peepousa",6116
"streak",6109
"where",6085
"call",6069
"as",6009
"twitch",6007
"would",5982
"day",5971
"cinnaclap",5962
"cinnablam",5865
"hero",5856
"take",5796
"wait",5777
"man",5769
"streams",5708
"4",5702
"months",5695
"it's",5679
"btw",5677
"an",5670
"even",5638
"down",5539
"off",5528
"cooked",5522
"woah",5518
"imhim",5511
"prepffttt",5500
"than",5442
"f",5435
"notlikethis",5426
"think",5416
"aww",5412
"raid",5399
"wedidit",5394
"doing",5359
"pls",5350
"coming",5341
"new",5334
"boogie",5300
"let",5221
"nonono",5216
"should",5178
"watched",5152
"does",5144
"wwww",5142
"real",5061
"zoil",5049
"don",5043
"sus",5037
"people",5020
"classic",4995
"d2",4964
"50",4954
"run",4953
"copper",4943
"ggs",4924
"emily",4873
"big",4866
"make",4849
"never",4832
"theagencywhands",4819
"sparked",4807
"consecutive",4783
"widespeednod",4781
"tv",4752
"us",4746
"tho",4726
"help",4718
"sure",4699
"bruh",4697
"only",4695
"food",4690
"lmaoooo",4683
"room",4683
"cinnaspin",4674
"hit",4643
"been",4624
"then",4619
"by",4609
"nice",4601
"nabs",4601
"party",4592
"over",4557
"shes",4554
"hes",4532
"mmmfood",4517
"gamble",4509
"tell",4494
"cinema",4477
"rank",4462
"guapo",4462
"don't",4459
"put",4456
"r6",4430
"rosi",4414
"cap",4407
"widespeedlaugh5",4404
"looks",4399
"cinnahmm",4394
"gang",4387
"song",4382
"class",4366
"omgbruh",4361
"cte",4319
"silver",4307
"they've",4287
"streamer",4273
"wow",4257
"m",4242
"yea",4220
"fr",4216
"ome44",4205
"use",4185
"100",4175
"30",4156
"same",4145
"20",4122
"actually",4121
"much",4047
"0",4038
"first",4000
"vape",3997
"lock",3986
"gotta",3936
"fucking",3930
"cant",3889
"jasont2nms3",3888
"someone",3887
"siptime",3880
"com",3875
"end",3864
"guys",3842
"killthatboy",3836
"hell",3821
"already",3807
"lmaoo",3788
"currently",3772
"subs",3759
"today",3747
"cinna's",3729
"widespeedlaugh",3717
"clap",3716
"aim",3709
"live",3708
"tf",3701
"wwwww",3698
"herewego",3690
"god",3601
"re",3588
"guy",3563
"were",3531
"ngl",3516
"playing",3512
"jason",3508
"might",3489
"channel",3483
"rn",3464
"agahi",3461
"really",3446
"before",3444
"check",3435
"ew",3430
"hair",3429
"rossi",3427
"segment",3418
"come",3405
"team",3405
"want",3384
"byee",3365
"c",3361
"leave",3357
"finally",3347
"lost",3335
"true",3335
"rip",3321
"give",3315
"hours",3282
"ig",3281
"next",3279
"eat",3278
"ome67",3276
"mods",3268
"last",3258
"that's",3250
"had",3235
"denied",3216
"free",3209
"you're",3203
"clappi",3162
"am",3154
"natalie",3143
"best",3138
"watching",3122
"show",3121
"ome5",3110
"hey",3108
"everyone",3097
"lacy",3092
"sleep",3082
"cinnadance",3071
"yonna",3069
"krkrkr",3048
"mean",3043
"black",3026
"fine",3023
"rising",3022
"letsgo",3011
"6",2969
"keep",2964
"67",2949
"xdd",2922
"7",2915
"randomkid",2912
"after",2910
"yugi",2878
"monka",2867
"house",2855
"lmaooooo",2848
"cinnaluv",2845
"she's",2842
"lets",2841
"cinnawhy",2840
"youtube",2814
"row",2805
"smh",2762
"win",2760
"xavier",2751
"forehead",2750
"sara",2744
"being",2730
"could",2720
"always",2714
"sonion",2713
"great",2711
"i'm",2704
"round",2702
"sped",2702
"won",2665
"nigga",2657
"water",2655
"fire",2647
"ome10",2646
"tripout",2645
"dude",2644
"maybe",2640
"marathon",2632
"start",2628
"aintnoway",2627
"cinna2x",2622
"ohshit",2620
"something",2613
"goat",2609
"camera",2604
"dad",2603
"try",2601
"relax",2598
"he's",2573
"widespeedemotional",2556
"lookup",2550
"hard",2536
"ez",2533
"prime",2520
"haha",2513
"pre",2508
"read",2506
"care",2497
"yep",2477
"cinnahii",2475
"these",2474
"cute",2469
"cinnakekw",2467
"r",2456
"work",2455
"x",2454
"vanill171monkey",2451
"qq",2445
"feelsstrongman",2441
"okay",2441
"ahh",2439
"feel",2438
"thing",2437
"kekw",2436
"wwwwww",2434
"funny",2427
"nooo",2427
"talking",2427
"needs",2426
"looking",2421
"elisgamba",2418
"wrong",2410
"long",2404
"dead",2403
"left",2400
"life",2394
"open",2393
"listening",2382
"mad",2374
"games",2372
"happened",2368
"ask",2364
"name",2355
"those",2346
"cinnapain",2341
"saying",2335
"month",2317
"aint",2305
"didnt",2303
"um",2300
"done",2298
"door",2297
"reacting",2290
"another",2286
"slayyy",2279
"dinkdonk",2274
"guess",2269
"evil",2262
"25",2257
"chopped",2248
"happy",2247
"thought",2243
"into",2242
"rofl",2242
"cinnaclown",2238
"bye",2226
"ads",2225
"cinnaforeheaddance",2219
"cinnas",2213
"enough",2206
"night",2200
"peace",2189
"turn",2189
"white",2189
"icant",2187
"hiii",2184
"deadass",2183
"youre",2183
"break",2178
"ron",2168
"goalhype",2164
"gift",2162
"lmfaooo",2160
"stand",2159
"voice",2137
"goal",2132
"palpatine",2129
"made",2120
"loel",2118
"community",2107
"other",2107
"old",2104
"whole",2103
"chill",2098
"fries",2095
"lizzo",2092
"cmonbruh",2088
"pewpewpew",2073
"sick",2072
"ever",2070
"hear",2063
"aaaa",2057
"hope",2052
"wanna",2052
"talk",2049
"uhm",2037
"eating",2036
"total",2035
"hello",2031
"noooo",2028
"ye",2023
"cinnaing",2022
"yet",2017
"thank",2016
"morning",2014
"omeohh",2003
"trying",1997
"geeg",1991
"vhagarchamp",1987
"yrgeyrg",1984
"tantrum",1982
"red",1976
"car",1974
"cinnaeat",1963
"docpls",1945
"rollpoints",1945
"stay",1934
"whats",1934
"head",1923
"wutface",1914
"screen",1907
"change",1904
"music",1899
"ray",1899
"trash",1897
"word",1892
"close",1889
"arky",1886
"high",1883
"year",1883
"moves",1881
"jynxzi",1876
"every",1873
"went",1864
"2026",1856
"fanum",1854
"nothing",1847
"cool",1844
"kid",1844
"save",1841
"find",1836
"home",1833
"away",1832
"worse",1822
"literally",1818
"maya",1818
"gifting",1815
"shirt",1814
"mute",1807
"lmaoooooo",1804
"can't",1803
"because",1801
"zugoi",1798
"woj",1796
"babyrage",1789
"move",1789
"cinnacope",1788
"ya",1785
"ironic",1784
"both",1783
"days",1780
"flashbang",1780
"rosii32",1776
"their",1774
"mijo",1773
"lemickey",1770
"cat",1768
"popnemo",1767
"chud",1763
"di4m0ndstreams",1757
"fake",1756
"y",1756
"bigsad",1755
"zombies",1754
"boy",1753
"late",1752
"siege",1749
"hai",1746
"lil",1745
"poor",1745
"shi",1743
"fun",1742
"pretty",1732
"kappa",1724
"bed",1718
"hvdras",1718
"9",1717
"8",1716
"bratchat",1713
"idk",1708
"cinnashock",1705
"trailblazun",1703
"ad",1702
"fight",1698
"monitor",1690
"hate",1683
"hot",1683
"duke",1682
"kinda",1679
"crying",1678
"saved",1674
"behind",1667
"n",1663
"dean",1661
"scared",1655
"cinnawow",1654
"vibe",1654
"bit",1652
"12",1651
"making",1646
"cam",1645
"eww",1645
"cheer1",1643
"burger",1641
"dr",1639
"little",1639
"af",1635
"peak",1630
"wwwwwww",1628
"point",1623
"almost",1621
"meow",1621
"seen",1620
"kill",1616
"also",1610
"gayge",1609
"any",1607
"many",1606
"ayo",1604
"su",1603
"speed",1602
"beat",1598
"saw",1588
"content",1587
"fix",1586
"teacher",1584
"shot",1583
"probably",1581
"script",1574
"yesss",1567
"shush",1565
"professor",1563
"chris",1562
"soon",1562
"da",1552
"clean",1551
"current",1547
"world",1546
"least",1545
"pc",1545
"status",1545
"cinnaquit",1545
"faded",1544
"gone",1543
"pool",1538
"skip",1535
"uhoh",1532
"money",1529
"sad",1526
"mic",1523
"emi",1512
"la",1510
"insane",1507
"sparda",1504
"caleb",1499
"phone",1495
"buy",1494
"road",1488
"miss",1487
"gun",1484
"wideduckass",1484
"double",1482
"keem",1482
"knows",1479
"clips",1474
"weird",1472
"em",1471
"demon",1470
"thanks",1469
"gregged",1468
"job",1465
"top",1461
"vibes",1461
"wedidthat",1460
"piece",1456
"outside",1453
"called",1452
"throw",1444
"kaicsturdyy",1441
"tomorrow",1441
"sounds",1437
"anything",1435
"11",1432
"glasses",1432
"shower",1426
"wants",1425
"minutes",1422
"seemsgood",1413
"everything",1412
"marlon",1412
"wideomgbruh",1412
"cinnaleft",1410
"friend",1408
"streaming",1406
"yrgedance",1404
"ban",1400
"while",1400
"very",1398
"congratulations",1397
"walk",1395
"hoodie",1391
"pfft",1391
"gets",1390
"pack",1389
"ewwww",1388
"noway",1388
"lmfaoooo",1382
"crash",1378
"baby",1375
"around",1374
"gamer",1374
"cause",1370
"ongslam",1370
"lose",1369
"shoot",1368
"ooo",1367
"markus",1365
"uh",1362
"emotional",1362
"hvdrassigh",1358
"sketch",1357
"kanye",1352
"side",1350
"bigdog",1347
"ts",1347
"yooo",1343
"fit",1342
"spideythwip",1342
"years",1341
"15",1338
"brother",1335
"snitch",1335
"sorry",1335
"lowkey",1333
"asf",1332
"uni",1328
"through",1323
"facts",1322
"omescrajj",1314
"mf",1313
"happening",1311
"own",1310
"sound",1309
"exemlove",1308
"shut",1307
"bag",1295
"part",1295
"video",1295
"though",1293
"cameraman",1291
"bring",1286
"person",1283
"face",1280
"ice",1276
"waiting",1274
"josh",1273
"speed88",1271
"learning",1269
"bus",1262
"jesus",1260
"kek",1260
"gym",1255
"type",1255
"doesnt",1253
"eyes",1251
"cacaca",1251
"told",1250
"ome52",1243
"card",1242
"our",1242
"cinnaphiles",1240
"xd",1236
"fat",1233
"two",1224
"australia",1216
"believe",1216
"aware",1215
"makes",1212
"niyasashake",1211
"jester",1206
"lmaoooooooo",1205
"rosie",1205
"pull",1198
"wajaja",1198
"didn't",1196
"pin",1195
"different",1193
"rosiiwvibe",1193
"uncpls",1188
"cinnadisgust",1187
"hide",1186
"didn",1185
"ooooo",1184
"omegalul",1183
"osfrog",1182
"key",1179
"queen",1179
"audio",1178
"hour",1178
"stfu",1178
"worst",1178
"slow",1177
"lmaooooooo",1175
"ready",1174
"yess",1174
"schizo",1173
"leak",1169
"most",1167
"mushi",1167
"clidetheprod",1167
"yourself",1166
"dumb",1163
"widespeedlaugh6",1162
"full",1161
"awww",1157
"silky",1155
"jake",1155
"slurseason",1155
"cinnan",1154
"max",1153
"straight",1153
"kids",1152
"theagencyflashbang",1152
"aye",1151
"raebum",1149
"40",1142
"yup",1142
"wild",1140
"kittyjam",1136
"squid2",1133
"dwerking",1133
"gng",1132
"hesright",1132
"isnt",1129
"started",1129
"war",1128
"ending",1122
"vaping",1121
"brad",1120
"cinnagreat",1118
"yesbitch",1117
"wideravetime",1116
"yoooo",1116
"clueless",1114
"residentsleeper",1108
"remember",1103
"curselit",1101
"lot",1099
"subathon",1098
"anyone",1097
"rolled",1096
"half",1094
"elisyay",1093
"wear",1093
"times",1091
"nope",1087
"die",1083
"ddg",1083
"hahaha",1082
"theres",1078
"wake",1074
"beautiful",1072
"missed",1061
"heard",1059
"easy",1056
"goldplz",1056
"spot",1056
"took",1055
"school",1054
"cinnaright",1053
"drink",1051
"push",1051
"cuz",1050
"e",1050
"quick",1050
"locked",1046
"staff",1046
"deal",1045
"lmfaooooo",1045
"set",1043
"tdspopfbabydad",1043
"mexico",1040
"muted",1040
"under",1039
"dumbass",1038
"lying",1038
"pause",1038
"cinnathon",1038
"ain",1037
"d1",1037
"200",1036
"naur",1036
"coffee",1035
"tbh",1035
"moment",1034
"yessss",1034
"wwwwwwww",1032
"chicken",1030
"nooooo",1029
"ult",1029
"having",1028
"low",1027
"quit",1027
"curly",1026
"ppl",1026
"ouu",1026
"goatemotey",1025
"mogged",1025
"diamond",1024
"ve",1023
"10k",1022
"friends",1022
"place",1021
"wall",1021
"respect",1020
"calling",1017
"streamers",1015
"noooooo",1014
"ragebait",1014
"learn",1013
"wont",1008
"bout",1004
"thug",1003
"amazing",1000
"gta",1000
"fakedemon",1000
"hand",999
"snitching",999
"farm",998
"heyguys",998
"idea",998
"smorc",998
"ball",997
"cenat",992
"mari",988
"nono",988
"thanos",987
"bet",984
"collab",983
"throwing",980
"cinnapog",978
"came",977
"extra",974
"says",973
"jp",973
"drooler",972
"voteyea",971
"ome88",969
"bits",968
"boss",968
"irl",968
"buddy",967
"cheese",967
"intro",966
"fax",965
"strike",965
"banned",964
"raedance",964
"dog",963
"stuff",963
"flirt",962
"theagencyagnc1",961
"mija",960
"stabewhite",959
"celebrationsstation",958
"carried",953
"ai",952
"vs",951
"week",951
"jinxlul",951
"jump",949
"cinnamushi",946
"switch",945
"loser",943
"nobody",943
"amp",941
"reload",941
"super",941
"lag",941
"ayy",940
"ben",939
"24",937
"broke",937
"definitely",936
"finna",935
"send",935
"used",935
"incoming",934
"such",934
"nt",934
"uhh",933
"woman",933
"later",932
"teach",932
"loud",930
"woo",930
"steal",929
"add",927
"taking",927
"cup",925
"komodohype",925
"doom",924
"gameplay",924
"kick",923
"drop",922
"y'all",922
"yesterday",922
"sit",920
"else",917
"far",914
"agents",913
"press",913
"hurry",911
"drake",909
"futureman",907
"loll",907
"cinnadespair",907
"rosiii",906
"gay",905
"ain't",904
"v",902
"egg",900
"g",900
"plz",898
"based",895
"pay",895
"until",895
"air",894
"cosplay",894
"eye",894
"knew",894
"dance",893
"question",890
"spoit",889
"cry",885
"leaked",885
"mutted",885
"losing",884
"doesn't",883
"pain",883
"raph",881
"ma",880
"twitchunity",879
"yoo",879
"rich",878
"what's",878
"sleeping",877
"bitch",873
"let's",873
"business",872
"mins",872
"nick",871
"noo",871
"rest",871
"500",870
"since",870
"suck",869
"mmmm",867
"cards",866
"perfect",866
"22",865
"imagine",863
"without",862
"fucked",861
"luck",860
"wanted",860
"panic",860
"annie",853
"viewers",852
"happen",850
"king",848
"mom",848
"forget",847
"ends",846
"roll",846
"ago",844
"played",844
"instead",843
"brain",842
"tiktok",841
"ong",840
"twitter",840
"yt",840
"feet",837
"gon",837
"k",835
"kreygasm",835
"coach",834
"prayge",832
"1000",829
"fast",829
"gaming",827
"motion",827
"saywallahi",827
"university",826
"ah",825
"bot",825
"cinna7",825
"movie",824
"cinnahuh",821
"rat",821
"idiot",819
"b",818
"carry",817
"uijacob",816
"ears",815
"fluffybaconcat",814
"giving",812
"security",811
"tryna",809
"listen",808
"gsharma26",806
"box",803
"cook",799
"acting",798
"exemsturdy",797
"gn",797
"twin",797
"biblethump",796
"cough",796
"moving",796
"ha",795
"yuck",793
"omebitch",793
"8head",792
"america",792
"chair",791
"exemsaj",791
"green",790
"sing",789
"spain",789
"tried",789
"joined",787
"mr",787
"goes",786
"level",786
"using",786
"giveheal",786
"cooking",785
"erm",785
"starting",783
"running",782
"women",781
"muga",780
"player",779
"floor",778
"winning",777
"bald",776
"joe",776
"once",775
"alright",774
"second",774
"tonight",774
"tuff",774
"bitrate",774
"england",773
"small",773
"doritoschip",771
"nahhh",770
"lie",769
"match",769
"raebum3",769
"till",768
"window",767
"august",767
"ananonymousgifter",766
"gave",765
"hurt",765
"dat",764
"farming",764
"train",764
"cinnaliive",764
"y0",764
"auntie",763
"101",762
"copium",762
"dang",762
"lolll",761
"punch",760
"ludwig",756
"cringe",754
"light",754
"yooooo",754
"glitchcat",753
"story",753
"someday",749
"butter",747
"trust",746
"welp",746
"def",744
"windows",744
"hii",743
"sadge",743
"valkyrae",743
"words",743
"actual",742
"body",742
"pencil",742
"tired",742
"doesn",741
"stupid",741
"alone",740
"short",740
"fall",739
"whos",739
"asian",738
"fan",738
"wwwwwwwww",738
"corner",737
"drone",736
"cafeteria",735
"lmaooooooooo",733
"react",732
"theilluminati",731
"wish",731
"yay",731
"ziv",731
"crack",730
"thissucks",729
"diddy",727
"fault",727
"students",727
"disrespect",726
"they're",726
"pick",725
"crashout",723
"cut",720
"min",720
"bahhh",720
"emote",719
"predator",719
"reaction",719
"ewwwww",718
"sisathon",717
"yapping",716
"wins",715
"rime",714
"tooted",714
"hitting",713
"telling",713
"cheered",712
"crumb",711
"jack",710
"loool",710
"scary",710
"follow",709
"inside",707
"stare",707
"clockit",707
"mouse",706
"dnd",705
"things",705
"pokemon",704
"random",704
"dillhole",703
"packs",703
"theagencyspin",703
"hands",702
"pm",702
"hahahaha",701
"yap",701
"myavatar",700
"stable",699
"catkiss",698
"lmfaoooooo",698
"cinnalurk",697
"finish",697
"puzzles",697
"cmon",696
"fuckin",696
"men",696
"answer",695
"drama",695
"forgot",695
"hmm",693
"normal",693
"atp",692
"police",690
"lens",690
"rosiiwpump",689
"ego",687
"safe",687
"works",687
"drunk",686
"ill",684
"office",684
"dubdance",683
"anymore",681
"lady",681
"meat",680
"we're",678
"28k",677
"eatathon",675
"ay",673
"discord",673
"girls",670
"peepoaustralia",670
"hungry",668
"pog",668
"exactly",667
"leaving",667
"reacts",667
"blue",666
"cudi",666
"abuse",665
"bomb",665
"tea",665
"ome48",665
"cinnareverse",664
"lebron",664
"death",663
"early",663
"energy",663
"jeff",663
"scatter",663
"seconds",662
"shoes",662
"together",660
"number",659
"title",659
"mini",658
"racist",658
"cheating",658
"iguessbro",657
"dukeeeeeee",656
"gooo",655
"p",655
"hivise",654
"join",653
"which",652
"ate",651
"map",650
"yikes",649
"bloodtrail",648
"family",648
"lmfaoo",648
"yesssss",647
"equalrights",647
"16",645
"dark",645
"matter",645
"60",644
"clock",643
"edit",643
"wonder",641
"died",640
"pass",640
"there's",640
"callme992whands",639
"football",639
"supposed",639
"watchtime",639
"greg",639
"villain",638
"knicks",638
"cinnamon",637
"reason",637
"walking",637
"stabecaught",637
"comms",636
"needheal",636
"speak",634
"felon",633
"sweet",632
"fried",631
"lit",630
"awwww",628
"cst",628
"pst",628
"snitched",627
"bless",626
"sense",626
"sour",625
"bleedpurplehd",624
"working",623
"dub",622
"delay",620
"vohiyo",620
"cinnalost",620
"button",618
"wheres",618
"paid",616
"ranked",616
"trivia",616
"broken",614
"mercywing1",614
"must",614
"wind",613
"peepomexico",613
"found",612
"mind",612
"33",610
"during",609
"problem",609
"spam",609
"rosiiwun",609
"dawg",608
"glaze",608
"pop",608
"sold",608
"modcheck",607
"pepelaugh",606
"pov",605
"shii",604
"huge",603
"theagencycap",603
"laugh",602
"pussy",601
"partner",601
"13",600
"aw",600
"deserved",600
"everybody",600
"fixed",600
"gold",600
"stuck",600
"larping",600
"terrible",599
"partyhat",599
"cimily",599
"omegadance",598
"sum",598
"dying",597
"order",597
"honestly",595
"mod",593
"tourney",591
"summer",590
"ty",590
"19",590
"anonymous",589
"curls",589
"niggas",589
"soccer",589
"dam",588
"sunday",588
"club",587
"smoke",587
"isn't",585
"joke",585
"minute",585
"welcome",585
"heavy",584
"tone",583
"griddygoose",582
"touch",582
"dirty",580
"100k",579
"arrogantcap",579
"chance",579
"drive",579
"hetrynaignoreit",579
"bc",578
"self",578
"age",577
"annoying",577
"lulw",577
"mercywing2",577
"orange",577
"either",576
"skirt",576
"against",575
"line",575
"teaching",575
"serious",574
"wasnt",574
"catask",574
"rivals",574
"theagencysturdy",574
"18",573
"id",573
"reading",573
"theyre",573
"cookout",572
"wth",572
"monitors",572
"detention",572
"challenge",571
"arrested",571
"balright",571
"calm",568
"14",567
"prank",567
"thinking",566
"settings",566
"fair",565
"state",565
"favorite",563
"front",563
"lord",563
"pausechamp",563
"atl",562
"na",562
"changed",561
"meet",561
"grown",560
"kind",560
"cinnaaa",559
"ohh",559
"peanuts",559
"17",558
"jasont2nms",558
"less",557
"mode",557
"who's",557
"widespeedannoyed",557
"concert",556
"john",556
"seeing",556
"hilarious",555
"ive",555
"league",555
"church",554
"theagencydance",554
"mrdestructoid",553
"practice",553
"wearing",552
"doctor",551
"mark",551
"mid",551
"outta",551
"wwwwwwwwww",551
"blame",550
"nahh",550
"power",549
"loss",549
"kidmysticc",549
"pizza",548
"cinnah",547
"invite",547
"laptop",547
"blind",546
"character",546
"goooo",546
"loading",546
"bags",545
"isn",545
"ofcourse",545
"spider",544
"3rd",543
"anniversary",543
"cinnaaaa",542
"student",541
"timing",541
"iamclap",541
"agreed",540
"ayyy",540
"weak",540
"scuba",540
"kills",539
"uhhh",539
"ones",538
"milk",536
"shake",536
"ohbrother",536
"zelina",536
"anyway",535
"oo",535
"duckass",534
"worry",534
"skill",533
"coolcat",532
"slur",532
"nmpblankies",532
"boys",531
"cats",531
"cinnama",531
"kd",531
"expelled",531
"july",530
"plays",530
"stopstreaming",530
"breath",529
"eda",529
"yonose",529
"france",528
"oooooo",528
"raided",528
"bark",528
"theagencyamp",528
"rp",527
"advice",527
"bros",526
"french",526
"setup",525
"quack",525
"internet",524
"shows",524
"dream",522
"votenay",522
"hacker",522
"mans",521
"networking",520
"2024",519
"message",519
"asked",518
"earlier",518
"airball",518
"jeffy",518
"vod",517
"duo",516
"tweet",516
"trolling",515
"wokege",515
"cinnaflirt",514
"nasty",514
"genuinely",513
"naw",513
"wat",513
"exemclap",512
"looool",512
"rain",512
"sucks",511
"sobb",510
"asking",509
"subtember",509
"eggs",508
"gulp",508
"mooda",508
"waytoodank",507
"means",506
"smart",506
"swear",506
"core",505
"clide",505
"rakai",505
"ash",504
"nvm",504
"gain",504
"cinnaflushed",504
"bubonnieplague",504
"atleast",503
"cinnasturdy",503
"june",503
"peanut",503
"angle",502
"speechless",500
"production",500
"aliendance",499
"lucky",499
"turkey",499
"mouth",498
"sigh",498
"agent00",497
"14k",497
"goin",496
"sexo",496
"eats",495
"lights",495
"lollll",495
"yrg",495
"widespeedplease",495
"powerupr",494
"quiet",494
"special",494
"si",493
"twice",493
"hospital",491
"lolol",491
"zero",491
"deep",490
"squid3",490
"basketball",489
"news",489
"signalling",489
"4k",488
"adhd",488
"missing",488
"comes",487
"oof",486
"kaicnaenae",485
"reader",485
"arent",484
"doin",484
"dropped",484
"killed",484
"unc",484
"wet",484
"xqc",484
"goated",483
"lool",483
"mmmmm",483
"squid4",483
"art",482
"flour",482
"gracxxie",482
"mfs",481
"cheat",480
"middle",480
"21",479
"frog",479
"minecraft",479
"cinnna",478
"sign",478
"valid",478
"wash",478
"wheel",478
"bottom",477
"paidchatter",477
"cinnabanana",476
"sitting",476
"rocket",475
"trunk",475
"twins",474
"dealer",474
"careful",473
"shruge",473
"goodboy",473
"rizz",472
"uk",472
"campus",472
"hat",471
"35",470
"clear",470
"each",470
"hella",470
"pulled",470
"socks",470
"tweaking",470
"vip",470
"oscs",470
"balls",469
"squid1",469
"callme992thug",468
"scam",468
"rosiiwthankyou",468
"caseohwiijams",467
"daddy",467
"diesofcringe",467
"youtu",467
"lud",467
"js",466
"ohhh",465
"garden",465
"alert",464
"poki",464
"bully",463
"fortnite",463
"holding",463
"loves",463
"single",463
"slay",463
"wifi",463
"turntsoff",463
"few",462
"powerupl",462
"woke",462
"raewoo",462
"final",461
"goo",461
"list",461
"lookin",461
"print",461
"ripbozo",461
"lobby",461
"banana",461
"kaysan",461
"udy",460
"fell",459
"2nd",458
"birthday",458
"callme9925head",458
"sybau",458
"horror",457
"support",457
"cozy",457
"222",456
"fart",456
"laughing",456
"gasp",455
"ahhh",454
"atlanta",453
"bread",453
"congrats",453
"issue",453
"ssssss",453
"louwallace53",453
"larper",452
"looked",451
"russel",451
"somebody",451
"kanel",451
"26",450
"heart",450
"lmfaooooooo",450
"adapt",450
"lunch",449
"baddie",448
"cold",448
"post",448
"fired",447
"proud",447
"thinks",447
"300",446
"cinnaa",446
"nowaying",446
"pogu",446
"smell",446
"45",445
"american",445
"apple",445
"cele",445
"chain",444
"emiruvibe",444
"nise",444
"whatever",444
"control",444
"cares",443
"cina",442
"country",441
"forever",441
"rossii",441
"packing",440
"ow",440
"shooting",439
"statefarm",439
"awesome",438
"bigger",438
"child",438
"outfit",438
"sauce",438
"jay",437
"method",436
"gas",435
"plan",435
"widespeedmessy",435
"jasont2nms2",435
"hiiii",434
"main",434
"27",433
"cream",433
"draw",433
"pinned",433
"controller",433
"solo",433
"cookie",432
"ladder",432
"stole",432
"turned",432
"wwwwwwwwwww",432
"kingsman",432
"derank",432
"happens",431
"lebronjam",430
"pink",430
"raiders",430
"omefaded",429
"messi",429
"freaky",428
"yawnn",428
"theagencypanic",428
"bigback",427
"ground",427
"kaicenat",427
"unrt",427
"blakkhoodie",426
"bnrdance",426
"pants",426
"yoooooo",426
"talent",425
"whatt",425
"27k",424
"hahahahaha",424
"shooter",424
"argentina",424
"oiiaooiia",424
"suprlove",424
"aamishpikarave",424
"hmmm",423
"31",423
"boo",422
"ravetime",422
"ghost",421
"kaicfiremgm",420
"ring",420
"stick",420
"trail",420
"tunnel",420
"23",419
"deserve",419
"shout",419
"worth",419
"cod",419
"tournament",419
"imsofuckingscared",419
"rock",418
"alerta",418
"drugs",417
"nooooooo",417
"players",417
"ratjam",417
"coffin",417
"yagoo",417
"longer",416
"sexy",416
"dw",415
"vid",415
"nobodygaf",415
"ayyyy",414
"maxlol",414
"pushing",414
"150",413
"awkward",413
"standing",413
"shots",413
"cops",412
"nebulizer",412
"pro",412
"widespeedapple",412
"rosiidance",412
"theagencybangenergy",412
"app",411
"sadboy",411
"rolling",410
"nose",410
"click",409
"picture",409
"closed",408
"davis",408
"hiding",408
"kiss",408
"lmaooooooooooo",408
"rate",408
"shield",408
"takes",408
"texas",408
"hrs",408
"bar",407
"glitchlit",407
"grandma",407
"yellow",407
"building",407
"delete",406
"omfg",406
"rosiiwo7",406
"bathroom",405
"hr",405
"pissed",405
"agree",404
"trihard",404
"diva",404
"biggest",403
"gamba",403
"hits",403
"link",403
"may",403
"alive",402
"strokes",402
"flag",402
"subprise",402
"1v1",401
"bots",400
"ff",400
"lower",400
"near",400
"exemnod",399
"hehe",399
"5k",398
"enjoy",398
"marv",398
"pepper",398
"showing",398
"soo",398
"ac",397
"catch",397
"hang",397
"fbtouchdown",397
"donlem2omg",397
"cinnagroove",396
"ee",396
"flight",396
"seems",396
"shorts",396
"pbm",396
"himself",395
"reach",395
"lolphibia69",395
"christ",394
"lowk",394
"monkaw",394
"past",393
"cover",392
"horrible",392
"australian",392
"goodnight",392
"stableronaldo",392
"account",391
"jail",391
"kais",391
"saturday",391
"toilet",391
"clothes",390
"i'll",390
"speaking",390
"stalling",390
"bopbop",390
"colton",390
"busy",389
"sup",389
"trueing",389
"user",389
"tie",389
"catjam",388
"garbage",388
"imliterallydead",388
"mountain",388
"hecrazy",388
"backwards",387
"faster",387
"japanese",387
"singing",387
"glazers",387
"sushi",386
"understand",386
"elpermassacre",386
"scored",386
"elephant",385
"00",384
"feels",384
"finished",384
"needed",384
"putting",384
"feeling",383
"fighting",383
"freedom",383
"mine",383
"season",383
"boom",382
"course",382
"likes",382
"muteathon",382
"bleedpurple",381
"hop",381
"vaper",381
"clutch",380
"won't",380
"harder",380
"belka",380
"seriously",379
"strong",379
"bri",378
"clipped",378
"mess",378
"pr",378
"trip",378
"spots",378
"cortisol",378
"ayooo",377
"cinnag",377
"negativeaura",377
"5000",376
"mother",376
"cutscene",376
"ik",375
"kicked",375
"parents",375
"monday",375
"gooooo",374
"wsg",374
"brunson",374
"friday",373
"lll",373
"weight",373
"stabedance",373
"austin",372
"basically",372
"curse",372
"daughter",372
"pixelbob",372
"prolly",372
"ugly",372
"possible",371
"wit",371
"you'll",371
"chatter",370
"count",370
"pistol",370
"zombie",370
"act",368
"cinnabrit",368
"coolstorybob",368
"nails",368
"spamming",368
"gus",368
"dorm",368
"i've",367
"meant",367
"surely",367
"widespeedread",367
"chungus",367
"emiruluv",367
"fans",366
"glad",366
"jbl",366
"stage",366
"group",365
"grubbaboi",365
"human",365
"leaderboard",365
"tony",365
"disgusting",364
"frozen",364
"herself",364
"higher",364
"ran",364
"smoking",364
"sometimes",364
"space",364
"swing",364
"bars",364
"frogwater",364
"attention",363
"marcus",363
"prob",363
"rainbow",363
"rosiiii",363
"candle",363
"alt",362
"arnoldhalt",362
"lou",362
"trump",362
"where's",362
"jacob",362
"sunny",362
"acesod4",362
"raebum2",362
"ogo",362
"breaking",361
"emiru",361
"ended",361
"ewwwwww",361
"gettin",361
"sooo",361
"hollon",361
"tota",361
"breakfast",359
"op",359
"pepepoint",359
"step",359
"weed",359
"wrap",359
"de",358
"sell",358
"sneak",358
"test",358
"trouble",358
"tech",358
"able",357
"fluffy",357
"gives",357
"gross",357
"ouch",357
"arbys",356
"imglitch",356
"salad",356
"blakkh1grubup",356
"island",356
"plant",355
"pops",355
"czr",355
"alr",354
"father",354
"h",354
"stairs",354
"update",354
"dentge",353
"j",353
"teams",353
"tortism",353
"caseohdailydoodlestwerk",353
"batman",352
"cancer",352
"killing",352
"punchtrees",352
"patch",352
"viva",352
"1st",351
"cancelled",351
"disney",351
"emirudancing",351
"ouuu",351
"jus",350
"makeup",350
"rude",350
"wwwwwwwwwwww",350
"xinna",350
"sponsor",349
"imma",348
"mental",348
"wasn",348
"winter",348
"flako",348
"emp",347
"grind",347
"stillhere",347
"lazy",346
"nahhhh",346
"ruined",346
"sent",346
"champ",345
"cheer100",345
"ammo",345
"li",345
"buns",344
"p5",344
"shroud",344
"case",343
"dick",343
"enter",343
"slide",343
"umm",343
"cope",342
"wasn't",341
"tylil",341
"ijustlovepuzzles",341
"brooo",340
"japan",339
"lmaoooooooooooo",339
"peepocheer",339
"rounds",339
"wegood",339
"elisjam",338
"feed",338
"weeks",338
"byeee",338
"widespeedlaugh3",338
"keeps",337
"steam",337
"nakaab04",337
"dev",336
"flash",336
"heck",336
"none",336
"fill",336
"segments",336
"chocolate",335
"lmfaoooooooo",335
"mirror",335
"nodders",335
"hammer",335
"foot",334
"yessssss",334
"guns",333
"lmmaaooooooo",333
"bru",332
"pulling",332
"z",332
"doors",331
"dry",331
"interesting",331
"nat",331
"restart",331
"scammer",331
"signal",331
"bullshit",330
"goodbye",330
"womp",330
"dancin",330
"echo",330
"sister",329
"three",329
"young",329
"yuh",329
"feelsvi",329
"burn",328
"legit",328
"mama",328
"melt",328
"bum",327
"handle",327
"lies",327
"noise",327
"midpiece",327
"whale",327
"allroads",327
"yohannessw",327
"46",326
"breathe",326
"cinnaaaaa",326
"hahahahahaha",326
"rdc",326
"rawr",326
"jacket",326
"lame",325
"potato",325
"refresh",325
"progress",325
"cinnasalute",325
"abuser",324
"grab",324
"system",324
"marvel",324
"exemwiggle",324
"dinner",323
"millionaire",323
"offline",323
"sniffa",323
"truth",323
"widespeedlaugh14",323
"alot",322
"anyways",322
"chats",322
"speech",322
"text",322
"toxic",322
"tts",322
"lungs",322
"star",321
"jabouttti",320
"1k",319
"bridge",319
"emirunod",319
"land",319
"singsmic",319
"strat",319
"doc",319
"awareness",318
"diet",318
"event",318
"lfg",318
"q",318
"resident",318
"coughing",318
"doitpussy",318
"pepojs",318
"belt",317
"excuses",317
"heyy",317
"hole",317
"score",317
"los",317
"sharma",317
"vet",317
"lololol",316
"fps",316
"spawn",316
"thon",316
"vents",316
"32",315
"absolutely",315
"shiii",315
"strikes",315
"yump",315
"booty",314
"bright",314
"shiza",314
"bradxcrockett",314
"driver",314
"ahead",313
"creed",313
"damage",313
"dis",313
"invited",313
"massive",313
"pride",313
"sourpls",313
"boggles",313
"s00n",312
"rdcwes",312
"leg",311
"legs",311
"mmmmmm",311
"negative",311
"ono",311
"starts",311
"exemfloss",311
"widespeedcall",311
"5head",310
"jebaited",310
"teatime",310
"tickets",310
"mattress",310
"aamishrave",310
"abt",309
"duh",309
"qt",309
"shipping",309
"squirrel",309
"uber",309
"wings",309
"chun",309
"bait",308
"beating",308
"ooooooo",308
"period",308
"porosad",308
"record",308
"elislookup",308
"hihand",308
"haskell",308
"excuse",307
"failed",307
"gen",307
"hacked",307
"nuke",307
"pic",307
"pressure",307
"vivet",307
"mrkeemyikes",307
"48",306
"asleep",306
"helmet",306
"popcorn",306
"carne",306
"raeblob",306
"dancing",305
"fly",305
"kitty",305
"lemon",305
"loooool",305
"range",305
"raw",305
"tree",305
"spray",305
"christ1447w",305
"computer",304
"poll",304
"trailer",304
"master",304
"spend",304
"teammates",304
"confused",303
"widechudpopcorn",303
"aight",302
"dreamcon",302
"female",302
"table",302
"uhhhh",302
"almawash2q8",301
"college",301
"grass",301
"dj",301
"taco",301
"speroseq",301
"malek",301
"belgium",301
"awwwww",300
"city",300
"otw",300
"stinkyglitch",300
"4th",299
"become",299
"hahahahahahaha",299
"jokes",299
"meal",299
"skin",299
"sideeye",299
"temu",299
"anga",299
"zivblues",299
"pebble",299
"barely",298
"coke",298
"excited",298
"harry",298
"shadow",298
"boring",297
"fish",297
"form",297
"tall",297
"aza",297
"ayeee",296
"gracie",296
"bnrraid",296
"stabel",296
"bell",295
"freak",295
"juice",295
"cereal",295
"fashion",295
"ip",295
"bite",294
"goblinjam",294
"million",294
"tank",294
"opening",294
"waste",294
"nms",294
"accept",293
"google",293
"hates",293
"kitchen",293
"slam",293
"slop",293
"dih",293
"chatters",292
"sun",292
"howdowetellhim",292
"aisha",292
"peeponorway",292
"homecoming",292
"bottle",291
"tbf",291
"drrespect",291
"crackathon",291
"cancel",290
"oui",290
"reset",290
"scene",290
"jarvis",290
"ricky",290
"timer",290
"cricket",290
"caseoh",289
"noted",289
"ohmydog",289
"threw",289
"trap",289
"wowie",289
"driving",289
"write",289
"aamishpedro",289
"10000",288
"exemegalul",288
"lemme",288
"nervous",288
"cuck",288
"tuckk",288
"asada",288
"alumni",288
"spiderman",287
"pocket",287
"danger",286
"prof",286
"rayasishake",286
"ying",286
"cigga",285
"health",285
"knees",285
"worked",285
"drops",285
"mask",285
"1hp",285
"7cinema",285
"allowed",284
"animal",284
"bow",284
"ignore",284
"jtw",284
"emleh",284
"china",283
"clanker",283
"intheirbag",283
"addieshake",283
"bong",282
"hurts",282
"hypocrite",282
"kappapride",282
"soft",282
"attack",281
"famous",281
"paper",281
"lettuce",281
"junko",281
"concerned",280
"galaxy",280
"honey",280
"queue",280
"singer",280
"muscle",280
"2000",279
"accepted",279
"park",279
"west",279
"training",279
"norway",279
"battle",278
"cin",278
"faze",278
"hype",278
"soul",278
"awake",277
"lion",277
"tomato",277
"track",277
"mud",277
"fears",277
"notafurry",277
"server",276
"castle",276
"garage",276
"noodle",276
"branch",276
"240hz",276
"asl",275
"bunch",275
"fam",275
"horse",275
"promo",275
"benjy",275
"accurate",274
"flip",274
"heat",274
"ipad",274
"letting",274
"names",274
"angles",274
"dxcat",274
"hvd",274
"spacedoutfrm901",274
"kenton",274
"brown",273
"havent",273
"jamgie",273
"mukbang",273
"ayoooo",272
"crowd",272
"english",272
"mate",272
"rigged",272
"date",272
"drinking",272
"shorty185laugh",272
"cop",271
"bo3",271
"fff",271
"hswp",271
"mau5",271
"frat",271
"ayeeee",270
"dashdive",270
"shift",270
"iceman",270
"bs",269
"canada",269
"duck",269
"popeyes",269
"yooooooo",269
"couple",269
"ski",269
"tews",269
"arm",268
"keyboard",268
"rather",268
"size",268
"wipe",268
"annavalatine",268
"spurs",268
"yrgelfg",268
"29",267
"block",267
"dope",267
"flower",267
"hopefully",267
"boots",267
"whitechocolate",267
"75",266
"ahhhh",266
"ima",266
"ohhhh",266
"ponytail",266
"thru",266
"wouldnt",266
"cheater",266
"ffff",266
"hdmi",266
"permanently",266
"thathit",266
"111",265
"butt",265
"entire",265
"helping",265
"version",265
"12k",264
"ability",264
"broo",264
"build",264
"fear",264
"ou",264
"plink",264
"retire",264
"proving",264
"catvape",264
"dancer",263
"emotes",263
"i'd",263
"plane",263
"stall",263
"ace",263
"cuh",262
"gigachad",262
"easier",262
"jynxi",262
"smelly",262
"ryakarr",262
"zertz821",262
"brought",261
"ping",261
"sandwich",261
"400",261
"nmphey",261
"nina",261
"fofa",261
"built",260
"dear",260
"everytime",260
"meeting",260
"monster",260
"risk",260
"glitchnrg",260
"golden",260
"seige",260
"aishah",260
"amen",259
"callme992glaze",259
"contract",259
"eh",259
"fridge",259
"given",259
"mfer",259
"ugh",259
"ry",259
"prod",259
"dm",258
"hmmmm",258
"stomach",258
"escape",258
"tpain",258
"peepobelgium",258
"3k",257
"cars",257
"common",257
"ctrl",257
"guest",257
"haven't",257
"history",257
"kaicgimmiegold",257
"ruin",257
"socute",257
"tough",257
"lay",257
"wire",257
"90",256
"cart",256
"host",256
"camp",256
"counter",256
"saysykk",256
"ada",255
"allegations",255
"color",255
"cow",255
"jk",255
"dogshit",255
"fk",255
"ingest",255
"aren",254
"blow",254
"lives",254
"omggg",254
"wwwwwwwwwwwww",254
"christ1447lmaooo",254
"british",253
"dayum",253
"dip",253
"nerd",253
"noooooooo",253
"paint",253
"patient",253
"songs",253
"messy",253
"lacys",253
"boi",252
"esfand",252
"jit",252
"pee",252
"stabedance1",252
"aren't",251
"brand",251
"triple",251
"wha",251
"yours",251
"levitate",251
"brit",250
"chin",250
"looooool",250
"maj",250
"selling",250
"sperosparty",250
"torta",250
"dare",249
"five",249
"knowing",249
"sec",249
"soooo",249
"depth",249
"hunter",249
"coconut",249
"rosii's",249
"foil",249
"tdspopdancing",249
"ayoo",248
"background",248
"bored",248
"correct",248
"hahahah",248
"hug",248
"ittt",248
"monkas",248
"natural",248
"npc",248
"pray",248
"winner",248
"deranked",248
"arc",247
"cannot",247
"gurl",247
"whoa",247
"yelling",247
"runnn",247
"runnnn",247
"tombraid",247
"yeet",247
"imscared",247
"tk",247
"jkinsjedi",247
"thorn",247
"yrgjosh",247
"damnnn",246
"er",246
"honest",246
"nmp",246
"yh",246
"elo",246
"caseohkittyyy",246
"vibelag",246
"000",245
"2k",245
"fox",245
"hunger",245
"scammed",245
"court",245
"odemption",245
"13k",245
"mrkeemsturdy",245
"mkochadstare",245
"80",244
"ayyyyy",244
"dansgame",244
"idiots",244
"lolllll",244
"og",244
"per",244
"plastic",244
"warm",244
"lebronslowdown",244
"folk",243
"learned",243
"lore",243
"rq",243
"setting",243
"wassup",243
"whatttt",243
"fanumsad",243
"cafe",242
"explain",242
"fact",242
"sayin",242
"videos",242
"widespeedlemon",242
"kittyhype",242
"bxhonccircle",242
"bean",241
"meesterkeem",241
"sis",241
"stinky",241
"carrying",241
"matches",241
"aus",241
"aiming",240
"desk",240
"exemflushed",240
"living",240
"nooooooooo",240
"edt",240
"waga",240
"bbc",239
"closer",239
"extraemily",239
"store",239
"troll",239
"wife",239
"keys",239
"losses",239
"theagency5head",239
"caseohdailydoodledance",239
"hoodiedrake",238
"penis",238
"surprised",238
"talkin",238
"desert",238
"tag",238
"town",238
"ref",238
"genly",238
"plague",238
"oled",238
"depressed",237
"grubba",237
"hiiiii",237
"movement",237
"shoutout",237
"sweater",237
"tap",237
"washed",237
"teachers",237
"nmprave",237
"28",236
"everyday",236
"gotten",236
"headphones",236
"miz",236
"paying",236
"quality",236
"style",236
"weirdo",236
"burgers",236
"ro",236
"coochie",236
"bought",235
"indeed",235
"boutta",235
"runaway",235
"runn",235
"thyothlul",235
"basket",235
"band",234
"bruhh",234
"kidmystic99",234
"mention",234
"mobile",234
"positive",234
"sending",234
"susge",234
"sapphire",234
"begwan",234
"sgsmoospideytwerk",234
"49",233
"choice",233
"cinnaeyes",233
"la1ahad1",233
"pjsalt",233
"showed",233
"speaker",233
"luckyzeal",233
"druskidance",233
"chickens",232
"james",232
"nmpl",232
"ohno",232
"rare",232
"sludge",232
"helps",232
"inuyoface",232
"placement",232
"useless",232
"benji",232
"backpack",231
"board",231
"film",231
"merch",231
"online",231
"pointless",231
"third",231
"fold",231
"doakessussy",231
"shaggyrun",231
"bracket",231
"chatting",230
"nuts",230
"turning",230
"fowl",230
"rooms",230
"screaming",230
"turtle",230
"omespeechless",230
"plinkvibe",230
"felt",229
"frfr",229
"giveplz",229
"lmfaooooooooo",229
"sabaping",229
"wallahi",229
"display",229
"freeze",229
"christ1447turnitup",229
"flow",228
"ggg",228
"gorgeous",228
"lean",228
"volume",228
"youll",228
"location",228
"tahaha",228
"suburb",228
"dmr",228
"appreciate",227
"brb",227
"callme9928k",227
"expect",227
"omgggg",227
"wouldn't",227
"cheer",227
"ed",227
"insta",227
"lagging",227
"powerpoint",227
"slept",227
"unless",227
"fry",226
"mvp",226
"robot",226
"stealing",226
"teeth",226
"workout",226
"lawyer",226
"fuckyoufuckyou",226
"delusional",225
"taste",225
"toes",225
"helicopter",225
"scream",225
"cinnalove",225
"yaallah",225
"beef",224
"goofy",224
"plug",224
"poop",224
"snake",224
"stone",224
"yrgehaha",224
"7k",223
"address",223
"dress",223
"experience",223
"hire",223
"messed",223
"moved",223
"you've",223
"cable",223
"enemy",223
"clocked",223
"wardrobe",223
"aired",222
"book",222
"crib",222
"itttt",222
"beer",222
"classes",222
"loo",222
"mcat",222
"thatsmytruck",222
"above",221
"gaypride",221
"interview",221
"somehow",221
"tasty",221
"tom",221
"widespeedconfused",221
"between",220
"cursed",220
"fav",220
"kia",220
"scrajj",220
"street",220
"knowledge",220
"seek",220
"talks",220
"fifa",220
"cinnaw",219
"dangerous",219
"diff",219
"flashing",219
"followers",219
"frame",219
"hmmmmm",219
"jackson",219
"karaoke",219
"wwwwwwwwwwwwww",219
"whoareyou",219
"stbl",219
"hoco",219
"1111",218
"mword",218
"twitchlit",218
"gamers",218
"kapow",218
"raeoda",218
"album",217
"chickenrun",217
"clearly",217
"firsttimechadder",217
"future",217
"piss",217
"south",217
"truck",217
"six",217
"rosiiwemu",217
"blackjack",217
"55",216
"cake",216
"cinnac",216
"everywhere",216
"healthy",216
"lesson",216
"oneguy",216
"peepogiggles",216
"lwk",216
"seat",216
"pear4",216
"nugget",216
"alarm",215
"hahah",215
"president",215
"shame",215
"share",215
"byeeee",215
"revive",215
"olay",215
"snoworries",215
"65",214
"hearing",214
"important",214
"lmaooooooooooooo",214
"loved",214
"nmp7",214
"onions",214
"playlist",214
"sight",214
"views",214
"bush",214
"choke",214
"rdcdiddylee3",214
"exemerm",214
"ome13",214
"thatgirledenn",214
"caitthinking",214
"confirmed",213
"desktop",213
"gaslighting",213
"gaze",213
"wakey",213
"theagencycozy",213
"absolute",212
"adds",212
"broooo",212
"cinnabells",212
"ewwwwwww",212
"grow",212
"singsnote",212
"urself",212
"commands",212
"jynxzibadaim",212
"cluelessroses",212
"soneybun",212
"beast",211
"bih",211
"chips",211
"goooooo",211
"punk",211
"spin",211
"tmrw",211
"whoever",211
"carrot",211
"rdcdiddylee",211
"wasted",211
"bouncinonit",211
"marble",211
"apply",210
"nerdge",210
"snipe",210
"nap",210
"teammate",210
"widechud",210
"30k",209
"dragon",209
"jammies",209
"nuggets",209
"reminds",209
"walmart",209
"connection",209
"lead",209
"ticket",209
"widecinnanod",209
"vikki",209
"muffin",209
"janitors",209
"exembruh",208
"plus",208
"silence",208
"cucumber",208
"sodanopers",208
"arkyszdancing",208
"bedge",207
"corn",207
"dummy",207
"mmmmmmm",207
"tattoo",207
"zoi",207
"cheerstothat",207
"schedule",207
"site",207
"swap",207
"sweat",207
"walls",207
"duel",206
"homeless",206
"raise",206
"san",206
"addict",206
"donuts",206
"forest",206
"sakura",206
"streamm",206
"kittyignore",206
"gadget",206
"supd",206
"50k",205
"anime",205
"area",205
"cousin",205
"note",205
"wojitoo",205
"worldwide",205
"cinnanom",205
"fein",205
"goon",205
"jebasted",205
"ps5",205
"seg",205
"bouta",204
"deserves",204
"hall",204
"hoodiestare",204
"ops",204
"pokémon",204
"takenrg",204
"forward",204
"sweep",204
"ranch",204
"wendy",204
"drummer",204
"peepospain",204
"justice",203
"marker",203
"shark",203
"daum",203
"rosiis",203
"bnrlmao",203
"47",202
"arkansas",202
"beach",202
"bud",202
"cheeks",202
"east",202
"empty",202
"hood",202
"liemeter",202
"numbers",202
"rapthis",202
"received",202
"sat",202
"thatsenough",202
"assept",202
"passed",202
"role",202
"tmr",202
"janitor",202
"hahadreidel",202
"fits",201
"gum",201
"sir",201
"suit",201
"trick",201
"yesssssss",201
"cherry",201
"hz",201
"pizzatime",201
"plate",201
"ear",200
"gopissgirl",200
"totally",200
"gooner",200
"network",200
"bullying",199
"drinks",199
"flat",199
"forhead",199
"peepoclap",199
"que",199
"somewhere",199
"toast",199
"falling",199
"twith",199
"begging",198
"brush",198
"crashing",198
"impossible",198
"jasontheween",198
"joking",198
"non",198
"ride",198
"staying",198
"typing",198
"sureee",198
"cindy",198
"250",197
"breaks",197
"dash",197
"homie",197
"myself",197
"reverse",197
"donut",197
"gm",197
"management",197
"monkeys",197
"plot",197
"spoon",197
"wing",197
"worried",197
"blakkh1hypedup",197
"brownie",197
"yourragegaming",197
"tobi",197
"charged",196
"children",196
"exemhey",196
"liar",196
"oooooooo",196
"11k",196
"druskirun",196
"offside",196
"07",195
"bird",195
"cinnaaaaaa",195
"ds",195
"ho",195
"widepeepohigh",195
"yoooooooo",195
"raygun",195
"anti",194
"average",194
"braids",194
"comment",194
"couldn't",194
"doo",194
"fresh",194
"glazing",194
"grill",194
"robin",194
"stronger",194
"wave",194
"pillow",194
"cams",194
"wemby",194
"bunny",193
"couldnt",193
"damnn",193
"deaf",193
"hating",193
"kaiccryy",193
"naruto",193
"purpose",193
"seem",193
"ship",193
"stars",193
"yum",193
"miles",193
"shitty",193
"jey",193
"jakey",193
"markusking",193
"perception",193
"rosiiiipokemonnn",193
"dollars",192
"gf",192
"jumpscare",192
"pressed",192
"wholesome",192
"mogging",192
"shotgun",192
"balesh",192
"ohnono",192
"vivalamexico",192
"goldencoldbloodedshinglejebaited",192
"award",191
"goddamn",191
"loop",191
"tactical",191
"walked",191
"awful",191
"carlsmile",191
"footyellow",191
"fossabot",191
"model",191
"notice",191
"strats",191
"tvu",191
"blklghtjump",191
"blood",190
"bringing",190
"exemlul",190
"kaicblm",190
"monkey",190
"report",190
"view",190
"camping",190
"glass",190
"yoga",190
"frying",189
"loooooool",189
"rent",189
"shouldve",189
"tip",189
"drivers",189
"donda",189
"ight",188
"situation",188
"usually",188
"fruit",188
"germany",188
"knock",188
"timmy",188
"speroscatjam",188
"w5",188
"bonnies",188
"kittylove",188
"basedgod",187
"chest",187
"donowall",187
"gaslight",187
"lyrics",187
"scan",187
"skinny",187
"supertf",187
"til",187
"xdding",187
"static",187
"streammm",187
"drew",187
"mohotayane",187
"apparently",186
"aurathehashira",186
"choo",186
"elden",186
"fym",186
"slap",186
"alma",186
"couch",186
"omgbowe",186
"punching",186
"sweaty",186
"grapes",186
"raehi",186
"bnrbongo",186
"justhenry1",186
"36",185
"champion",185
"jersey",185
"jumped",185
"kkonaw",185
"meme",185
"stopped",185
"eden",185
"rages",185
"widespeedpoint",185
"rgezmazvvdmqp6yd",185
"dylans74getwild",185
"along",184
"buying",184
"doordash",184
"legend",184
"mike",184
"nahhhhh",184
"praying",184
"prove",184
"remind",184
"corgiderp",184
"grenade",184
"heyheyguys",184
"nmpfeels",184
"stink",184
"chazzachaos",184
"bear",183
"comin",183
"difference",183
"emiruclap",183
"except",183
"following",183
"goblin",183
"haven",183
"professional",183
"sadly",183
"slayyyed",183
"ttours",183
"wwwwwwwwwwwwwww",183
"epic",183
"mog",183
"parking",183
"raenod",183
"34",182
"39",182
"arms",182
"choose",182
"earth",182
"height",182
"shits",182
"240",182
"charge",182
"1334",182
"turnup",182
"born",181
"swim",181
"wig",181
"334",181
"anon",181
"quite",181
"weather",181
"yr",181
"rawkout",181
"tdspopdancing2",181
"gemnalien",181
"edits",180
"fatass",180
"goals",180
"heyyy",180
"lmaoooooooooooooo",180
"raes",180
"sim",180
"xbox",180
"punishment",180
"solid",180
"stinkycheese",180
"wide",180
"uso",180
"uninstall",180
"apologize",179
"context",179
"diss",179
"iron",179
"medical",179
"shoulda",179
"showlove1",179
"uncomfortable",179
"blakkh1fyeah",179
"breach",179
"planning",179
"soldier",179
"wwe",179
"sahur",179
"kapkan",179
"a2guapjam",179
"badgec1fire",179
"suki",179
"aswell",178
"code",178
"dogs",178
"knife",178
"meeee",178
"notes",178
"rough",178
"tht",178
"wdym",178
"cleaning",178
"lewis",178
"virtualhug",178
"tung",178
"blink",177
"destroy",177
"hoe",177
"hola",177
"proof",177
"rules",177
"sky",177
"defense",177
"dino",177
"entrance",177
"lightning",177
"sunset",177
"emilyccandimissyou",177
"spectator",177
"120",176
"4head",176
"9k",176
"bangs",176
"bench",176
"boost",176
"furry",176
"llll",176
"louder",176
"pepew",176
"picked",176
"username",176
"125",176
"bucket",176
"cinnaprime",176
"leaks",176
"lockin",176
"chrixyyt",176
"nmpd",176
"cinnacheer",176
"angry",175
"announcement",175
"bubble",175
"callme992sturdy",175
"especially",175
"exemily",175
"freaking",175
"machine",175
"session",175
"breeze",175
"candy",175
"playin",175
"oilygenerousbottlecoolstorybro",175
"thjgt",175
"raevibe",175
"rosiiiii",175
"chameleon",175
"3000",174
"comm",174
"jackass",174
"position",174
"rose",174
"sheesh",174
"should've",174
"thx",174
"ummm",174
"yk",174
"yummy",174
"newrecord",174
"thunder",174
"umbrella",174
"joebartraid",174
"callme992laugh",173
"comp",173
"erobb",173
"inna",173
"rush",173
"shaking",173
"zesty",173
"finger",173
"jug",173
"others",173
"climb",173
"jungle",173
"70",172
"blocked",172
"clown",172
"damnnnn",172
"flying",172
"gifts",172
"karma",172
"koi",172
"lmfaoooooooooo",172
"mhmm",172
"michael",172
"moon",172
"ptsd",172
"regular",172
"spelling",172
"taken",172
"tha",172
"wisdom",172
"wsp",172
"demons",172
"secret",172
"stephleeragingbear",172
"bnrcheering",172
"amount",171
"decent",171
"files",171
"humble",171
"itt",171
"meeeee",171
"parasocial",171
"saveme",171
"unsub",171
"visit",171
"bodango",171
"positioning",171
"theagencylove",171
"mbappe",171
"360",170
"cheated",170
"fanumlmaooooo",170
"followage",170
"nightmare",170
"silent",170
"spit",170
"thoughts",170
"vanilla",170
"baker",170
"bbq",170
"pet",170
"voices",170
"crine",170
"obsession",170
"yrgenooo",170
"sliver",170
"battery",169
"chip",169
"mexican",169
"posted",169
"promise",169
"realize",169
"vp",169
"woooo",169
"2222",169
"clover",169
"blakkh1yay",169
"aaaaaaaaa",169
"sadding",169
"shaggy",169
"catrave",168
"easily",168
"flex",168
"known",168
"ooh",168
"poggies",168
"pokimane",168
"spell",168
"tour",168
"wooooo",168
"yell",168
"aly",168
"bill",168
"delayed",168
"fffff",168
"wasting",168
"bkawzy7ez",168
"rosiiwxiexie",168
"11111",167
"accent",167
"application",167
"canceled",167
"dig",167
"download",167
"kai's",167
"kaicdubs",167
"mee",167
"met",167
"mm",167
"talked",167
"tmi",167
"yah",167
"hanger",167
"leafvitt",167
"checking",166
"gah",166
"gambling",166
"gaygeclap",166
"glue",166
"pork",166
"spanish",166
"tax",166
"cheats",166
"limit",166
"meee",166
"peek",166
"jynxzicopper",166
"8k",165
"aang",165
"episode",165
"filter",165
"gg's",165
"lied",165
"race",165
"revenge",165
"rid",165
"roblox",165
"sees",165
"smooth",165
"sports",165
"squad",165
"trippin",165
"youve",165
"clash",165
"runnnnn",165
"wtfff",165
"okak",165
"prom",165
"enzo",165
"ayeeeee",164
"breathing",164
"icl",164
"scare",164
"switched",164
"wouldn",164
"wym",164
"footgoal",164
"dontdoit",164
"saddle",164
"breh",163
"chaos",163
"chew",163
"cuteee",163
"dennis",163
"elevator",163
"expensive",163
"fingers",163
"wooo",163
"wut",163
"category",163
"jynxzigoodaim",163
"losers",163
"salt",163
"ayaya",162
"calls",162
"field",162
"fw",162
"imtyping",162
"iq",162
"peeporun",162
"questions",162
"scripted",162
"snack",162
"snap",162
"sounded",162
"sword",162
"usage",162
"coaching",162
"frick",162
"soap",162
"violence",162
"t10rave",162
"friendly",161
"hanging",161
"happend",161
"nyc",161
"pjsugar",161
"spring",161
"44",161
"bowl",161
"earthquake",161
"example",161
"packed",161
"zdnvr",161
"autism",160
"bun",160
"ex",160
"fever",160
"further",160
"gifters",160
"jojo",160
"mickey",160
"ole",160
"pony",160
"smaller",160
"sooooo",160
"usual",160
"birds",160
"coms",160
"insurance",160
"ronaldo",160
"spent",160
"wallet",160
"updates",160
"kaicyougoodmud",160
"theagencyforeheadshine",160
"yrgecinema",160
"mkoella",160
"20k",159
"actor",159
"artist",159
"frenn",159
"leaking",159
"luv",159
"ninja",159
"pure",159
"rice",159
"saving",159
"throat",159
"wheelchair",159
"amazon",159
"badge",159
"bon",159
"reference",159
"gustavlto",159
"thor",159
"emirucheer",159
"42",158
"checked",158
"complaining",158
"cross",158
"depression",158
"giant",158
"juneteenth",158
"ol",158
"omgg",158
"sausage",158
"smells",158
"timed",158
"stressed",158
"yoink",158
"theagencylaugh",158
"sponge",158
"a2guapo",158
"ayooooo",157
"buggin",157
"fanumdembow",157
"grippy",157
"multiple",157
"rise",157
"she'll",157
"shiiii",157
"square",157
"farts",157
"hoodies",157
"issues",157
"rounded",157
"virus",157
"aussies",157
"ranks",157
"olive",157
"dantes",157
"3heading",156
"alinity",156
"bart",156
"circle",156
"copy",156
"fck",156
"fiddy",156
"hasnt",156
"mizkif",156
"performance",156
"silly",156
"social",156
"target",156
"towel",156
"emirudance",156
"tablet",156
"thin",156
"xqccheer",156
"fuh",156
"raining",156
"delon",156
"nmpdanse",156
"chocolatsavage",156
"damm",155
"danse",155
"genius",155
"large",155
"ny",155
"remove",155
"shine",155
"tears",155
"yesyes",155
"hybrdgonzo",155
"freerosii",155
"aurafarming",155
"bnrsubs",155
"t10lesgo",155
"asshole",154
"captain",154
"dollar",154
"exemplot",154
"fail",154
"hahahahahahahaha",154
"info",154
"lmaooooooooooooooo",154
"pookie",154
"problems",154
"slayy",154
"tune",154
"bigphish",154
"blurry",154
"hows",154
"asthma",154
"megatron",154
"theagencycheer",154
"alveusstompy",154
"crosshair",154
"crime",153
"farmer",153
"ffs",153
"innocent",153
"it'll",153
"magic",153
"meds",153
"mentioned",153
"tape",153
"beanbag",153
"cheap",153
"jasont2sturdy",153
"rule",153
"sand",153
"semi",153
"sureeee",153
"yoxic",153
"600",152
"7tv",152
"ab",152
"fawk",152
"floppy",152
"hithere",152
"jjk",152
"lllll",152
"unmute",152
"yapper",152
"highjam",152
"touching",152
"cameramen",152
"aliena26alienlol",152
"diabolical",151
"fs",151
"laggy",151
"liked",151
"ouuuu",151
"snipers",151
"wolf",151
"comeback",151
"lighter",151
"medicine",151
"predictions",151
"aloo",150
"el",150
"gunna",150
"hahahahah",150
"nomnom",150
"sleepover",150
"spongebob",150
"ups",150
"yeahhh",150
"steps",150
"seggy",150
"aintnaurway",149
"chief",149
"nut",149
"rep",149
"therapy",149
"moshi",149
"perks",149
"stack",149
"tornado",149
"rosiimum",149
"cinnachopped",149
"quad",149
"venmocubee",149
"ayyyyyy",148
"comfy",148
"credit",148
"handsome",148
"lamp",148
"logs",148
"mmmmmmmm",148
"needa",148
"neither",148
"personal",148
"recoil",148
"skills",148
"unfortunately",148
"wwwwwwwwwwwwwwww",148
"110",148
"booger",148
"busted",148
"pregnant",148
"alcohol",148
"4love",147
"bussin",147
"charlie",147
"obviously",147
"ragey",147
"rap",147
"steak",147
"addicted",147
"jacobakachucky",147
"scotland",147
"homage",147
"chillin",146
"despairge",146
"doubt",146
"dropping",146
"fuk",146
"goodness",146
"joever",146
"mj",146
"nmpc",146
"uno",146
"writer",146
"grape",146
"mission",146
"tuck",146
"wee",146
"katie",146
"arby",146
"69",145
"6k",145
"awe",145
"dudes",145
"noooooooooo",145
"return",145
"snow",145
"wood",145
"york",145
"heal",145
"jumping",145
"library",145
"lobbies",145
"staffs",145
"flats",145
"widespeeddesert",145
"m4rijam",145
"darth",145
"zaxbys",145
"novasshift",145
"added",144
"ahhhhh",144
"awwwwww",144
"cinnaphile",144
"comfortable",144
"connect",144
"cracked",144
"fully",144
"growing",144
"omegadancebutfast",144
"pausershype",144
"realized",144
"runs",144
"stayed",144
"winna",144
"22222",144
"anybody",144
"disrespectful",144
"waffles",144
"eleana",144
"chillvybz868",144
"autistic",144
"partypopper",144
"asuna120whiteheart",144
"cinddyturnituppppp",144
"chick",143
"crunch",143
"emirupls",143
"he'll",143
"inc",143
"medium",143
"typeshit",143
"viewer",143
"wine",143
"jsut",143
"loses",143
"tight",143
"plates",143
"irv2961",143
"nmpballer",143
"artkins",143
"itsjustcontent",143
"katchiiahaha",143
"beep",142
"beg",142
"caitlyns",142
"cena",142
"clears",142
"corny",142
"elite",142
"emo",142
"greedy",142
"hopping",142
"keeping",142
"ooooooooo",142
"pose",142
"quote",142
"snitches",142
"split",142
"cm",142
"juicy",142
"thatonebird8231",142
"tryingnottolaugh",142
"yogurt",142
"cinnaupdatess",142
"rdcwylan",142
"americans",141
"bank",141
"chooo",141
"jackthetwrk",141
"kicking",141
"ohhhhh",141
"opened",141
"possibly",141
"science",141
"whose",141
"youuu",141
"faith",141
"married",141
"musty",141
"parasite",141
"slenderman",141
"teleport",141
"mmhmm",141
"professors",141
"sport",141
"casters",141
"yrgecthulu",141
"cobblemon",141
"convo",140
"folded",140
"ladies",140
"male",140
"photo",140
"pushed",140
"relationship",140
"tiny",140
"trapped",140
"wonkystare",140
"yourrage",140
"cooldown",140
"cooper",140
"covid",140
"fireworks",140
"reflection",140
"comming",140
"emirulove",140
"stljr2009",140
"arriba",140
"slurs",140
"theagencynervous",140
"theatrinidad",140
"depends",139
"idc",139
"ing",139
"ion",139
"jasons",139
"planet",139
"waking",139
"we'll",139
"bob",139
"pmo",139
"seats",139
"bonnie's",139
"aruni",139
"leafvipepa",139
"ijustl5goldw",139
"clone",138
"couldn",138
"failfish",138
"goood",138
"helped",138
"jam",138
"judge",138
"keking",138
"language",138
"loving",138
"poggers",138
"protect",138
"typical",138
"upgrade",138
"gymshark",138
"larps",138
"buses",138
"pascal131kuiken",138
"bruhhh",137
"chose",137
"cooler",137
"creepy",137
"miserable",137
"refund",137
"virginia",137
"holo",137
"roommate",137
"blitz",137
"yrgeeviljit",137
"waltervibe",137
"shoey",137
"fountain",137
"tbpeanutpeanutfulldance",137
"agent's",136
"bop",136
"feelsbitrateman",136
"figure",136
"hasan",136
"literal",136
"murder",136
"naka",136
"praise",136
"prison",136
"smash",136
"stank",136
"thursday",136
"uncle",136
"fed",136
"olds",136
"sniping",136
"swimming",136
"kangaroo",136
"juliancart",136
"heals",136
"sarah",136
"gamerhood",136
"2x",135
"brooooo",135
"deleted",135
"drill",135
"emiruyay",135
"engineer",135
"koncha",135
"loose",135
"ms",135
"oma",135
"reallymad",135
"weekend",135
"wonderful",135
"zone",135
"dps",135
"forsenpls",135
"interested",135
"ralpherz",135
"applausebreak",135
"fuckass",135
"thatsaserve",135
"caseohsdingleberries89",135
"bnrl",135
"acc",134
"cuphead",134
"older",134
"rs",134
"spicy",134
"swag",134
"technically",134
"zoom",134
"erick",134
"goodmorning",134
"opposite",134
"peaking",134
"chairs",134
"mingo",134
"ewccrush",134
"mkopog",134
"agency",133
"baited",133
"complete",133
"contact",133
"cus",133
"dressed",133
"force",133
"genuine",133
"grinding",133
"immediately",133
"jobs",133
"latina",133
"lighting",133
"named",133
"overlay",133
"plsss",133
"serioussloth",133
"tripping",133
"uhhhhh",133
"users",133
"vision",133
"85",133
"drums",133
"economy",133
"grip",133
"infinite",133
"instagram",133
"miami",133
"origins",133
"pretend",133
"raffle",133
"redbull",133
"rae's",133
"tdspopdancing3",133
"blaming",132
"cinn",132
"cinnnaaaa",132
"collabs",132
"fatty",132
"hasn't",132
"ishowspeed",132
"jasont2gap",132
"jealous",132
"lick",132
"mustard",132
"oldge",132
"pancakes",132
"pepejam",132
"strange",132
"sugar",132
"theme",132
"watermelon",132
"wondering",132
"asap",132
"beans",132
"dangerdance",132
"heaven",132
"punched",132
"shroudsayingl",132
"ilysalt",132
"subway",132
"cloudy",132
"kane",132
"realbl31dwerk",132
"summerslam",132
"warnnaenae",132
"4000",131
"anywhere",131
"buh",131
"cardio",131
"carpet",131
"cinnaaaaaaa",131
"defend",131
"mario",131
"mixed",131
"roof",131
"boxing",131
"catching",131
"closet",131
"console",131
"creative",131
"downstairs",131
"knee",131
"longest",131
"pen",131
"shave",131
"upside",131
"yayyy",131
"dye",131
"dontai",131
"assistant",131
"jynxzipunch",131
"tehepelo",131
"hyoon",131
"yerba",131
"cameras",130
"deadge",130
"fkn",130
"ittttt",130
"meta",130
"opp",130
"ratio",130
"respectfully",130
"robbed",130
"spark",130
"tos",130
"updated",130
"wtffff",130
"anotherrecord",130
"fortone",130
"lift",130
"tearglove",130
"frost",130
"mogs",130
"brazil",130
"wrist",130
"frostyau",130
"cinddyvibe",130
"alien",129
"auto",129
"killer",129
"original",129
"scroll",129
"tooo",129
"violent",129
"yooooooooo",129
"bone",129
"bull",129
"charity",129
"ily",129
"painting",129
"pitch",129
"tpfufun",129
"ome18",129
"mushivibe",129
"raeclaps",129
"peepojapan",129
"badgecolright",129
"blacklivesmatter",128
"cinnabon",128
"crush",128
"eater",128
"lollllll",128
"looooooool",128
"market",128
"nowhere",128
"pepelost",128
"ritual",128
"sheedsummeremote",128
"slip",128
"survive",128
"toy",128
"trigger",128
"typed",128
"wouldve",128
"130",128
"apart",128
"deny",128
"dies",128
"fov",128
"puzzle",128
"roses",128
"sniper",128
"trainer",128
"goodone",128
"santi",128
"asstralia",128
"emus",128
"sweden",128
"across",127
"africa",127
"burnt",127
"cheffrank",127
"cutie",127
"dump",127
"girly",127
"greatest",127
"ketchup",127
"personally",127
"repeat",127
"alveus",127
"chaotic",127
"dirt",127
"holyyy",127
"phones",127
"suree",127
"waffle",127
"cinnawe",127
"nightz765",127
"yrgeslow",127
"section",127
"maurinnwmaurimeyers",127
"bdeoweenie",127
"christ1447sexy",127
"innathon",127
"badgecolleft",127
"chickenwalk",126
"cinnayay",126
"debate",126
"exemwhat",126
"humiliation",126
"illegal",126
"imo",126
"onion",126
"release",126
"whisper",126
"arkys",126
"od",126
"pardon",126
"patience",126
"denim",126
"afk",126
"trey",126
"uluraidance",126
"micticome",126
"arrived",125
"bath",125
"brainslug",125
"bug",125
"finals",125
"grace",125
"mo",125
"omggggg",125
"peer",125
"ta",125
"themselves",125
"witch",125
"boat",125
"bruno",125
"caseohlockincaseoh",125
"chop",125
"doid",125
"mango",125
"reaching",125
"recording",125
"ricci",125
"spectrum",125
"stress",125
"wicked",125
"fathom",125
"pizzagoddessvr",125
"m4riyas",125
"43",124
"asss",124
"babe",124
"ciggas",124
"dan",124
"elmo",124
"fuckyou",124
"granny",124
"jelly",124
"posture",124
"puerto",124
"sailor",124
"shooters",124
"tism",124
"valk",124
"yayyyy",124
"asmr",124
"blast",124
"ermm",124
"ffffff",124
"hiiiiii",124
"jordan",124
"kidnapped",124
"prefire",124
"autumn",124
"almawa1bigdog",124
"sauna",124
"hvdrasyay",124
"95",123
"boooo",123
"bruv",123
"changing",123
"creep",123
"haters",123
"kaiccaught4k",123
"manager",123
"net",123
"reveal",123
"search",123
"spread",123
"taller",123
"taught",123
"yu",123
"111111",123
"anger",123
"bo2",123
"mac",123
"maga",123
"maps",123
"pit",123
"positions",123
"potter",123
"public",123
"shop",123
"hosting",123
"resume",123
"ribbon",123
"41",122
"ayoooooo",122
"con",122
"dragging",122
"enjoying",122
"mars",122
"oooh",122
"sea",122
"thick",122
"translate",122
"trauma",122
"uses",122
"whysoserious",122
"infection",122
"peter",122
"hitmarkers",122
"suburbbaby",122
"mslove6dancing",122
"booo",121
"cinnnaaa",121
"forced",121
"foul",121
"mostly",121
"sleepy",121
"thrown",121
"yawn",121
"yeahhhh",121
"yessssssss",121
"fent",121
"hackermans",121
"highest",121
"pickle",121
"safety",121
"sponsored",121
"golf",121
"cathop",121
"ladydub",121
"guidance",121
"dojadance",121
"guitar",121
"hennybundance",121
"pilates",121
"shaz",121
"below",120
"buss",120
"degree",120
"fiddywtf",120
"heyyyy",120
"hm",120
"memory",120
"movies",120
"neck",120
"oops",120
"owe",120
"ruining",120
"seasoning",120
"simple",120
"whip",120
"beginning",120
"equal",120
"innn",120
"strength",120
"thicker",120
"asus",120
"fence",120
"agagun",120
"jaboutti",120
"raenote",120
"rosiiscan",120
"viperusbuttcheeks",120
"emirulookup",120
"mondo",120
"emu",120
"jeremiah",120
"chappellhop",120
"stabechopped",120
"slender",120
"51",119
"arby's",119
"bbl",119
"bee",119
"bingo",119
"christmas",119
"claim",119
"comments",119
"crreamawk",119
"drug",119
"effect",119
"feelsbadman",119
"glorp",119
"incredible",119
"likely",119
"national",119
"pepela",119
"regardless",119
"reply",119
"shoulder",119
"shouldnt",119
"stan",119
"timeout",119
"weapon",119
"alveusdance",119
"easter",119
"motii",119
"blackmail",119
"overly",119
"vest",119
"lacythugs",119
"mkohuh",119
"confidence",118
"f1",118
"gut",118
"injured",118
"instantly",118
"kidding",118
"mega",118
"callin",118
"clancy",118
"cs",118
"panda",118
"ladydu6sobb",118
"sealbr0",118
"flashes",118
"mookie",118
"aunt",117
"chewing",117
"era",117
"fricc",117
"goats",117
"hack",117
"kfc",117
"leader",117
"percent",117
"percentage",117
"pics",117
"plaqueboy4k",117
"santa",117
"smiling",117
"takingnotes",117
"uppp",117
"upset",117
"wars",117
"yippee",117
"boot",117
"cave",117
"chilling",117
"emergency",117
"gobble",117
"load",117
"meeeeee",117
"agaholics",117
"mayahis",117
"rosiistrokes",117
"huss",117
"streamw",117
"duckyd26duckyshake",117
"afraid",116
"arrow",116
"cousins",116
"cushion",116
"ewwwwwwww",116
"flirting",116
"girlfriend",116
"kendrick",116
"mafia",116
"pancake",116
"racism",116
"shouldn't",116
"station",116
"suffer",116
"worm",116
"elegiggle",116
"outro",116
"ps4",116
"thevoices",116
"anchor",116
"viperusjump",116
"gothic77redwine",116
"joebartwebelieve",116
"blazer",116
"operators",116
"ironflash2",116
"jshock",116
"800",115
"anthem",115
"borrow",115
"byeeeee",115
"characters",115
"chase",115
"cinnasmoke",115
"cost",115
"destroyed",115
"du",115
"education",115
"flu",115
"gate",115
"math",115
"messages",115
"shocked",115
"snacks",115
"va",115
"brava",115
"chainsaw",115
"franklin",115
"guard",115
"sens",115
"service",115
"soonerlater",115
"streammmm",115
"sunshine",115
"bam",115
"slammed",115
"florida",115
"pineapple",115
"classroom",115
"retake",115
"christ1447tweek",115
"cosmos",115
"summer328scubaaa",115
"umzvn1vibjo",115
"dreams",114
"enjoyed",114
"entertaining",114
"istg",114
"kekl",114
"nooooooooooo",114
"raintime",114
"sh",114
"sinna",114
"stretch",114
"warning",114
"wideteccygaysex",114
"cleaned",114
"crashed",114
"creator",114
"ps2",114
"eek",114
"landing",114
"bubonnie",114
"mutathon",114
"corners",114
"sirpin11boonda",114
"kiera",114
"cinddydance",114
"lxformgrinch",114
"37",113
"certain",113
"correctly",113
"des",113
"embarrassing",113
"followed",113
"ggz",113
"glitch",113
"ham",113
"leaves",113
"legendary",113
"mb",113
"noticed",113
"shock",113
"staring",113
"swapped",113
"tab",113
"wtff",113
"cotton",113
"quest",113
"rl",113
"shade",113
"trade",113
"violet",113
"cuteeee",113
"flicks",113
"brick",113
"paige",113
"rons",113
"wabe",113
"pd",113
"christ1447blastit",113
"38",112
"ayee",112
"dono",112
"mood",112
"princess",112
"spirit",112
"weirdos",112
"widetime",112
"wowww",112
"enemies",112
"fixing",112
"funeral",112
"gimme",112
"mentally",112
"oat",112
"puff",112
"sesh",112
"wc",112
"cactus",112
"naurrr",112
"overwatch",112
"rotate",112
"delights",112
"st0rmo1toad",112
"08",111
"afternoon",111
"career",111
"continue",111
"drip",111
"haircut",111
"hairline",111
"hp",111
"legacy",111
"opps",111
"spitting",111
"un",111
"wh",111
"whens",111
"woahhh",111
"chalk",111
"colors",111
"creators",111
"graphics",111
"minglee",111
"ocean",111
"reality",111
"slime",111
"stompn",111
"tail",111
"tickle",111
"tips",111
"kaiiii",111
"agaaware",111
"tracker",111
"choked",111
"exemmarch",111
"nmpkiss",111
"ranking",111
"vanill171raidd",111
"chatterboxgiggle",111
"arrest",110
"damnnnnn",110
"ello",110
"gooooooo",110
"gpt",110
"jackthebus",110
"jeez",110
"lmfaooooooooooo",110
"rabbit",110
"recently",110
"th",110
"treat",110
"tries",110
"ummmm",110
"weirddude",110
"cryin",110
"worker",110
"athlete",110
"ayeeeeee",110
"waka",110
"omeleave",110
"rolex",110
"header",110
"hoppers",110
"goalie",110
"jasont2weird",110
"kezza",110
"christ1447winchat",110
"borderless",110
"stabetwerkk",110
"troy",110
"guap",110
"addiction",109
"adorable",109
"baiting",109
"charm",109
"chills",109
"heads",109
"lyric",109
"onto",109
"paris",109
"peeporiot",109
"streets",109
"theory",109
"toe",109
"tongue",109
"turns",109
"yippie",109
"123",109
"60hz",109
"bust",109
"hackers",109
"parts",109
"simulator",109
"stolen",109
"thejon34hype2",109
"willow",109
"youu",109
"bj",109
"flags",109
"kaimillion",109
"stage1",109
"mkofishkopls",109
"waterfall",109
"expelling",109
"changes",108
"dap",108
"exist",108
"greet",108
"north",108
"ot",108
"skipped",108
"torture",108
"bullet",108
"lips",108
"stopping",108
"socinema",108
"dentist",108
"treasure",108
"jynxzigriddy",108
"nmpsip",108
"fbchallenge",108
"itzrep1minionlaugh",108
"vapes",108
"leafviexcuseme",108
"britishtoast71",108
"agentandaim",107
"angelthump",107
"bullied",107
"cell",107
"chinese",107
"clue",107
"drank",107
"emiruo",107
"engaged",107
"entertainment",107
"iv",107
"vote",107
"wade",107
"yeahh",107
"3outof10",107
"avoid",107
"cheers",107
"dust",107
"f4",107
"frag",107
"hasn",107
"hulk",107
"keller",107
"mizkifsleeper",107
"rub",107
"travel",107
"tutorial",107
"mas",107
"russell",107
"antonio",107
"zoileagle",107
"sleeves",107
"drunkduck0",107
"reem",107
"deji",107
"funnymike",107
"deranking",107
"hennydittodance",107
"maisiewaisie",107
"heli",107
"ijustl5blackdiamondw",107
"mkoomg",107
"99",106
"answered",106
"avatar",106
"fbpenalty",106
"frankerz",106
"lip",106
"mayor",106
"mcdonalds",106
"normally",106
"private",106
"shrimp",106
"sides",106
"subbed",106
"widepeepohappy",106
"b4",106
"general",106
"holes",106
"inn",106
"laundry",106
"lots",106
"notlistening",106
"scores",106
"sickness",106
"upstairs",106
"bta",106
"cheesecake",106
"nga",106
"irvglenn",106
"theagencyyap",106
"lime",106
"theagencymickey",106
"doil",106
"ant",105
"bones",105
"bullets",105
"certified",105
"chan",105
"chef",105
"confident",105
"exposed",105
"freezer",105
"itll",105
"lee",105
"page",105
"simply",105
"sink",105
"stats",105
"yessir",105
"belong",105
"charizard",105
"shovel",105
"hellaur",105
"rossiii",105
"undsha",105
"christ1447yeaaaa",105
"bnrspin",105
"nuclear",105
"mkosusge",105
"cardigan",105
"gallon",105
"napple",105
"becoming",104
"cinnabedge",104
"donkey",104
"ey",104
"fo",104
"huhh",104
"laughed",104
"madge",104
"peach",104
"pissing",104
"plans",104
"porn",104
"prayers",104
"uwu",104
"wrote",104
"yusuf",104
"4am",104
"finding",104
"kaicshook",104
"therapist",104
"folding",104
"apples",104
"egging",104
"omebru",104
"rebuke",104
"spitthetruth",104
"paraguay",104
"yrgemmm",104
"haaland",104
"awp",104
"jultz559",104
"sayravahhhshit",104
"20000",103
"baileinsano",103
"balance",103
"beard",103
"bother",103
"chad",103
"dot",103
"duty",103
"hoodievibe",103
"megamind",103
"personality",103
"shell",103
"sniped",103
"wise",103
"yappin",103
"you'd",103
"beauty",103
"brains",103
"decline",103
"invincible283",103
"showering",103
"touched",103
"lmfaowait",103
"weenie",103
"alyktty",103
"ankle",103
"bonathan",103
"operator",103
"unranked",103
"sheltonfire",103
"action",102
"blonde",102
"boil",102
"dlc",102
"flame",102
"kevin",102
"member",102
"mercy",102
"moly",102
"obvious",102
"oil",102
"oooooooooo",102
"protein",102
"skipping",102
"som",102
"115",102
"cutee",102
"drain",102
"due",102
"highlights",102
"mauser",102
"oz",102
"password",102
"pt",102
"raiddd",102
"recorded",102
"threat",102
"twist",102
"watchin",102
"lizard",102
"pickles",102
"surprise",102
"titan",102
"catali49picklepoke",102
"eatathons",102
"vas",102
"t10nat",102
"cutegdiamond",102
"bogg0",102
"jccaylenshots",102
"mjaylishutitson",102
"57",101
"backkk",101
"behavior",101
"belly",101
"completely",101
"crew",101
"fool",101
"held",101
"kept",101
"logic",101
"lolololol",101
"nun",101
"radio",101
"sex",101
"shaming",101
"slayyyy",101
"smack",101
"upppp",101
"wwwwwwwwwwwwwwwwww",101
"buff",101
"flames",101
"hotel",101
"instant",101
"midnight",101
"option",101
"poo",101
"resolution",101
"sabotage",101
"smth",101
"splash",101
"zen",101
"champions",101
"lacysexo",101
"bae",100
"bangers",100
"boyfriend",100
"compliment",100
"ded",100
"edge",100
"grade",100
"hittin",100
"immune",100
"llllll",100
"nopers",100
"shiny",100
"snuck",100
"soda",100
"stories",100
"drones",100
"gona",100
"haunted",100
"jammer",100
"journey",100
"places",100
"respectful",100
"toolkit",100
"dwerk",100
"jay3",100
"azami",100
"fenrir",100
"sirpin11raid",100
"waiter",100
"6th",99
"aunty",99
"backrooms",99
"basic",99
"bidness",99
"booooo",99
"bound",99
"brothers",99
"conversation",99
"cookin",99
"expected",99
"farted",99
"headset",99
"hol",99
"mane",99
"mix",99
"shopping",99
"stood",99
"streamelements",99
"towards",99
"unlocked",99
"walks",99
"would've",99
"bodies",99
"brittany",99
"darkmode",99
"painful",99
"purple",99
"storm",99
"var",99
"weee",99
"ws",99
"evidence",99
"rights",99
"mrkeempause",99
"packitup",99
"athon",99
"rockoutli",99
"tbjzl",99
"jackie",99
"meccha",99
"milli",99
"freesparda",99
"leafvireina",99
"09",98
"100000",98
"56",98
"basement",98
"exact",98
"four",98
"gawd",98
"huhhh",98
"ish",98
"klokan",98
"ksi",98
"lawd",98
"mi",98
"obama",98
"preach",98
"pump",98
"reads",98
"sentence",98
"ways",98
"widehardo",98
"1m",98
"army",98
"california",98
"cloud",98
"ddos",98
"est",98
"falls",98
"lense",98
"prediction",98
"pvp",98
"delicious",98
"shiesty",98
"exemnugget",98
"bonneh",98
"tinkle",98
"cutscenes",98
"yugi2x",98
"jynxzivapebreak",98
"yonnajw",98
"berry",97
"bitched",97
"cardboard",97
"chinna",97
"combo",97
"cosplaying",97
"effort",97
"girlies",97
"gl",97
"lovely",97
"monkalaugh",97
"omestare",97
"otk",97
"peepoleave",97
"salty",97
"shoe",97
"sht",97
"tommynfgdance3",97
"youuuu",97
"kirby",97
"levels",97
"minimum",97
"penny",97
"perk",97
"perkaholic",97
"stressing",97
"suitcase",97
"traps",97
"punoko",97
"stamp",97
"absoulam",97
"viperusdance",97
"raeeee",97
"madi",97
"cinnai",97
"arro",96
"bitches",96
"center",96
"cigrip",96
"co",96
"crossing",96
"cutting",96
"devil",96
"frank",96
"goteem",96
"hater",96
"hill",96
"law",96
"pictures",96
"pokilol",96
"slick",96
"soggy",96
"straighten",96
"struggling",96
"switching",96
"thumb",96
"trynna",96
"attempted",96
"chilll",96
"feds",96
"gifteddd",96
"jar",96
"laying",96
"mc",96
"nd",96
"parties",96
"stomped",96
"study",96
"uu",96
"runnnnnn",96
"fnaf",96
"rooting",96
"spens",96
"raeeye",96
"alveuscheer",96
"06",95
"58",95
"banter",95
"bb",95
"cartoon",95
"clout",95
"favourite",95
"friendship",95
"gma",95
"gosh",95
"hahahahahah",95
"hurting",95
"nakaab0411",95
"omds",95
"shape",95
"shouldn",95
"tables",95
"telephone",95
"woulda",95
"757",95
"crouch",95
"fullscreen",95
"halfway",95
"haul",95
"iphone",95
"letter",95
"scope",95
"unlucky",95
"cabbage",95
"bisexualpride",95
"tahahaha",95
"buttonmash",95
"magik",95
"sg",95
"heels",95
"chibu",95
"moog",95
"valorant",95
"xlhazzaxl",95
"dnmshake",95
"orrsumshanti",95
"afuevqczoqa1rsgz",95
"supadupae",95
"2025",94
"59",94
"blessed",94
"chained",94
"company",94
"cos",94
"dgaf",94
"helll",94
"matters",94
"mil",94
"mmmmmmmmm",94
"moments",94
"nopp",94
"oml",94
"pepescream",94
"picking",94
"popping",94
"stoppp",94
"warrior",94
"wayyy",94
"ween",94
"wildin",94
"woahhhh",94
"01",94
"backk",94
"balding",94
"bo",94
"disabled",94
"emirusturdy",94
"gaf",94
"mold",94
"raven",94
"transition",94
"washer",94
"wraps",94
"tied",94
"fade",94
"firstmessage",94
"getaloadofthisguy",94
"gonzo",94
"larpers",94
"talha",94
"goalllll",94
"rosiiiiii",94
"mkorave",94
"peacock",94
"christ1447dance",94
"caseohlife",94
"coffe",94
"stabehyper",94
"warnbounce",94
"135",93
"angel",93
"brokeback",93
"butler",93
"cinnnaaaaa",93
"disappointed",93
"dreads",93
"glow",93
"hostage",93
"hypers",93
"jan",93
"mile",93
"mushikiss",93
"stray",93
"sue",93
"sweating",93
"tru",93
"vocal",93
"abusing",93
"flavor",93
"hahahha",93
"holidaysanta",93
"jerry",93
"kobe",93
"lessons",93
"stomp",93
"swallow",93
"w10",93
"whistle",93
"kappu",93
"nom",93
"cinnateeth",93
"ragebaited",93
"taww",93
"dating",93
"immigration",93
"emilyyy",93
"firesighedjynxiwtf",93
"emilyyyy",93
"violin",93
"lacywiggle",93
"beats",92
"calories",92
"chopper",92
"cock",92
"compared",92
"criminal",92
"dookie",92
"emiruwaving",92
"ignoring",92
"klat",92
"lmfaoooooooooooo",92
"opinion",92
"replace",92
"riddle",92
"stops",92
"struggle",92
"sturdy",92
"taylor",92
"truly",92
"woooooo",92
"53",92
"blanket",92
"email",92
"eventually",92
"fork",92
"giftedddd",92
"helium",92
"hydration",92
"noob",92
"toppoints",92
"cheaters",92
"alveuslove",92
"panu",92
"auditions",92
"bangerrr",92
"lalala",92
"treadmill",92
"bradley",92
"ironmouse",92
"auditorium",92
"klensyhclap",92
"debpchew",92
"activate",91
"became",91
"cinnapoint",91
"dive",91
"doe",91
"homework",91
"often",91
"practicing",91
"rlly",91
"universe",91
"upgraded",91
"x2",91
"attempting",91
"dork",91
"exemeat",91
"flank",91
"panicking",91
"plat",91
"quickly",91
"balut",91
"nanaslowdown",91
"shoulders",91
"colour",91
"gps",91
"vamos",91
"pulisic",91
"chile",91
"caseohpetkitty",91
"melody",91
"afford",90
"aimhigh",90
"cookies",90
"crimes",90
"cult",90
"foreheads",90
"fye",90
"girlll",90
"howdy",90
"icantfuckingtakeitanymore",90
"ignored",90
"mill",90
"pogo",90
"present",90
"sez",90
"sounding",90
"trained",90
"vacation",90
"whattttt",90
"yeaaa",90
"105",90
"5th",90
"arguing",90
"available",90
"bounce",90
"gooning",90
"ozempic",90
"pap",90
"ya'll",90
"crunchy",90
"ribbit",90
"halftime",90
"m4riuhh",90
"magoberry",90
"tinadacatlaugh",90
"gpu",90
"mrakirby",90
"yonnas",90
"healed",90
"sprite",90
"leafvihitthat",90
"christ1447panic",90
"52",89
"bcwarrior",89
"charcoal",89
"fights",89
"funniest",89
"gud",89
"how's",89
"hypepopcorn",89
"keepo",89
"planned",89
"rejected",89
"se",89
"shipped",89
"24hr",89
"alchemical",89
"counselor",89
"heading",89
"monkaeyes",89
"prepare",89
"raidddd",89
"river",89
"supporting",89
"traysotheeyes",89
"yeh",89
"squat",89
"india",89
"nononono",89
"bangerrrr",89
"bonni",89
"wword",89
"m04clap",89
"2021",88
"active",88
"bacon",88
"boooooo",88
"callme992cap",88
"crap",88
"daily",88
"dicks",88
"donate",88
"emiruspin",88
"ewwwwwwwww",88
"feelsgoodman",88
"flew",88
"frogs",88
"hip",88
"humidity",88
"jeans",88
"lmaoooooooooooooooo",88
"nba",88
"tissue",88
"vanish",88
"yee",88
"youmissed",88
"zoils",88
"325",88
"gobblegum",88
"ick",88
"pffft",88
"plssss",88
"upp",88
"abs",88
"chuds",88
"firsttimebuggin",88
"raccattack",88
"shore",88
"vega",88
"speed4",88
"parrot",88
"quitter",88
"ezee",88
"badgecolfire",88
"adult",87
"brotha",87
"clipping",87
"comedy",87
"culture",87
"dyl",87
"eyed",87
"filled",87
"folks",87
"lmfaooooooooooooo",87
"lonely",87
"lowti3dance2",87
"matching",87
"quitting",87
"roast",87
"rope",87
"ross",87
"spoke",87
"spreading",87
"ten",87
"tilt",87
"vienna",87
"werent",87
"accountability",87
"barrel",87
"bestie",87
"bra",87
"cody",87
"halo",87
"nike",87
"obs",87
"tn",87
"x10",87
"funky",87
"mrarave",87
"stud",87
"raecheer",87
"united",87
"blakkh1saywhat",87
"fknmapcd1dk",87
"140",86
"anxiety",86
"blowing",86
"blunt",86
"broooooo",86
"cash",86
"ceo",86
"checks",86
"custom",86
"embrace",86
"iconic",86
"leaning",86
"mistake",86
"nahhhhhh",86
"potential",86
"related",86
"sezu",86
"summon",86
"they'll",86
"weren",86
"wrestling",86
"catsigh",86
"hook",86
"improvement",86
"mkthedonny",86
"mule",86
"suppose",86
"trio",86
"kaiii",86
"sodawave",86
"yuuurpyurp",86
"djmissilebop",86
"gsharma",86
"hozt1536",86
"burgah",86
"accident",85
"aggressive",85
"ar",85
"cinnawiggle",85
"fancy",85
"goooooooo",85
"impressive",85
"joy",85
"lvl",85
"memories",85
"metal",85
"motii07",85
"riley",85
"stopppp",85
"stroke",85
"tik",85
"welll",85
"05",85
"animals",85
"b2b",85
"blur",85
"humans",85
"menu",85
"mindset",85
"payout",85
"reminder",85
"survival",85
"unplug",85
"website",85
"wozy",85
"chillgirl",85
"disolve",85
"legends",85
"widerosiithankyou",85
"enri211",85
"raeee",85
"catali49dj",85
"tbpeanutpeanutdance",85
"ashton102yippie",85
"katchiicheer",85
"raejam",85
"rea",85
"trampoline",85
"hennyblobdance",85
"xnonzchips",85
"bruce",84
"bugs",84
"competition",84
"conna",84
"kaice",84
"kaii",84
"mushii",84
"okayge",84
"pig",84
"redo",84
"sake",84
"siblings",84
"simp",84
"skit",84
"topic",84
"tuesday",84
"watches",84
"yapanese",84
"flipped",84
"giveaway",84
"hellen",84
"lurk",84
"properly",84
"pulls",84
"seemsgood1",84
"slots",84
"traffic",84
"mystreamer",84
"angy",84
"stabefat",84
"queens56yuh",84
"xnonzktkot",84
"40k",83
"aimhipls",83
"anytime",83
"banks",83
"bf",83
"chasing",83
"cube",83
"fanumdancefanum",83
"ideas",83
"image",83
"jiggle",83
"joining",83
"neighbor",83
"nmplol",83
"penguin",83
"phase",83
"pianotime",83
"poison",83
"pressing",83
"secs",83
"smoked",83
"stadium",83
"stepmom",83
"ultramad",83
"wayyyy",83
"worries",83
"12345",83
"command",83
"dedication",83
"eu",83
"everyones",83
"holly",83
"innnn",83
"lowest",83
"magnificent",83
"tablehere",83
"victim",83
"yrs",83
"zeusy",83
"boogers",83
"ganjavhype",83
"rosiilovesnatalie",83
"elisvibe",83
"pokpikachu",83
"raeahh",83
"piano",83
"sandy",83
"camysldubss",83
"surfers",83
"chess",83
"primat24gangnam",83
"hennyacdance",83
"raehehe",83
"2072129753629569135",83
"911",82
"among",82
"beyond",82
"boiled",82
"ceremony",82
"curry",82
"dc",82
"dem",82
"faxx",82
"flop",82
"follower",82
"insecure",82
"nearly",82
"omgggggg",82
"poster",82
"thousand",82
"ultra",82
"umbridge",82
"wa",82
"whys",82
"wwwwwwwwwwwwwwwww",82
"1111111",82
"200000",82
"cracking",82
"fog",82
"gio",82
"gran",82
"hairstyle",82
"lantern",82
"maker",82
"multi",82
"pleaseee",82
"presentation",82
"rhymestyle",82
"traysodying",82
"agentcy",82
"imnotcrying",82
"joshua",82
"leniiihearts",82
"jiddy",82
"healer",82
"themrd81",82
"overstimulated",82
"cinheimer",82
"rosiiwlw",82
"4weirdw",81
"awards",81
"besides",81
"cast",81
"chrisnxtdoor",81
"das",81
"doomed",81
"images",81
"imgur",81
"lamar",81
"meh",81
"mustache",81
"nature",81
"rays",81
"rick",81
"swift",81
"vids",81
"workers",81
"122",81
"15k",81
"222222",81
"chug",81
"creature",81
"flowers",81
"grey",81
"messing",81
"plotting",81
"showered",81
"wheels",81
"ally",81
"landed",81
"exemsure",81
"larpanese",81
"bangerr",81
"plaqueboylogo2",81
"raejump",81
"theagencyglaze",81
"keems",81
"peepopls",81
"spongepls",81
"skai",81
"sava",81
"54",80
"andy",80
"armr",80
"babies",80
"bands",80
"blazian",80
"bonald",80
"could've",80
"darkknight",80
"depressing",80
"digging",80
"easiest",80
"engineering",80
"gear",80
"gods",80
"gotchu",80
"guts",80
"legally",80
"mall",80
"miracle",80
"noooooooooooo",80
"okayyy",80
"ooop",80
"sa",80
"shy",80
"tapped",80
"tilted",80
"tipped",80
"tuned",80
"wack",80
"wedding",80
"yayy",80
"assist",80
"client",80
"couldve",80
"gens",80
"hazard",80
"innnnn",80
"oopsie",80
"pixels",80
"socket",80
"woods",80
"sidemen",80
"cape",80
"imcooked",80
"ragebaiting",80
"sodacheer",80
"diarrhea",80
"emerald",80
"g1ngebrexit",80
"extraemotion",80
"sorreyman",80
"washing",80
"tongs",80
"bernerd",80
"therea4571qw",80
"pocket235jammin",80
"aka",79
"bdeothugshake2",79
"cinnaaaaaaaa",79
"cinnaswag",79
"downed",79
"earned",79
"en",79
"expecting",79
"fantastic",79
"german",79
"helloooo",79
"hoodierizz",79
"improve",79
"infront",79
"jr",79
"letters",79
"lines",79
"nest",79
"oj",79
"pausing",79
"rawrxd",79
"rolls",79
"stake",79
"stays",79
"weakness",79
"215",79
"brainrot",79
"gggg",79
"placed",79
"surfer",79
"bangggg",79
"pepepls",79
"cinnacooked",79
"nurse",79
"rosiiwtapout",79
"theagencyjump",79
"cone",79
"morocco",79
"dune",79
"portugal",79
"ddwaal",79
"nmpfloss",79
"gingy",79
"nomad",79
"aishahsofey",79
"armor",78
"brah",78
"bruhhhh",78
"drag",78
"dylan",78
"lookdown",78
"loyal",78
"ni",78
"opportunity",78
"pirate",78
"popular",78
"respond",78
"rizzzz",78
"scaring",78
"spare",78
"speedrun",78
"tok",78
"badly",78
"briivb",78
"hydrate",78
"lesbianpride",78
"major",78
"popped",78
"rayasiww",78
"screens",78
"silk",78
"slowly",78
"yooooooooooo",78
"crocs",78
"kc3",78
"lounge",78
"raging",78
"1sadchudbritishloser",78
"audition",78
"sperosww",78
"alveusblue",78
"meeeeeeee",78
"perhaps",78
"emilycc",78
"aozami",78
"deodorant",78
"booth",78
"ricciomg",78
"zebra",78
"rdcwewand",78
"adapt2flock2",78
"theiro79blackdance",78
"blew",77
"bucks",77
"dave",77
"director",77
"distracted",77
"dramatic",77
"eaten",77
"edition",77
"false",77
"fighter",77
"george",77
"glizzy",77
"ii",77
"le",77
"positivity",77
"sharing",77
"slim",77
"sometime",77
"spittin",77
"trueee",77
"weren't",77
"widestarege",77
"writing",77
"yuhhh",77
"emiruyump",77
"fn",77
"fumble",77
"gentleman",77
"gilly",77
"greed",77
"hunting",77
"log",77
"nova",77
"owns",77
"peepotrip",77
"petty",77
"res",77
"ribs",77
"screw",77
"widow",77
"david",77
"lacey",77
"lyltxalyssa",77
"roman",77
"camerman",77
"getthatbread",77
"rossie",77
"scaredycat",77
"spardalpls",77
"markers",77
"bist",77
"edibleft",77
"stabesuss",77
"mkonotlikethis",77
"forsenparty",77
"funguy5mute1",77
"santipulgacatshakira",77
"sgsmooscuba",77
"ahhhhhh",76
"audience",76
"dammm",76
"earn",76
"fanumcypher",76
"ohhhhhh",76
"podcast",76
"poke",76
"rapper",76
"seal",76
"shorter",76
"someones",76
"soy",76
"tub",76
"val",76
"vocals",76
"wojj",76
"wowwww",76
"auraaa",76
"burning",76
"coulda",76
"counts",76
"denial",76
"emirusubs",76
"feelsdumbman",76
"fffffff",76
"forthype",76
"kit",76
"march",76
"moron",76
"product",76
"shipper",76
"squidward",76
"value",76
"bah",76
"dawn",76
"grandpa",76
"rico",76
"arts",76
"baddies",76
"beholdthis",76
"performative",76
"sisters",76
"sickathon",76
"stabelul",76
"xominkravee",76
"morjandance",76
"bongtime",75
"crazyyy",75
"cried",75
"dads",75
"emirujam",75
"grave",75
"griffin",75
"guessing",75
"hehehe",75
"hips",75
"honor",75
"lobster",75
"maxxing",75
"mushiii",75
"nights",75
"nooooooooooooo",75
"obsessed",75
"she'd",75
"smurf",75
"stopp",75
"thread",75
"wayy",75
"wonky",75
"yeaaaa",75
"alll",75
"bleeding",75
"boxes",75
"footage",75
"houston",75
"jiemmie",75
"jinx",75
"lasted",75
"melee",75
"plss",75
"pokcharizard",75
"pole",75
"probs",75
"reached",75
"scooby",75
"sober",75
"suffering",75
"barricade",75
"hamster",75
"soob",75
"goallll",75
"strayyzz",75
"ark",75
"kiilankekw",75
"bnrwiggle",75
"junesu3boyslowdownn",75
"t10dance",75
"wildguz35",75
"stabeta",75
"ubisoft",75
"droning",75
"iamthejoeker",75
"tumble",75
"uhaul",75
"aluminum",74
"brooooooo",74
"callme992nerd",74
"cocka",74
"europe",74
"forsen",74
"fraud",74
"gravity",74
"hidden",74
"hiiiiiii",74
"looooooooool",74
"lyin",74
"ooooh",74
"pal",74
"poisoning",74
"pond",74
"riot",74
"shippers",74
"spelled",74
"strawberry",74
"swamp",74
"swinging",74
"yeahhhhh",74
"700",74
"adding",74
"bonnet",74
"brake",74
"deaths",74
"gtfo",74
"headed",74
"jst",74
"lala",74
"nothin",74
"render",74
"sharp",74
"steerr",74
"treatment",74
"wewaiting",74
"yesssssssss",74
"banggggg",74
"filipino",74
"prima",74
"eliswokege",74
"leon",74
"azncham",74
"guapos",74
"cinnall",74
"lacykek",74
"anis",74
"stabecreep",74
"zoil1",74
"bnrom",74
"caseohpink",74
"coochiegobblinnnn",74
"clayfreeman",74
"maurinnwcooked",74
"raehug",74
"cinnanation",74
"blud",73
"chosen",73
"difficulty",73
"dose",73
"follows",73
"fucks",73
"generational",73
"movin",73
"nakaab",73
"papa",73
"prepared",73
"randomly",73
"riding",73
"shirts",73
"soup",73
"spice",73
"travis",73
"wht",73
"youuuuu",73
"awwwwwww",73
"base",73
"bog",73
"peepoclown",73
"plain",73
"por",73
"prep",73
"raidd",73
"sledge",73
"thr",73
"wantingaardvark",73
"cardo",73
"ouuuuu",73
"reunion",73
"siebe",73
"aspzan",73
"iceland",73
"jawhn",73
"jude",73
"sweats",73
"netherlands",73
"opponents",73
"hallway",73
"gyazo",73
"lisais4chud",73
"paradox",73
"sayravstopdacap",73
"al",72
"arml",72
"beside",72
"brings",72
"celebrate",72
"deported",72
"devious",72
"finishing",72
"fruity",72
"influence",72
"january",72
"marry",72
"mhmmm",72
"misses",72
"review",72
"roach",72
"rugby",72
"smoker",72
"ssssssplode",72
"1500",72
"150k",72
"cum",72
"employee",72
"floating",72
"grand",72
"guide",72
"heartless",72
"hh",72
"jadersxd",72
"jb",72
"joseph",72
"jynzxi",72
"mystery",72
"ourpastor",72
"sassy",72
"signs",72
"stinks",72
"unreal",72
"walker",72
"exemclean",72
"lacari",72
"snitchin",72
"tbvnksjiggy",72
"akytoru",72
"emilyccdancing",72
"pear",72
"cyclops",72
"raecringe",72
"baller",72
"saffari",72
"hibana",72
"2020forward",72
"rocketleague",72
"busses",72
"spotify",72
"stabe4k",72
"tori",72
"catrnado",72
"vanill171chonies",72
"200k",71
"adin",71
"admit",71
"allergic",71
"ayyyyyyy",71
"fanumwstream",71
"hardest",71
"insult",71
"lolo",71
"mecca",71
"notlikeus",71
"permission",71
"ripepperonis",71
"sheep",71
"token",71
"yip",71
"yoooooooooo",71
"youd",71
"225",71
"333",71
"abusive",71
"ahaha",71
"burrito",71
"consent",71
"durag",71
"freakinstinkin",71
"gassing",71
"gta6",71
"hawaii",71
"hyped",71
"kite",71
"miller",71
"nobutcheeks",71
"pashley04",71
"shiiiii",71
"stubborn",71
"youwhy",71
"supper",71
"rage's",71
"squid",71
"streammmmm",71
"visa",71
"cerkins",71
"jdab",71
"assvengers",71
"bubbles",71
"ddgemotefineshyt",71
"jrawthadon",71
"viperusjiggy",71
"barber",71
"fizzeebdance",71
"happiness",71
"feverfighter",71
"adapt2flock",71
"scoliosis",71
"girlhegg5",71
"mrkeemyo",71
"aaaaa",70
"auraaaa",70
"bleach",70
"books",70
"braindead",70
"britt",70
"cinner",70
"clearmesa",70
"costume",70
"emirulw",70
"feeding",70
"finds",70
"gooooooooo",70
"heyyyyy",70
"horn",70
"lesbian",70
"lotta",70
"moist",70
"naaaah",70
"pagbounce",70
"paste",70
"shades",70
"shrek",70
"slorpglorpin",70
"sm",70
"soooooo",70
"thang",70
"toddler",70
"ungrateful",70
"younger",70
"66",70
"allat",70
"brave",70
"ceiling",70
"chicago",70
"glowing",70
"input",70
"musical",70
"path",70
"strip",70
"sudden",70
"cannon",70
"casket",70
"lecture",70
"alxthabest",70
"broom",70
"rosiiwjake",70
"elisrockin",70
"calebiiwidetripplec",70
"christ1447hahaha",70
"pitbully",70
"fuze",70
"safari",70
"kayyliayee",70
"nylon",70
"emilyccdog",70
"yrchand1",70
"raelisten",70
"gaupo",70
"mikkaasussy",70
"aaa",69
"attend",69
"bdeotwerk",69
"callme992boo",69
"casual",69
"cinnabuns",69
"cinnastare",69
"county",69
"dats",69
"difficult",69
"dipped",69
"doja",69
"fbcatch",69
"gained",69
"lived",69
"nahhhhhhh",69
"naked",69
"overtime",69
"ripped",69
"rlytho",69
"sticks",69
"syndrome",69
"tan",69
"valky",69
"weapons",69
"180",69
"2023",69
"atm",69
"blocking",69
"clicked",69
"cp",69
"doctors",69
"extralife",69
"factor",69
"frames",69
"hamilton",69
"hangry",69
"lack",69
"mansion",69
"netflix",69
"panzer",69
"queuing",69
"replay",69
"showers",69
"speakers",69
"theater",69
"من",69
"franktell",69
"international",69
"pie",69
"ishowspeedlaugh",69
"christ1447dancebaby",69
"joebartlongneck",69
"rae7",69
"hailee1fine",69
"bopdrop",69
"vanill171ws",69
"penny2wdillpickle",69
"900",68
"accidentally",68
"alcoholic",68
"familiar",68
"gangy",68
"gottem",68
"gregory",68
"instigator",68
"momma",68
"naa",68
"neva",68
"offer",68
"officer",68
"official",68
"passing",68
"pour",68
"response",68
"tapping",68
"term",68
"twitchraid",68
"xxl",68
"yuhhhh",68
"activities",68
"aspect",68
"consider",68
"default",68
"electric",68
"explode",68
"graduation",68
"m4riiiuhh",68
"mag",68
"odds",68
"peepopopcorn",68
"previous",68
"richer",68
"sprint",68
"towels",68
"tubi",68
"widows",68
"huuh",68
"minion",68
"states",68
"trees",68
"30wpm",68
"gurt",68
"henlothere",68
"punisher",68
"scjdance",68
"holddd",68
"penalty",68
"airack",68
"magnesium",68
"vintag43drake",68
"sdrumsw",68
"145",67
"72",67
"annoyed",67
"banged",67
"coping",67
"counting",67
"direction",67
"fanumabuh",67
"filming",67
"gs",67
"guitartime",67
"hail",67
"justin",67
"rdclock",67
"regret",67
"reid",67
"strict",67
"understandable",67
"vibing",67
"whispers",67
"yessssssssss",67
"antwonreal",67
"christian",67
"create",67
"daeshawnfrm2100",67
"garlic",67
"givepoints",67
"gutter",67
"hacking",67
"highkey",67
"indian",67
"locking",67
"lung",67
"noises",67
"nuked",67
"pretending",67
"prone",67
"pros",67
"sleeps",67
"sticky",67
"stonelightning",67
"streamed",67
"surgery",67
"defending",67
"dinosaur",67
"idgaf",67
"widecinnapunchexplode",67
"knxjd",67
"narrator",67
"organic",67
"peeking",67
"yrgeok",67
"bigmonraph",67
"blueberry",67
"walton",67
"nazctrsussy",67
"fizzeepop",67
"mrajedi",67
"2072136415094186143",67
"theclipbot",67
"bronchitis",67
"databasedance",67
"juicyjacob",67
"maurinnwdance",67
"evilathon",67
"abandoned",66
"ahahaha",66
"binna",66
"bricks",66
"buck",66
"conspiracy",66
"crickets",66
"darkness",66
"debt",66
"drown",66
"eyebrows",66
"fellow",66
"ft",66
"improving",66
"information",66
"itself",66
"kicks",66
"minus",66
"odd",66
"peepocute",66
"recreate",66
"stair",66
"terrorist",66
"twerk",66
"waited",66
"wtfffff",66
"03",66
"backup",66
"bananas",66
"banning",66
"buhbye",66
"challenged",66
"diamonds",66
"distraction",66
"events",66
"filler",66
"fucken",66
"jonas",66
"kaicheart",66
"kaicsoft",66
"llol",66
"medication",66
"oxygen",66
"paraplegic",66
"puts",66
"rubhubap",66
"shitting",66
"soulja",66
"stacked",66
"thas",66
"vpn",66
"weave",66
"cheddar",66
"competitive",66
"goatt",66
"slippers",66
"applying",66
"dumbmayar",66
"queens",66
"emily's",66
"oba",66
"reels",66
"yugis",66
"panther",66
"coppers",66
"skylarrthegamer",66
"encrypted",66
"gstatic",66
"tbn",66
"tbn0",66
"swung",66
"cattle",66
"urgent",66
"pneumonia",66
"pickford",66
"elyssa",66
"trojan",66
"lizzobetwitchin",66
"argieb8",65
"attempt",65
"barkbarlbakrbarkgrrrr",65
"bellingham",65
"blade",65
"bonus",65
"callme992pog",65
"cells",65
"cord",65
"definition",65
"holyyyy",65
"huhhhh",65
"hunt",65
"inspired",65
"itttttt",65
"lover",65
"muddy",65
"nintendo",65
"otherwise",65
"pieces",65
"retired",65
"roller",65
"scamming",65
"screenshot",65
"strap",65
"tomfoolery",65
"unfollow",65
"uppppp",65
"viral",65
"woahh",65
"wwwwwwwwwwwwwwwwwwww",65
"yard",65
"11111111",65
"322",65
"advantage",65
"bday",65
"bom",65
"diving",65
"fanums",65
"focused",65
"improved",65
"knocked",65
"laggg",65
"les",65
"logo",65
"magnetic",65
"microwave",65
"noice",65
"sage",65
"useful",65
"wtv",65
"yayyyyy",65
"assss",65
"banggg",65
"injury",65
"tbangel",65
"tummy",65
"dia",65
"exem7",65
"inviting",65
"cinnafurry",65
"deshae",65
"sneaking",65
"tess",65
"maple",65
"theagencygift",65
"gemnhyper",65
"rblxpip",65
"automod",64
"bold",64
"boondocks",64
"cinaa",64
"etc",64
"judging",64
"local",64
"ma'am",64
"makin",64
"melting",64
"ooof",64
"paul",64
"plaqueboytwerk",64
"pup",64
"similar",64
"slides",64
"spiriteel",64
"stepped",64
"stoppppp",64
"sucker",64
"whenever",64
"74",64
"begin",64
"carries",64
"connor",64
"continues",64
"cue",64
"es",64
"forcing",64
"government",64
"gummy",64
"gums",64
"intervention",64
"partyparrot",64
"pinkmercy",64
"pleaseeee",64
"randy",64
"starter",64
"warned",64
"auraa",64
"hitmarker",64
"mecha",64
"mutes",64
"30teen",64
"holdddd",64
"shields",64
"rockou8rockoutdance",64
"yeezy",64
"camper",64
"magnum64dance",64
"noemi",64
"baddd",63
"bass",63
"bedroom",63
"capping",63
"faking",63
"guyed",63
"husband",63
"loooooooool",63
"mmmmmmmmmm",63
"moms",63
"noidontthinkso",63
"np",63
"peepolove",63
"pogchomp",63
"quits",63
"ragee",63
"reactions",63
"rot",63
"sample",63
"sherobb",63
"slightly",63
"strays",63
"ultimate",63
"usopp",63
"wheat",63
"chronicles",63
"curious",63
"dreaming",63
"endless",63
"finishes",63
"fumbled",63
"lagg",63
"lolllllll",63
"lookupconcerned",63
"mail",63
"mass",63
"massage",63
"ooooooooooo",63
"ordered",63
"perma",63
"pfp",63
"pikachu",63
"powers",63
"process",63
"reboot",63
"skins",63
"sock",63
"speaks",63
"stabefeelsbad",63
"uss",63
"velma",63
"alrightt",63
"hirawmbruh",63
"israel",63
"scjdoit",63
"slurp",63
"ovo",63
"poudii",63
"sirdromos",63
"sodamhm",63
"sonn",63
"ttt",63
"chatgpt",63
"crood",63
"dealing",63
"devs",63
"emilycctax",63
"somedayyy",63
"kaceyicant",63
"kart",63
"bernard",63
"custard",63
"doherty",63
"pliz",63
"waifupdawg",63
"pantry",63
"ukraine",63
"chakra20dancepepe",63
"cinnabration",63
"drgunsmith",63
"wander",63
"zard",63
"databasehesright",63
"caf",63
"tsrmoney",63
"guapooo",63
"breeding",63
"caughteating",63
"announce",62
"bears",62
"bozo",62
"bron",62
"bugging",62
"callme992cry",62
"cinaaa",62
"combined",62
"complain",62
"defeat",62
"escaped",62
"fbblock",62
"gremlin",62
"lmaooooooooooooooooo",62
"naaah",62
"nolook",62
"oven",62
"owned",62
"polish",62
"polite",62
"sadgecry",62
"series",62
"spiders",62
"tee",62
"thankegg",62
"tweaker",62
"unlike",62
"vile",62
"whyyy",62
"wooooooo",62
"ww5",62
"activated",62
"backkkk",62
"century",62
"cuter",62
"factory",62
"fsmwajaja",62
"homies",62
"lawn",62
"niceee",62
"nmphands",62
"project",62
"rexhud",62
"ridiculous",62
"ripping",62
"rust",62
"teh",62
"tells",62
"tripmine",62
"vlog",62
"zaza",62
"celebrating",62
"deport",62
"frogwow",62
"sodadink",62
"cinco",62
"culprit",62
"ults",62
"m4riheadbang",62
"thatcher",62
"ediblefeet",62
"theygotyourmans",62
"acog",62
"dinnn00r",62
"jewo",62
"quiver",62
"cinddysuuuuuuuuu",62
"snowth8beanjam",62
"and9gcqoxxlw3iknw1otndeloe9thmz49vvs0gwtzp6ghm8wqa",62
"partti14snorlov",62
"02",61
"bans",61
"colonizer",61
"dooo",61
"dougie",61
"eminem",61
"forgive",61
"girll",61
"grimmlock6",61
"hawk",61
"naah",61
"noodles",61
"noone",61
"ordering",61
"panicbasket",61
"rob",61
"ulting",61
"unironically",61
"wwwwwwwwwwwwwwwwwww",61
"adults",61
"apex",61
"ba",61
"blindge",61
"buster",61
"dammit",61
"damnit",61
"demoted",61
"device",61
"dungeon",61
"dunk",61
"ginger",61
"gobblegums",61
"joker",61
"keeper",61
"kissing",61
"lllllll",61
"loaded",61
"millionaires",61
"rinse",61
"roster",61
"servers",61
"shyt",61
"stands",61
"subbing",61
"successfully",61
"wednesday",61
"roam",61
"sza",61
"raefine",61
"segs",61
"transgenderpride",61
"rosy",61
"genug",61
"oak",61
"tin",61
"ariana",61
"hydrated",61
"tractor",61
"sunflower",61
"rdcwark",61
"cinnasbrokenmonitor",61
"storyo27laughing",61
"malipulate",61
"ahahahaha",60
"backflip",60
"bible",60
"callme992sadge",60
"canadian",60
"channels",60
"chemistry",60
"coast",60
"crazyy",60
"dendiface",60
"dms",60
"dtchatbillylaugh",60
"dweeb",60
"fairy",60
"faxxx",60
"freeeeee",60
"freeeeeee",60
"kno",60
"lamo",60
"manage",60
"mon",60
"naaa",60
"ne",60
"nothanks",60
"ogre",60
"owner",60
"rdcshock",60
"remix",60
"roasted",60
"steve",60
"ti",60
"trolls",60
"tssk",60
"we've",60
"woww",60
"2222222",60
"aids",60
"backyard",60
"covering",60
"explosive",60
"farting",60
"feelings",60
"ffffffff",60
"jimmy",60
"kennedy",60
"kiwi",60
"maam",60
"manipulation",60
"methods",60
"nostalgia",60
"owww",60
"pair",60
"pan",60
"platform",60
"pounds",60
"powder",60
"quicker",60
"rr",60
"spawned",60
"spooky",60
"boxed",60
"brag",60
"buffalo",60
"humid",60
"iluvua4k",60
"jynxzicry",60
"kev",60
"nation",60
"suburbs",60
"brunch",60
"hoodiehug",60
"lebronarrive",60
"moho",60
"soil",60
"bangwr",60
"brock",60
"goalll",60
"sureeeee",60
"strayz",60
"bid",60
"masters",60
"mary",60
"lionas1kangaroo",60
"curfew",60
"theres76classicnoedance",60
"theres76kidvibin",60
"aduraa1lit",60
"stabesadge",60
"dvd",60
"lanialigg",60
"applications",59
"backs",59
"ca",59
"capp",59
"cinnabun",59
"creek",59
"drove",59
"farms",59
"geez",59
"handsup",59
"hid",59
"iprefernottospeak",59
"ja",59
"maxing",59
"mentality",59
"mushiiii",59
"nicks",59
"passion",59
"raeeeee",59
"research",59
"rihanna",59
"seee",59
"shadows",59
"shhh",59
"shitt",59
"sore",59
"sort",59
"spidey",59
"spoken",59
"stutter",59
"warn",59
"washington",59
"whatttttt",59
"wot",59
"bills",59
"cables",59
"caseohclap",59
"curl",59
"dickhead",59
"ding",59
"dior",59
"doll",59
"goodluck",59
"grabbed",59
"hacks",59
"hairs",59
"honesty",59
"laser",59
"loveee",59
"m4riiiwaah",59
"meeeeeee",59
"po",59
"chili",59
"clouds",59
"dona",59
"wanum",59
"crumbs",59
"dah",59
"exemdespair",59
"fahhhhh",59
"succit1g",59
"ayeeeeeee",59
"fuel",59
"moto",59
"t10danse",59
"yoxics",59
"christ1447suss",59
"exit",59
"injest",59
"decoy",59
"exemshot",59
"innnnnnnn",59
"walnut",59
"lagoon",59
"raegg",59
"klensyhmakeitrain",59
"ibochamp",59
"elinaclappi",59
"krissd4clap",59
"mrkeem7",59
"trealuhgg",59
"widweeplz",59
"actinup",58
"airport",58
"allow",58
"attitude",58
"banging",58
"covered",58
"dances",58
"deeper",58
"dough",58
"fella",58
"flick",58
"hahahahahahah",58
"holyy",58
"homer",58
"inch",58
"incident",58
"license",58
"lmaoooooooooooooooooo",58
"mmmmmmmmmmm",58
"nicki",58
"outfits",58
"partying",58
"pets",58
"pleasee",58
"plzzz",58
"reacted",58
"results",58
"sheedcryinglaughing",58
"signed",58
"smokes",58
"thugshaker",58
"tricks",58
"unemployed",58
"whaaat",58
"wink",58
"wojsturdy",58
"2020snacking",58
"366",58
"busss",58
"cole",58
"communication",58
"crate",58
"disaster",58
"dmv",58
"dome",58
"edward",58
"favor",58
"froze",58
"harmless",58
"inhale",58
"install",58
"launch",58
"length",58
"mornin",58
"nuh",58
"odyssey",58
"pathetic",58
"picnic",58
"port",58
"protection",58
"tt",58
"wanting",58
"hugs",58
"perfume",58
"bowe",58
"loot",58
"mraxp",58
"swan",58
"budget",58
"dannopers",58
"dumbma1sobbb",58
"kappahd",58
"coached",58
"emirugiggle",58
"raeclap2",58
"alveuscrow",58
"theagencygrip",58
"magnet",58
"mkoclap",58
"viperusjammies",58
"pudding",58
"woolzvibe",58
"hatch",58
"hennyhearts",58
"lastseen",58
"ram",58
"rinsed",58
"uluraibewty",58
"lillipielove",58
"cinnaswiseman",58
"fathatloooon",58
"goateeathon",58
"vercet1laugh",58
"500k",57
"agentttt",57
"backkkkkk",57
"blasian",57
"cappp",57
"cinnnna",57
"coward",57
"devina",57
"eatin",57
"emoge",57
"ewwwwwwwwww",57
"firework",57
"fought",57
"funnier",57
"grew",57
"hated",57
"hoed",57
"hustle",57
"karen",57
"lowti3dance",57
"nikki",57
"nowww",57
"officially",57
"pasta",57
"poropls",57
"ramen",57
"rave",57
"shittt",57
"slowdown",57
"souls",57
"standard",57
"tyler",57
"wierd",57
"wii",57
"bin",57
"blinded",57
"calll",57
"emirumarch",57
"evening",57
"fist",57
"forsure",57
"imaginebeingamobileviewerthatcouldnotbemelmaohowsillyanywaylookatthiscoolstarifound",57
"maxis",57
"menace",57
"motivation",57
"naturally",57
"neilj123",57
"options",57
"pill",57
"pred",57
"rhe",57
"sims",57
"sliding",57
"surviving",57
"tar",57
"theatre",57
"blakkh1gg",57
"dish",57
"mayahicheer",57
"holidaypresent",57
"shank",57
"feat",57
"keepgambling",57
"noobkids14",57
"roflamo",57
"shirtless",57
"customer",57
"fahhh",57
"pixel",57
"unique",57
"braeden",57
"ralph",57
"sail",57
"stripes",57
"mindmanners",57
"wawawow",57
"barbed",57
"cav",57
"frown",57
"lesion",57
"waterline",57
"xnonztnkss",57
"guapoooo",57
"bartender",56
"cinnnaa",56
"clipfarm",56
"closing",56
"commercial",56
"commit",56
"dora",56
"dressing",56
"emoji",56
"farmed",56
"garfieldjam",56
"growth",56
"hearts",56
"huzz",56
"impression",56
"inbound",56
"jolly",56
"lmfaoooooooooooooo",56
"loooooooooool",56
"offf",56
"qtcparty",56
"relate",56
"rhythm",56
"rookie",56
"shhhh",56
"slut",56
"spoiled",56
"sry",56
"tunes",56
"ure",56
"wayne",56
"wowwwww",56
"avengers",56
"blank",56
"bluetooth",56
"despair",56
"drained",56
"dregodwin",56
"float",56
"healing",56
"juan",56
"listened",56
"muting",56
"peoples",56
"plsssss",56
"pongspace",56
"rhyme",56
"specifically",56
"stamina",56
"swat",56
"tacos",56
"throws",56
"van",56
"whine",56
"yapathon",56
"baseball",56
"dukeeeeee",56
"wrestle",56
"eliswaiting",56
"sisathon2",56
"fah",56
"fahhhh",56
"l9",56
"wooohooo",56
"airrack",56
"higa",56
"picomause",56
"yam",56
"glorpnotl",56
"holland",56
"w50",56
"ausie",56
"nos",56
"rawdogmoon",56
"buffet",56
"worms",56
"crane",56
"bail",56
"tangerine",56
"tbpeanutlockin2",56
"x96tiltf",56
"christ1447alright",56
"kirbyfaded",56
"mictimuehehe",56
"scottferds",56
"nights392laugh",56
"suprd",56
"debpheart",56
"90s",55
"awhile",55
"bi",55
"billion",55
"callme9924k",55
"callme992love",55
"caps",55
"chains",55
"dada",55
"draft",55
"flexing",55
"flies",55
"freee",55
"gray",55
"hangout",55
"ittttttt",55
"kkona",55
"links",55
"munchies",55
"pad",55
"peepohappy",55
"poooound",55
"shitttt",55
"spending",55
"tension",55
"urs",55
"30000",55
"barbie",55
"bare",55
"begins",55
"distance",55
"ds4",55
"ehh",55
"elisvp",55
"expert",55
"grande",55
"headache",55
"legal",55
"logansaidhello",55
"mines",55
"package",55
"phew",55
"price",55
"scratch",55
"stove",55
"testing",55
"trading",55
"waters",55
"wwwwwwwwwwwwwwwwwwwww",55
"jumper",55
"blakkh1funstuff",55
"cuteeeee",55
"golstat2003",55
"harlow",55
"hazza",55
"muscles",55
"danvibe",55
"spectating",55
"winniehuh",55
"yoagd",55
"alveuspurple",55
"lg",55
"rageee",55
"raiddddd",55
"sunion",55
"becky",55
"brisket",55
"mens",55
"yrgeweirdface",55
"clay",55
"therealfryingpanthethird",55
"viperusdj",55
"christ1447ahhh",55
"tiki",55
"freeloader",55
"pudgie",55
"599",55
"degen",55
"tessa",55
"otwfanum",55
"stanleyymeng",55
"britney",54
"callme992ayyo",54
"cheek",54
"confirm",54
"created",54
"decided",54
"dodged",54
"eachother",54
"earthday",54
"eewww",54
"elisdance",54
"fanumsalsa",54
"gel",54
"girllll",54
"hers",54
"munch",54
"prefer",54
"puppy",54
"quarter",54
"sacrifice",54
"starving",54
"stg",54
"sucked",54
"yeaa",54
"zoill",54
"04",54
"332",54
"azaiba",54
"balloon",54
"besties",54
"callme992grip",54
"cola",54
"crocodile",54
"drift",54
"emilys",54
"gachihyper",54
"ggggg",54
"henry",54
"kaneljeugene",54
"kirk",54
"lego",54
"liquid",54
"nonchalant",54
"peepolegs",54
"pings",54
"pip",54
"somethin",54
"striker",54
"successful",54
"sweatshirt",54
"texting",54
"crab",54
"guilt",54
"liberty",54
"colt",54
"iems",54
"vislaud",54
"berleezy",54
"ekkochest",54
"emirujump",54
"mount",54
"pushups",54
"theagencycry",54
"whales",54
"windy",54
"rdcdreamgang",54
"weirdcat",54
"edward217hehehe",54
"hdity",54
"sunscreen",54
"cinrespect",54
"coper",54
"cuddle",54
"maverick",54
"tdspoppelumidancing",54
"ellysa",54
"mkocheer",54
"christ1447hahah",54
"christ1447iloveyou",54
"cuteggwinbly",54
"6382",53
"ahhhhhhh",53
"apology",53
"arrive",53
"chances",53
"considered",53
"dial",53
"emirupat",53
"flashed",53
"greetings",53
"grudge",53
"hoes",53
"knight",53
"lap",53
"laughs",53
"mayo",53
"onn",53
"peele",53
"periodt",53
"rats",53
"recommend",53
"redd",53
"snail",53
"ssssssssss",53
"success",53
"tastes",53
"tp",53
"traveling",53
"ulted",53
"upper",53
"violation",53
"weirdge",53
"wore",53
"yass",53
"yrgerespect",53
"2016",53
"aaaaaaaa",53
"bat",53
"bind",53
"braid",53
"browser",53
"chamber",53
"comfort",53
"danm",53
"deer",53
"dodge",53
"fest",53
"figured",53
"former",53
"gambit",53
"kk",53
"modlove",53
"moreee",53
"nighttime",53
"noooooooooooooo",53
"owwww",53
"pace",53
"peepobigsmile",53
"pepothink",53
"pong69",53
"quotes",53
"rdcjayrich",53
"reloading",53
"sale",53
"sanity",53
"sleepathon",53
"uuu",53
"wallbuy",53
"weeee",53
"youdontsay",53
"caption",53
"coal",53
"cuss",53
"keef",53
"applied",53
"chudd",53
"kaiclove",53
"mrahappy",53
"naurr",53
"naurrrrr",53
"sodasip",53
"9to5",53
"alveusnote",53
"junesu3shakedreads",53
"nmpfence",53
"otter",53
"canvas",53
"identify",53
"impact",53
"animation",53
"holon",53
"lorax",53
"spardalhollon",53
"jkinsdance",53
"mrarat",53
"stump",53
"coughathon",53
"nosiirpow",53
"awh",52
"ayooooooo",52
"badass",52
"bonding",52
"bothering",52
"bump",52
"crazyyyy",52
"crooked",52
"deez",52
"extremely",52
"foo",52
"fu",52
"ghetto",52
"gigl",52
"gotcha",52
"guilty",52
"hahaa",52
"hahahahahahahah",52
"hahahahha",52
"hasl",52
"he'd",52
"hoping",52
"lamonting",52
"mrs",52
"pays",52
"peepofat",52
"posting",52
"proper",52
"ratdance",52
"rotation",52
"sausages",52
"sheets",52
"throwin",52
"uuuh",52
"voted",52
"widevibe",52
"byeeeeee",52
"chillll",52
"dnt",52
"ease",52
"generous",52
"gifteds",52
"marathons",52
"mistakes",52
"pokgengar",52
"rko",52
"sadkek",52
"shh",52
"smith",52
"spill",52
"unmuted",52
"von",52
"within",52
"yalls",52
"dumbasses",52
"hellll",52
"hint",52
"leaf",52
"plaque",52
"rocks",52
"sheet",52
"slayyyyy",52
"ther",52
"megan",52
"msgoodvibes98",52
"onixdriver90",52
"raeclassic",52
"smiley",52
"401",52
"arena",52
"niceeee",52
"whit",52
"demo",52
"everyone's",52
"mar",52
"raeslay",52
"roomate",52
"vanessa7444",52
"wrench",52
"cane",52
"mkogiggle",52
"raehappi",52
"silkyfunny",52
"mentor",52
"stool",52
"ass11",52
"caveman",52
"lemicky",52
"pebbles",52
"shazbotstix",52
"stationary",52
"jcvimpride",52
"christ1447alarm",52
"luddy",52
"pascal131kip2",52
"tyyrexdanceparty",52
"vets",52
"broly5000x",52
"aimbustingitopen",51
"central",51
"coldplay",51
"coz",51
"crossed",51
"crutch",51
"degrees",51
"department",51
"fallwinning",51
"foods",51
"freeeee",51
"hotdog",51
"jigglin",51
"kaicwave",51
"latto",51
"meals",51
"ntm",51
"pepega",51
"perfectly",51
"reporting",51
"salmon",51
"te",51
"uniform",51
"victory",51
"when's",51
"whyy",51
"witness",51
"61",51
"anthonygreeen",51
"bettterrr",51
"bleed",51
"boiii",51
"casino",51
"cinnaaaaaaaaa",51
"considering",51
"doesheknow",51
"doubters",51
"farmers",51
"flood",51
"gap",51
"gather",51
"highlight",51
"holdd",51
"m4riiihaha",51
"meanwhile",51
"modern",51
"overnight",51
"pb",51
"records",51
"ru",51
"runnnnnnn",51
"saint",51
"scenes",51
"spotted",51
"stock",51
"turnt",51
"dqw4w9wgxcq",51
"entry",51
"freaked",51
"jerk",51
"lamb",51
"owes",51
"sideways",51
"ome15",51
"the5th8icant",51
"butcher",51
"knxcj",51
"brandeshield264",51
"imposter",51
"banner",51
"flashlight",51
"mayahizoro",51
"congo",51
"vintage",51
"j6",51
"woolzloud",51
"lebronvibe",51
"ninjakick",51
"ivory",51
"primat24cow",51
"reinforce",51
"staberizz",51
"thermite",51
"yonnajlove",51
"m4ribink",51
"scuze",51
"daintyboldciderstrawbeary",51
"wfhl2ji0qyxrh2j",51
"xnonzcatdance",51
"ember",51
"partti14hi",51
"7d",50
"a1mamilol",50
"aaaaaa",50
"agenttt",50
"asmon",50
"beefing",50
"belive",50
"bend",50
"burned",50
"char",50
"crackhead",50
"defo",50
"dei",50
"destiny",50
"ehhh",50
"fukin",50
"grounded",50
"haram",50
"hart",50
"jason's",50
"kaceywendy",50
"korean",50
"lobotomy",50
"lule",50
"marriage",50
"patty",50
"pogyou",50
"poppin",50
"prince",50
"shook",50
"spy",50
"stirthepot",50
"stunning",50
"sussy",50
"thugs",50
"verse",50
"waitwaitwait",50
"whitepeoplehappy",50
"woohoo",50
"yasss",50
"2500",50
"access",50
"alcatraz",50
"billie",50
"bish",50
"blinking",50
"c4",50
"canes",50
"den",50
"dunno",50
"error",50
"flipthis",50
"fuckkk",50
"gentlemen",50
"hs",50
"infected",50
"iso",50
"jacked",50
"mfers",50
"minor",50
"panzers",50
"reggie",50
"survived",50
"sync",50
"theyll",50
"ton",50
"traysobigw",50
"trim",50
"turbo",50
"underground",50
"vods",50
"wyd",50
"ditch",50
"independent",50
"kaiiiii",50
"lake",50
"thee",50
"yoy",50
"bangggggg",50
"brutal",50
"joshy",50
"mafiathon",50
"mijonion",50
"myf",50
"steamer",50
"takin",50
"jynx",50
"scjbreakdance",50
"2am",50
"guards",50
"tonyst22warriorvibes",50
"usss",50
"thatboiehhh",50
"dorms",50
"raccoon",50
"woolzpolice",50
"julia",50
"arkyszlebroncry",50
"emilyccshake",50
"inhaler",50
"maisie",50
"pulse",50
"tiff31dance",50
"tiffachudance",50
"penny2wt3w",50
"christ1447mascs",50
"widecinnalaugh",50
"mar3lgmaruhh",50
"alike",49
"attacking",49
"carti",49
"cinnya",49
"damnnnnnn",49
"deff",49
"doubled",49
"egoed",49
"fa",49
"failure",49
"fantasy",49
"fasho",49
"fbi",49
"foe",49
"gooood",49
"hmmge",49
"icon",49
"issa",49
"itttttttt",49
"jasont2jit",49
"jynxzifat",49
"killin",49
"letsss",49
"lineup",49
"lmaooooooooooooooooooo",49
"m4riiijam",49
"merica",49
"myth",49
"nerf",49
"parent",49
"plzz",49
"pot",49
"pound",49
"ryuchamp",49
"sam",49
"screams",49
"sssssssss",49
"staged",49
"suicide",49
"tatum",49
"tiktoks",49
"unlock",49
"wats",49
"yawning",49
"adapter",49
"addy",49
"aha",49
"birth",49
"bro's",49
"chatt",49
"chrome",49
"failing",49
"fluid",49
"gifteddddd",49
"gobblegummmms",49
"grease",49
"grumpy",49
"ihaveaquestion",49
"jamaica",49
"johnsondonpiano",49
"llllllll",49
"martin",49
"meeeeeeeeee",49
"michelin",49
"mics",49
"mint",49
"mob",49
"ova",49
"overrated",49
"plotge",49
"pockets",49
"prerecorded",49
"samson",49
"schools",49
"supervinlin",49
"thirsty",49
"tiger",49
"wider",49
"bandana",49
"bullies",49
"cray",49
"elislove",49
"firing",49
"fort",49
"kanelj4k",49
"kitties",49
"lashes",49
"rib",49
"spoil",49
"wizard",49
"bazalright",49
"blakkh1hmmm",49
"donkrun",49
"maddyecheese",49
"malik",49
"bendadon",49
"crown",49
"define",49
"naurrrr",49
"stunt",49
"uaaa",49
"yonnaaaa",49
"boyz",49
"exemlfg",49
"viperusgroovy",49
"ausi",49
"qtcrave",49
"doug",49
"almond",49
"clove",49
"cove",49
"saturn",49
"aoty",49
"powergpu",49
"bilzo",49
"mkopepeglitch",49
"jccaylenfire",49
"skyyteaw",49
"lluna1617",49
"420",48
"acts",48
"aside",48
"badd",48
"blend",48
"cranium",48
"defeated",48
"essaying",48
"fking",48
"gangsta",48
"hellooo",48
"heres",48
"humor",48
"innit",48
"jajajaja",48
"kendrickpls",48
"lacy's",48
"lma",48
"mam",48
"morphintime",48
"nevermind",48
"robots",48
"route",48
"shining",48
"slander",48
"spoons",48
"ssssssssssss",48
"thst",48
"tryin",48
"uhhhhhh",48
"wakes",48
"winners",48
"yalll",48
"yurrrr",48
"10am",48
"auraaaaa",48
"backkkkk",48
"believed",48
"broski",48
"decade",48
"exhausted",48
"flashbacks",48
"headshot",48
"himmm",48
"kayla0410",48
"laid",48
"manual",48
"mcdonald",48
"microphone",48
"milo",48
"mole",48
"nonsense",48
"papi",48
"saves",48
"string",48
"tray",48
"unlimited",48
"willing",48
"zeus",48
"abort",48
"guests",48
"handed",48
"o7o",48
"petite",48
"stranger",48
"tackle",48
"clam",48
"expired",48
"mrschmeh",48
"nearby",48
"rosiiwsip",48
"australians",48
"coat",48
"proposed",48
"timmo001",48
"ballright",48
"meeeeeeeee",48
"raee",48
"xqchead",48
"deen",48
"mydylsexiamoodeng",48
"trinitea23",48
"turd",48
"desks",48
"striped",48
"ashton102roll",48
"dessert",48
"lisais4thatsroughbuddy",48
"turnip",48
"quill",48
"queens56eating",48
"janix",48
"jamier17spinkitty",48
"mkodd",48
"avazura",48
"chatterboxsussysuit",48
"guaps",48
"lances5slide",48
"nu88s21",48
"2m",47
"airplane",47
"alley",47
"arch",47
"awwwwwwww",47
"blush",47
"boooooooo",47
"catguitar",47
"cleared",47
"disclaimer",47
"faces",47
"hahahahahahahahaha",47
"hahahhaha",47
"haitian",47
"industry",47
"involved",47
"kaichuh",47
"lint",47
"lm",47
"marvin",47
"material",47
"nightmares",47
"okayy",47
"poland",47
"pun",47
"roads",47
"savage",47
"senegal",47
"sings",47
"sniff",47
"sundays",47
"tectone",47
"waves",47
"wedonotcare",47
"yepers",47
"2h",47
"64",47
"abused",47
"alerts",47
"audi",47
"backing",47
"bets",47
"burner",47
"choking",47
"clippers",47
"complicated",47
"dent",47
"gloves",47
"highschool",47
"hills",47
"iii",47
"kim",47
"lately",47
"okayyyy",47
"playstation",47
"redemption",47
"rescue",47
"samsung",47
"seven",47
"spinning",47
"statue",47
"swarm",47
"thumbs",47
"triangle",47
"uo",47
"walter",47
"whooped",47
"womens",47
"wt",47
"yaps",47
"zealand",47
"cosmic",47
"magazine",47
"screwed",47
"srew",47
"thong",47
"uwot",47
"anese",47
"dates",47
"escaping",47
"kierapleazsmile",47
"overlyoverly",47
"polarbear",47
"root",47
"rosiiiiiii",47
"rosiijit",47
"sinnamc",47
"variant",47
"zazabert",47
"dumber",47
"proposal",47
"telemundo",47
"yeee",47
"hyperscope4000",47
"mobbingirl",47
"namor",47
"omevzdwerk",47
"tonystatovci",47
"whoop",47
"zoilll",47
"mira",47
"tracking",47
"cloth",47
"spardaljam",47
"cinnamerica",47
"seattle",47
"usausuasuasuo7",47
"taggiiblackspeaker",47
"gridlock",47
"laundrybasket",47
"ripple",47
"sierra",47
"utility",47
"warden",47
"ohkatierave",47
"mkoclownkodance",47
"expell",47
"saraaaa",47
"perccpgetgiggy",47
"300k",46
"abandon",46
"assuming",46
"bev",46
"booooooo",46
"cared",46
"charli",46
"cinnnaaaaaa",46
"collect",46
"dedicated",46
"edited",46
"elon",46
"employees",46
"feelsweirdman",46
"fellas",46
"glorious",46
"gucci",46
"inspiration",46
"jfc",46
"jidion",46
"joeler",46
"jpg",46
"kink",46
"media",46
"minaj",46
"ore",46
"peepowow",46
"rageeee",46
"reasons",46
"rewind",46
"rican",46
"roommates",46
"scott",46
"scrolling",46
"scuffed",46
"shouting",46
"sigma",46
"sooooooo",46
"teamwork",46
"thiss",46
"ummmmm",46
"warriors",46
"weights",46
"woooooooo",46
"yoooooooooooo",46
"author",46
"bike",46
"billionaire",46
"blackwing",46
"bombs",46
"brakes",46
"buttons",46
"chipmunk",46
"clapping",46
"cornball",46
"deadwire",46
"documentary",46
"falcon",46
"giftedd",46
"goku",46
"heated",46
"interact",46
"jasont2cry",46
"jynxzifall",46
"knut",46
"liking",46
"lurking",46
"mist",46
"models",46
"neighborhood",46
"pokisip",46
"portal",46
"rack",46
"restaurant",46
"roaches",46
"scooter",46
"seasoned",46
"september",46
"shoots",46
"snoring",46
"solution",46
"source",46
"st",46
"strapped",46
"swept",46
"tel",46
"thinker",46
"traysobooyaka",46
"arson",46
"caused",46
"donkwalk",46
"flock",46
"kippa",46
"mop",46
"shiiiiii",46
"slamming",46
"somone",46
"subject",46
"traitor",46
"cinnaarrive",46
"cliffhanger",46
"exempal",46
"raeletsgo",46
"reek",46
"rockou8rockoutslowdown",46
"spaced",46
"ww10",46
"bribe",46
"expel",46
"korea",46
"springs",46
"stabehypers",46
"buzz",46
"cozyrivals",46
"mates",46
"nicee",46
"collar",46
"itsmar125aurafarm",46
"primatepaige",46
"itselina14",46
"2027",46
"kaicconfusedd",46
"lacyvibe",46
"baftyno",46
"chandler",46
"jynxzilaugh",46
"moonnndxs",46
"oregon",46
"pansexualpride",46
"tachanka",46
"vigil",46
"btwcoached",46
"hennygroovydance",46
"s6gh",46
"haytchkaynogee",46
"ghosto88elrisitas",46
"pocket235bounce",46
"quilt",46
"yurnlittyyy",46
"african",45
"antarctica",45
"assemble",45
"beanie",45
"behave",45
"bounty",45
"brits",45
"catnotl",45
"clm",45
"cya",45
"dafuq",45
"dagger",45
"devinadvd",45
"disease",45
"ella",45
"ewwwwwwwwwww",45
"fanumnoway",45
"gifter",45
"groups",45
"holiday",45
"juicer",45
"knocking",45
"lmaoaoaoa",45
"london",45
"marks",45
"meats",45
"oscar",45
"plaqueboysad",45
"plenty",45
"recieved",45
"reported",45
"routine",45
"rug",45
"runnin",45
"tear",45
"tragic",45
"tweakin",45
"uuuu",45
"yolk",45
"za",45
"102",45
"barryallen5026",45
"capped",45
"chattt",45
"countdown",45
"discount",45
"egypt",45
"exhaust",45
"faxxxx",45
"feminist",45
"glcjo3meimei",45
"grateful",45
"greek",45
"guessed",45
"hay",45
"helen",45
"houses",45
"m4riiiheart",45
"madbuggin",45
"nazi",45
"offense",45
"oww",45
"photos",45
"plants",45
"pointing",45
"praisebrz",45
"spawning",45
"stance",45
"torch",45
"unfortunate",45
"worlds",45
"cabinet",45
"lok",45
"silkyrat",45
"sinner",45
"tires",45
"ambessalove",45
"fame",45
"psalm",45
"stalker",45
"widespeedeye",45
"alveusyellow",45
"asianjeff",45
"bundle",45
"burp",45
"destination",45
"freerosi",45
"goalllllll",45
"sodapray",45
"summoned",45
"taylor632wstream",45
"yappanese",45
"necoo1999",45
"ironmousef",45
"tommorow",45
"yungin2leaflaugh",45
"designer",45
"portable",45
"bonner",45
"sandle",45
"spectate",45
"luds",45
"ayemariyeaa",45
"clubs",45
"hardstuck",45
"luggage",45
"mozzie",45
"nmpnuggies",45
"oni",45
"queing",45
"shotojam",45
"woolzcatjam",45
"vanlopezfire",45
"30pm",45
"devicatxp",45
"timevape",45
"vapeee",45
"a2guaplove",45
"ijustl5heart",45
"snowth8wat",45
"thedes49deshaedance1",45
"activity",44
"announced",44
"assault",44
"caring",44
"crust",44
"decide",44
"donald",44
"episodes",44
"fishing",44
"gangster",44
"gee",44
"hereee",44
"hollywood",44
"hoo",44
"identical",44
"lasttimechatter",44
"lmaofreaky",44
"looooooooooool",44
"mice",44
"mizkid",44
"mizkifmarch",44
"necessary",44
"peepohey",44
"pleaseeeee",44
"profile",44
"sean",44
"slanted",44
"ssssssssssssss",44
"studied",44
"studio",44
"sugarballls",44
"vacuum",44
"wagent",44
"woahhhhh",44
"yolo",44
"yuhh",44
"17k",44
"2600",44
"ahhhhhhhhhh",44
"argue",44
"asses",44
"blaze",44
"caffeine",44
"carbon",44
"cleaner",44
"connected",44
"cussing",44
"dumpster",44
"eyelash",44
"file",44
"ghosts",44
"hiiiiiiii",44
"himm",44
"incase",44
"lagggg",44
"lambo",44
"manners",44
"molly",44
"morale",44
"patrick",44
"pile",44
"pipe",44
"relatable",44
"shorty",44
"sneakers",44
"sticking",44
"strategy",44
"tellin",44
"trophy",44
"waleb",44
"whatsupbrother",44
"zip",44
"anxious",44
"fanumlit",44
"geeked",44
"grief",44
"harden",44
"shawnc11willie",44
"shown",44
"sunroof",44
"terrified",44
"toooo",44
"zest",44
"defender",44
"mtlxwolf",44
"netanyahu",44
"scoreboard",44
"speedbackflip",44
"supergirl",44
"classs",44
"interviews",44
"rayasianboy",44
"stat",44
"wagay",44
"canoe",44
"evo",44
"rdcdementiades",44
"ribonoro",44
"somedayyyyy",44
"virtualgemma",44
"zoo",44
"crop",44
"deans",44
"dottaintworth",44
"edible",44
"jillcrdance",44
"nancyreetz",44
"985malcolm",44
"balrighttt",44
"crow",44
"kennet138troupe",44
"australien",44
"batter",44
"csectionism",44
"guava",44
"pillar",44
"wither",44
"screwdriver",44
"emilycclaugh",44
"ticketmaster",44
"rdcwen",44
"raeflirt",44
"shotzlit",44
"lizzoo",44
"autumn175gnome",44
"brazybecpiano",44
"morjandanceycats",44
"ahahah",43
"approved",43
"bake",43
"baked",43
"bieber",43
"bigbrother",43
"bloody",43
"botting",43
"callme992o",43
"cinns",43
"coin",43
"coughs",43
"din",43
"emiruwashers",43
"fruitrave",43
"glazer",43
"harm",43
"hotter",43
"huhhhhh",43
"hung",43
"impressed",43
"iss",43
"kaicforhead",43
"mann",43
"mannn",43
"oiler",43
"pcs",43
"peep",43
"pg",43
"pisses",43
"seizure",43
"shall",43
"slave",43
"slice",43
"ssssssss",43
"tweets",43
"unban",43
"vegan",43
"yeaaaaa",43
"yuhhhhh",43
"30s",43
"62",43
"7zip",43
"adam",43
"ancient",43
"attic",43
"beaver",43
"beds",43
"brokie",43
"buried",43
"curve",43
"delulu",43
"der",43
"directly",43
"domain",43
"dumbest",43
"equipment",43
"fuckkkk",43
"gts",43
"helpful",43
"heree",43
"illness",43
"jasont2sleeper",43
"jean",43
"lmk",43
"matrix",43
"millionare",43
"moreeee",43
"mum",43
"mush",43
"objective",43
"omeiic",43
"outt",43
"parlay",43
"perc",43
"perspective",43
"pinged",43
"precious",43
"psycho",43
"ra",43
"raiding",43
"router",43
"sunlight",43
"tick",43
"time's",43
"turtles",43
"typo",43
"volleyball",43
"yeti",43
"daylight",43
"rotten",43
"stain",43
"tat",43
"vouch",43
"doodle",43
"elismodcheck",43
"exemwow",43
"helly",43
"pixar",43
"ponder",43
"rawsi",43
"streammmmmm",43
"widespeedpilot",43
"zeal",43
"advice00",43
"dtchatconfusedcube",43
"dtchatjamesbrownha",43
"ferretcrossingthegulfofmexicowithametrictonofcokeonboardanddodgingthecoastguardtothebestofhisability",43
"marlawn",43
"olayyyy",43
"pufferpop",43
"raecool",43
"sharks",43
"somedayyyy",43
"undercover",43
"vegas",43
"youth",43
"invis",43
"tanks",43
"bathing",43
"ms2025009",43
"nastytenuousbatterydaesuppy",43
"palestine",43
"taper",43
"3milli",43
"bwidance",43
"dami",43
"spatula",43
"trays",43
"comedytoejam",43
"condition",43
"fern",43
"november",43
"tdspopbackbreaker",43
"christ1447moveit",43
"lizzooo",43
"suburb31love",43
"mkoclaps",43
"vulpdance",43
"nashtysource",43
"ashdyrg",43
"emilyccdude",43
"extrarona",43
"itscraigo7",43
"skinny159weareback",43
"debpw",43
"96",42
"affect",42
"ayoooooooo",42
"batch",42
"bobby",42
"countries",42
"deck",42
"deffo",42
"deo",42
"eew",42
"elis7",42
"exclusive",42
"feelsokayman",42
"finest",42
"giggle",42
"horrendous",42
"hyper",42
"lad",42
"leading",42
"lurker",42
"misterarther",42
"napping",42
"ohhhhhhh",42
"orders",42
"parachute",42
"percs",42
"retweet",42
"simba",42
"sl",42
"specific",42
"thankyou",42
"thumbnail",42
"toot",42
"trollin",42
"trueeee",42
"vampire",42
"whaaaat",42
"whom",42
"whoo",42
"written",42
"atpdance",42
"aux",42
"blankets",42
"cheetos",42
"ddosed",42
"farther",42
"flights",42
"folder",42
"frr",42
"funk",42
"hee",42
"lilveraaaaaaaaa",42
"meandtheboyswatchingcinnaandagentsuckassatzombies",42
"micheal",42
"mingle",42
"noticing",42
"oooooooooooo",42
"overthinking",42
"pinky",42
"predicts",42
"psa",42
"recover",42
"senior",42
"shed",42
"ships",42
"ss",42
"tesla",42
"tsk",42
"typa",42
"whyyyy",42
"woof",42
"wp",42
"bandit",42
"cia",42
"climbing",42
"delusion",42
"fires",42
"foggy",42
"kindness",42
"lbs",42
"pranks",42
"sack",42
"someone's",42
"swiftrage",42
"boop",42
"sweetest",42
"agnc",42
"cinna44",42
"coochiegobblinnn",42
"cords",42
"dfamickingbron",42
"divaaa",42
"drool",42
"goallllll",42
"theagencysockyap",42
"sloth",42
"walahi",42
"elisdancy",42
"salsa",42
"servalbop",42
"tropical",42
"adapt2sad",42
"minnie112noaura",42
"الناس",42
"3am",42
"bluemistpapi",42
"salads",42
"archer",42
"drdisrespect",42
"mantle",42
"rowwnel",42
"twitchsings",42
"ube",42
"gameplaycopper",42
"greybe4rd",42
"foxiisnorlaxbooty",42
"eggplant",42
"cyclospora",42
"girlheretweet",42
"ghostiexscuba",42
"nexieyshaking",42
"yugithon",42
"cuteggroove",42
"elinajam",42
"christ1447oh",42
"aa",41
"aimmm",41
"ankles",41
"answering",41
"brodie",41
"ci",41
"contest",41
"declined",41
"dissing",41
"distract",41
"drowning",41
"ftw",41
"gggs",41
"halloween",41
"hotdogs",41
"luh",41
"myeyes",41
"nerfed",41
"nooooooooooooooo",41
"noti",41
"reasonable",41
"salmonella",41
"sized",41
"slot",41
"spear",41
"thooo",41
"wah",41
"wooow",41
"yooooooooooooo",41
"yta",41
"6000",41
"abilities",41
"aimbot",41
"aliens",41
"assume",41
"bayonetta",41
"bedtime",41
"causing",41
"cc",41
"cobblestone",41
"crystal",41
"desperate",41
"disconnect",41
"dizzy",41
"drives",41
"dryer",41
"emma",41
"explore",41
"gaslighter",41
"gem",41
"havin",41
"helper",41
"johnson",41
"kaicsoap",41
"knowww",41
"larry",41
"military",41
"moose",41
"onnn",41
"outtt",41
"permanent",41
"pfffft",41
"policy",41
"predict",41
"randoms",41
"rly",41
"sensitive",41
"sets",41
"spoilers",41
"supports",41
"thousands",41
"tube",41
"uptime",41
"vc",41
"wears",41
"wwwwwwwwwwwwwwwwwwwwww",41
"yesssssssssss",41
"baggy",41
"bwilfg",41
"chant",41
"chins",41
"ct",41
"donna",41
"eta",41
"fore",41
"oilers",41
"tomatoes",41
"vips",41
"waist",41
"watering",41
"bathtub",41
"benches",41
"dubby",41
"exempog",41
"gotham",41
"kat",41
"lebronleave",41
"sublogik",41
"xl",41
"zipper",41
"chudmaxxing",41
"djaudio1djcoolbreeze",41
"goall",41
"iran",41
"knxstress",41
"soundboard",41
"ubi",41
"yrgethisguy",41
"bobo",41
"heroes",41
"themed",41
"answers",41
"danny",41
"imkingston2",41
"loolo",41
"nodeal",41
"seereaxtv",41
"zooming",41
"andyinsomnia",41
"rockout",41
"catali49dance123",41
"grasslord",41
"kierapleaze",41
"macro",41
"mammoth",41
"wawasit",41
"cmoneytalien",41
"customs",41
"luvvingogogo",41
"ripe",41
"zoiljam",41
"tbpeanutanimpeanut",41
"m4kthechautime",41
"databasedonkjam",41
"emilyccrun",41
"stdean",41
"conway",41
"aikooofficial",41
"caseohalpha",41
"realka58shocked",41
"fumibean",41
"aamishmetal",41
"bangathon",41
"hutthuff",41
"yeast",41
"bricked",40
"convince",40
"direct",40
"dna",40
"doooo",40
"druski",40
"explaining",40
"explains",40
"fastest",40
"fireeee",40
"founder",40
"freeeeeeeeee",40
"ggss",40
"goose",40
"hats",40
"hmmmmmm",40
"including",40
"inspirational",40
"interaction",40
"interstellar",40
"ir",40
"laden",40
"lmfaaaoooo",40
"lmfaoooooooooooooooo",40
"lollllllll",40
"mah",40
"maid",40
"members",40
"mighty",40
"mutant",40
"nop",40
"notification",40
"projecting",40
"promised",40
"reaper",40
"reddit",40
"released",40
"removed",40
"secondary",40
"sponsors",40
"squeex",40
"sssssssssss",40
"sssssssssssssss",40
"statement",40
"traumatized",40
"unbanned",40
"unit",40
"valley",40
"waitttt",40
"whispering",40
"whoooo",40
"wingstop",40
"wishes",40
"wya",40
"yoolookatthiscatdoinitslildancydanceintoabreakdancemove",40
"3333",40
"999",40
"arrowtmas",40
"beeeeee",40
"bodyguard",40
"breaths",40
"bums",40
"buncha",40
"bunk",40
"calendar",40
"dice",40
"domestic",40
"doorway",40
"downfall",40
"emiruhuggy",40
"exercise",40
"extensions",40
"fathers",40
"feature",40
"girlie",40
"glove",40
"guaranteed",40
"haymaker",40
"honk",40
"ina",40
"instigating",40
"laggggg",40
"madness",40
"mp40",40
"mrroflwaffles",40
"mystic",40
"nawww",40
"nighter",40
"nowwww",40
"odango",40
"okok",40
"opens",40
"peaked",40
"recognize",40
"sane",40
"scale",40
"sike",40
"situations",40
"snatched",40
"spike",40
"suits",40
"tylerthatboii",40
"tysm",40
"vibin",40
"whaat",40
"yapp",40
"yappathon",40
"zoilclap",40
"arrives",40
"boston",40
"capppp",40
"cologne",40
"deads",40
"fling",40
"insanity",40
"lollol",40
"sissy",40
"ussss",40
"waddle",40
"7ft",40
"artistic",40
"pawgchamp",40
"steroids",40
"viperusw",40
"dood",40
"j0urn3r",40
"knowwwww",40
"marlons",40
"olayyy",40
"pogly",40
"rani",40
"bangg",40
"blackb159bblaugh",40
"cheering",40
"raidddddd",40
"wassuh",40
"oval",40
"raeblankies",40
"reinstall",40
"rosey",40
"bacteria",40
"coals",40
"flake",40
"lanayruth",40
"realmasterpeace",40
"stabepet",40
"itsmis68mumu",40
"heater",40
"avithadance",40
"bnr",40
"bnrheart",40
"daycare",40
"deathmatch",40
"emilyccshakey",40
"itsmis68clap",40
"itspla1vibing",40
"kapkans",40
"manner",40
"mills",40
"tearing",40
"hennyjelly",40
"rayasibald",40
"duffrylove",40
"korra",40
"vadrisheart",40
"bbygir12edmmusic",40
"redbone",40
"zcinna",40
"cinncs",40
"jayontap",40
"primewxlf2114",40
"thejor35headnod",40
"tripe",40
"uranus",40
"1s",39
"ahahahah",39
"ahhhhhhhhh",39
"averaging",39
"batchest",39
"bby",39
"bein",39
"beyblade",39
"blm",39
"boundaries",39
"callme992cooked",39
"coo",39
"cracks",39
"cupcake",39
"dd",39
"decision",39
"eewwww",39
"emirupray",39
"emoneyahaha",39
"entropywins",39
"estate",39
"freecinna",39
"freeee",39
"goddess",39
"grim",39
"inner",39
"junk",39
"kate",39
"lifetime",39
"lifting",39
"ludwigs",39
"micro",39
"monkaomega",39
"nine",39
"noww",39
"payed",39
"plank",39
"plzzzz",39
"pooters",39
"recent",39
"remembers",39
"request",39
"rome",39
"sajhop",39
"tons",39
"tufff",39
"types",39
"unite",39
"ut",39
"violated",39
"walkin",39
"whooo",39
"abstract",39
"argument",39
"article",39
"asks",39
"blown",39
"campfire",39
"cinnas4head",39
"clicking",39
"clutched",39
"commitment",39
"cups",39
"entertain",39
"epstein",39
"facetime",39
"feelin",39
"georgia",39
"gloryboyyuvi",39
"goober",39
"happier",39
"hints",39
"hn",39
"kaicfed",39
"lockdown",39
"lydiavwidejigglin",39
"martial",39
"medic",39
"oreo",39
"patches",39
"picks",39
"planted",39
"plutonium",39
"recovery",39
"runner",39
"sauces",39
"sensitivity",39
"subscribe",39
"villian",39
"widenessie",39
"wilding",39
"wishing",39
"anonemesss",39
"ap",39
"baking",39
"faint",39
"gassed",39
"oou",39
"paradise",39
"prize",39
"teaaa",39
"treating",39
"wrath",39
"alveusnod",39
"burgertime",39
"cbs2la",39
"cursing",39
"dickgraysonstushie",39
"nofilter",39
"owl",39
"polar",39
"roush",39
"typos",39
"m4rijiggle",39
"repeating",39
"riveting",39
"uncivilslokitwerk",39
"wotion",39
"yas",39
"arkyyy",39
"christ1447lgbtq",39
"directra",39
"k3v",39
"subgoal",39
"tetris",39
"vader",39
"widescream",39
"dallas",39
"emilyy",39
"kettle",39
"exemchonk",39
"fortune",39
"honedance2",39
"honkshoe",39
"chudvibe",39
"tlc",39
"deadlift",39
"itzzeelicious",39
"somber",39
"bandaid",39
"databaseedm",39
"dejohnsostare",39
"matress",39
"melusi",39
"saraaa",39
"skateboard",39
"starlight",39
"unii",39
"util",39
"yama",39
"jensel4hehehe",39
"crasho35oop",39
"friendl",39
"mkotechpls",39
"yonnaaa",39
"flippenjosh",39
"guappo",39
"thedes49haha",39
"happyh57lies",39
"15bus",39
"tbpeanuthold",39
"xylophone",39
"actors",38
"aims",38
"asmongold",38
"beyonce",38
"boobs",38
"botox",38
"bugged",38
"canned",38
"cappin",38
"caughtin4k",38
"cinaaaaa",38
"cinnaaaaaaaaaa",38
"compilation",38
"crazyyyyy",38
"crip",38
"dosent",38
"doxxed",38
"et",38
"excellent",38
"extortion",38
"foam",38
"fuckk",38
"hahhaha",38
"incel",38
"inches",38
"keith",38
"lololololol",38
"loosing",38
"mister",38
"nerds",38
"oooof",38
"props",38
"sadchamp",38
"shawn5961",38
"sin",38
"sssssssssssss",38
"steampowered",38
"talented",38
"tim",38
"tower",38
"trenches",38
"tuah",38
"valkyrie",38
"waht",38
"wap",38
"weasel",38
"woooooooooooooooooooooooooooooooooooooooooooooooooooooooooooooooahyeahbabythatswhativebeenwaitingfor",38
"woooow",38
"yeeee",38
"0m",38
"111111111",38
"1h",38
"22222222",38
"350",38
"68",38
"agentt",38
"bites",38
"buddhabar",38
"byeeeeeee",38
"chaser",38
"collection",38
"data",38
"divine",38
"ep",38
"fbspiral",38
"freeeeeeeee",38
"geek",38
"hahahaa",38
"hamburger",38
"hatewatchers",38
"hoarding",38
"hundred",38
"ikr",38
"increase",38
"int",38
"kidnap",38
"ko",38
"mk2",38
"monty",38
"neon",38
"nor",38
"payback",38
"peeposad",38
"restarted",38
"reward",38
"sheeeesh",38
"sleeper",38
"slower",38
"speeding",38
"surrender",38
"suspicious",38
"thief",38
"twich",38
"uav",38
"void",38
"balanced",38
"blakkh1novalove",38
"calculator",38
"chime",38
"cliff",38
"deliver",38
"digger",38
"emirulaughingatyou",38
"hereeee",38
"lacykekw",38
"o7o7",38
"rqyiopt2e0s",38
"scriptl",38
"surf",38
"tickles",38
"turner",38
"alveuscorn",38
"arkyszclassic",38
"blackcatluck",38
"bucky",38
"cage",38
"cuffem",38
"elisproud",38
"immersion",38
"irish",38
"quota",38
"santizfeed",38
"aviv",38
"comingggg",38
"entered",38
"futbol",38
"mellow",38
"noraexdance",38
"zakthegoat2003",38
"supa",38
"zxl",38
"bonnieeee",38
"ivy",38
"ohfuck",38
"plumber",38
"smirk",38
"beanieluigi",38
"crazier",38
"emileh",38
"jab",38
"laiys",38
"mxvariation",38
"sleeve",38
"healthcare",38
"iced",38
"ishowspeedclap",38
"wooden",38
"emirucry",38
"theagencycooked",38
"vncewait",38
"accessibility",38
"elissleep",38
"hollow",38
"hvdraslost",38
"lienflamingo",38
"marcoyue1",38
"sprout",38
"rayasichickenchest",38
"munchmckuchi",38
"questioni",38
"shawns33sonn",38
"307",38
"bungle7bounce",38
"elinameng",38
"jasont2aznlm",38
"smp",38
"pascal131popcorn",38
"dasslashakedah",38
"kitsun590hypeddd",38
"kitsun590psyduck",38
"yugi2inch",38
"1200",37
"8th",37
"adopt",37
"andrew",37
