"word","frequency"
"the",71023
"marlon",65279
"is",55913
"mar3lgm3",48608
"you",48177
"w",47476
"to",47170
"lol",45968
"a",41283
"bro",36161
"in",30687
"i",30667
"he",29725
"u",28209
"go",28129
"it",27514
"lacy",22363
"and",21542
"on",21116
"for",20332
"streameru2026",20063
"get",19316
"what",19213
"that",18206
"ww",17725
"s",17368
"this",17325
"l",16815
"up",16440
"no",15807
"gg",15142
"your",14726
"are",14096
"they",13997
"not",13908
"we",13712
"son",13466
"kai",13028
"www",12542
"yo",12396
"do",11920
"with",11906
"1",11895
"so",11774
"good",11733
"just",11729
"mar",11465
"got",11272
"chat",11263
"jason",11152
"ron",11100
"of",11096
"me",11092
"be",10336
"why",10332
"at",10255
"like",10244
"ur",10198
"him",9810
"can",9625
"out",9482
"yes",8830
"t",8782
"was",8530
"its",8432
"my",8410
"stream",8366
"wtf",8325
"his",8083
"who",7860
"wwww",7615
"time",7361
"have",7330
"where",7278
"how",7190
"back",7152
"coming",6988
"lmao",6969
"wake",6948
"did",6921
"there",6907
"game",6894
"3",6777
"all",6687
"she",6641
"run",6639
"lag",6639
"going",6441
"goalhype",6267
"wwwww",6182
"ass",5930
"if",5903
"lo",5895
"2",5801
"love",5739
"now",5734
"gonna",5724
"or",5714
"silky",5657
"when",5626
"holy",5607
"man",5585
"fuck",5419
"yall",5341
"off",5334
"shit",5225
"dont",5176
"room",5158
"lul",5156
"partyhat",5132
"class",5115
"from",5085
"sub",5078
"stop",5016
"hi",4898
"oooo",4874
"watch",4854
"need",4843
"one",4802
"nah",4790
"5",4762
"call",4761
"happy",4699
"im",4645
"max",4629
"look",4522
"aura",4465
"help",4459
"see",4361
"too",4279
"damn",4228
"wwwwww",4184
"here",4177
"partner",4175
"ads",4158
"hold",4151
"messi",4108
"oh",4103
"has",4046
"getting",4044
"said",4043
"https",4041
"ouu",4030
"her",4029
"subscribed",3956
"say",3941
"sweden",3893
"about",3890
"better",3877
"take",3872
"0",3864
"know",3847
"omg",3839
"rocket",3827
"party",3816
"uuh",3788
"anniversary",3701
"hes",3669
"f",3658
"but",3650
"them",3607
"please",3596
"england",3564
"bruh",3557
"ggs",3557
"shi",3557
"tier",3554
"com",3532
"will",3532
"guys",3508
"let",3475
"tell",3474
"tf",3470
"don",3431
"mmm",3412
"crazy",3391
"streamer",3385
"fanum",3332
"rock",3322
"spain",3314
"come",3309
"bad",3301
"team",3279
"m",3273
"doing",3262
"yugi",3240
"ronaldo",3189
"yooo",3181
"more",3125
"4",3115
"gng",3086
"10",3072
"god",3068
"show",3060
"gifted",3003
"guy",2997
"lock",2969
"leave",2933
"ask",2932
"bratchat",2930
"some",2910
"daddy",2898
"thats",2883
"rt",2875
"watching",2874
"wwwwwww",2872
"mhm",2844
"live",2824
"way",2819
"people",2818
"big",2805
"usa",2805
"still",2803
"think",2791
"make",2770
"6",2760
"twitchconhype",2757
"win",2743
"play",2722
"goat",2716
"fr",2705
"right",2695
"ahh",2674
"rn",2671
"mar3lg",2662
"cooked",2659
"mog",2645
"m3",2632
"gang",2627
"even",2623
"as",2614
"should",2602
"an",2596
"am",2565
"ll",2553
"someone",2537
"day",2536
"speed",2524
"larp",2521
"ad",2510
"put",2508
"us",2501
"free",2479
"lets",2468
"yoooo",2451
"yeah",2438
"mexico",2433
"o",2420
"youtube",2420
"pool",2391
"down",2366
"next",2351
"everyone",2341
"would",2328
"yoo",2323
"gotta",2320
"sleep",2313
"king",2300
"amen",2290
"mods",2289
"add",2288
"world",2277
"only",2275
"use",2261
"much",2245
"pls",2236
"r",2228
"camera",2226
"discord",2213
"cap",2201
"gay",2199
"does",2192
"want",2186
"btw",2185
"first",2181
"x",2164
"core",2164
"ok",2161
"duke",2151
"streak",2147
"notlikethis",2132
"been",2131
"gift",2130
"tv",2126
"france",2123
"real",2120
"lmfao",2120
"ball",2107
"best",2098
"check",2095
"dude",2078
"cup",2075
"subs",2071
"hell",2050
"new",2047
"mogged",2041
"links",2040
"wwwwwwww",2038
"saj",2036
"give",2026
"stabeblue",2025
"basketball",1993
"food",1990
"streams",1989
"geeg",1989
"ngl",1954
"goal",1948
"15",1947
"d1",1945
"twitch",1932
"dans",1926
"then",1915
"by",1914
"boy",1912
"7",1911
"cant",1910
"wait",1909
"name",1908
"fight",1905
"playing",1903
"kid",1890
"looks",1881
"girl",1875
"happened",1865
"over",1851
"clip",1843
"again",1842
"argentina",1838
"portugal",1836
"tho",1823
"sob",1815
"save",1798
"chill",1794
"lmaooo",1790
"prime",1790
"ofc",1780
"start",1774
"last",1764
"today",1762
"focus",1760
"talk",1753
"haskell",1739
"nice",1738
"ooo",1734
"rakai",1725
"fake",1715
"shirt",1713
"behind",1702
"la",1700
"vs",1686
"whats",1685
"than",1678
"they've",1677
"winning",1673
"university",1668
"2026",1668
"japan",1667
"fat",1661
"su",1655
"d",1643
"hat",1640
"watched",1634
"hey",1606
"fries",1601
"house",1594
"snapchat",1594
"needs",1592
"y",1589
"gym",1588
"yooooo",1572
"late",1571
"bang",1570
"already",1564
"football",1553
"wrong",1545
"night",1545
"mar3lgmaryessir",1542
"yea",1540
"reddit",1529
"wow",1526
"ayo",1520
"months",1519
"app",1517
"keep",1513
"pre",1511
"actually",1510
"mar3lgmarcaught",1502
"left",1501
"talking",1492
"it's",1491
"won",1489
"tuff",1487
"aint",1483
"67",1482
"looking",1475
"after",1473
"these",1473
"ts",1472
"home",1470
"long",1469
"saying",1461
"draccota",1452
"really",1446
"cut",1444
"raid",1438
"zap",1437
"sonion",1433
"sparked",1430
"consecutive",1423
"wwwwwwwww",1413
"fine",1408
"huh",1398
"mad",1397
"asf",1396
"kekw",1396
"always",1386
"same",1386
"fax",1385
"lil",1384
"outside",1375
"ba",1374
"8",1373
"song",1371
"water",1369
"o7",1367
"100",1363
"never",1360
"july",1359
"lmaoo",1355
"brother",1351
"30",1344
"were",1339
"mic",1335
"dunk",1333
"fairs",1333
"mar3lgmarflex",1330
"shii",1324
"other",1317
"randomkid",1317
"fix",1308
"sped",1302
"phone",1301
"n",1300
"adapt",1285
"something",1282
"young",1282
"black",1276
"20",1276
"find",1272
"dinodance",1267
"tota",1264
"cam",1263
"posting",1262
"being",1257
"mar3lgmarhype",1257
"red",1256
"snitched",1247
"don't",1245
"cmon",1242
"seemsgood",1237
"hah",1235
"caught",1234
"re",1232
"cheer1",1230
"finally",1230
"pewpewpew",1226
"gooo",1225
"change",1223
"jesus",1215
"fire",1213
"before",1211
"code",1211
"whole",1207
"wsg",1205
"coach",1205
"wanna",1200
"open",1200
"bag",1196
"baby",1194
"face",1194
"sleeping",1193
"dean",1191
"nabs",1191
"chopped",1178
"mijo",1176
"bros",1174
"rip",1166
"had",1164
"7tv",1163
"bigsad",1159
"english",1158
"dead",1155
"funny",1149
"wedidit",1148
"hair",1147
"door",1140
"tomorrow",1138
"lmaoooo",1134
"slaiqe",1134
"gun",1131
"their",1130
"lost",1128
"11",1127
"0pogix",1127
"miss",1125
"sketch",1123
"skully",1121
"clap",1118
"made",1117
"days",1113
"siptime",1111
"turn",1108
"nike",1106
"yesss",1099
"ew",1098
"cameraman",1096
"brooo",1093
"broo",1088
"office",1087
"top",1085
"eat",1081
"shower",1080
"window",1076
"bible",1076
"wwwwwwwwww",1072
"ray",1072
"dami",1070
"mf",1069
"snitching",1068
"quality",1066
"hello",1064
"score",1061
"blaxter56",1061
"well",1058
"old",1050
"ding",1048
"stay",1047
"mar3lgmarcinema",1046
"end",1038
"life",1038
"move",1037
"he's",1037
"jshock",1037
"many",1035
"hours",1032
"clappi",1029
"stfu",1028
"war",1024
"hard",1022
"car",1022
"match",1017
"9",1016
"residentsleeper",1012
"skip",1009
"jump",1005
"switch",1005
"cinna",1005
"g",1003
"noooo",1002
"yoooooo",1000
"streaming",999
"taw",997
"expelled",995
"fan",991
"nooo",988
"shoes",988
"imlofex",988
"practice",985
"min",983
"content",983
"bye",976
"snitch",973
"download",968
"lmfaoo",967
"didnt",964
"read",964
"crying",961
"ain",960
"teacher",960
"because",957
"bet",954
"done",953
"thing",953
"hit",953
"study",953
"nigga",950
"12",950
"work",948
"wutface",948
"kreygasm",945
"feel",944
"friend",942
"thank",939
"maybe",937
"whattt",936
"month",935
"could",933
"currently",931
"lagging",931
"blocked",929
"pull",926
"dong",925
"mean",924
"warning",924
"close",923
"every",923
"lagg",921
"du",918
"nga",918
"da",917
"might",916
"mar3lgmarlmao",916
"went",915
"loll",915
"hurry",912
"ooooo",912
"waffle",912
"great",910
"bring",909
"goo",908
"language",908
"tryna",902
"write",902
"weird",899
"50",898
"goooo",898
"hear",896
"woah",893
"muted",893
"hope",892
"nothing",892
"spideythwip",892
"wants",891
"break",890
"rigged",890
"channel",887
"shot",884
"year",883
"can't",879
"mute",879
"sure",877
"screen",876
"line",874
"gone",874
"morning",874
"mar3lgmarsendlove",873
"bus",872
"robbed",871
"belgium",868
"school",867
"js",867
"wakey",865
"respect",863
"lowkey",862
"widetime2",861
"hero",858
"heyguys",857
"fit",856
"af",855
"pm",855
"dih",855
"hahaha",854
"deadass",854
"scored",853
"kids",850
"eating",848
"around",846
"mod",846
"yess",845
"away",843
"wwwwwwwwwww",841
"mar3lgmarpray",840
"meet",839
"ff",839
"dumb",836
"against",834
"ya",832
"lolll",832
"i'm",831
"detention",830
"runnn",829
"spam",829
"taking",828
"marlonnn",828
"player",823
"fans",819
"trying",817
"bru",817
"minutes",816
"ome44",814
"literally",812
"word",812
"ong",811
"mvp",810
"head",808
"sit",808
"jersey",808
"detected",805
"oop",803
"ditch",802
"laggg",802
"suburb",802
"goatemotey",799
"called",798
"badge",798
"little",797
"cute",797
"ever",796
"ewww",793
"hate",792
"thought",791
"eww",791
"beat",790
"communities",789
"okay",788
"try",787
"1v1",787
"making",785
"shoot",785
"subscribe",785
"em",784
"m3skee",784
"1926380245063520455",783
"boys",782
"pbm",776
"nick",775
"happening",771
"demon",768
"marlonluga",767
"mar3lgmarinlove",767
"those",764
"waffles",761
"into",759
"ig",758
"bed",757
"haha",753
"leaving",751
"small",751
"both",751
"wheres",751
"gon",749
"random",748
"bless",748
"inside",748
"any",746
"streamers",746
"buy",743
"money",743
"mins",743
"music",742
"tiktok",741
"didn",738
"pray",738
"walk",734
"locked",734
"ouuu",734
"glaze",733
"married",733
"mogging",732
"pin",726
"e",721
"idk",721
"told",721
"most",718
"trust",715
"another",715
"mogs",714
"mbappe",713
"dumbass",712
"squid2",710
"ah",709
"sitting",709
"finna",708
"swedish",707
"tonight",706
"fff",703
"missed",701
"tylil",701
"yt",698
"points",695
"de",694
"germany",691
"hour",691
"pfft",691
"broooo",690
"norway",690
"final",687
"madi",685
"true",684
"grown",684
"wsp",684
"facts",680
"lll",679
"wwwwwwwwwwww",679
"co",679
"saw",678
"joined",678
"braeden",678
"side",676
"ye",676
"soccer",676
"hot",674
"police",673
"vamos",673
"marlons",672
"j",671
"ome32",670
"yet",669
"marlonnnn",668
"mud",666
"babyrage",665
"delayed",664
"bosnia",664
"nahhh",662
"knows",662
"blue",660
"anyone",657
"whos",656
"ai",656
"ppl",655
"lose",655
"llll",654
"adds",654
"lying",653
"runn",653
"wth",651
"clips",651
"pogchamp",651
"cenat",650
"shush",649
"mee",649
"pay",648
"starting",647
"vhagarchamp",647
"bout",646
"wc",646
"noo",645
"cause",645
"send",644
"seen",643
"sold",643
"25",642
"club",641
"theilluminati",641
"drew",636
"nahh",634
"guapo",634
"runnnn",632
"straight",629
"hahahaha",627
"waiting",627
"guess",626
"exclusive",625
"ban",623
"that's",623
"voice",618
"join",618
"paint",618
"mar3lgmarnooo",618
"yessss",617
"segment",617
"denied",617
"anything",616
"cuz",616
"ome10",616
"games",615
"mar3lgmardepressed",615
"rofl",615
"mar3lgmarggs",613
"emotes",612
"buh",612
"chair",610
"pass",610
"half",608
"shout",607
"broke",606
"congrats",606
"type",605
"ring",605
"trash",604
"everything",603
"stupid",603
"ohshit",603
"13",602
"point",602
"cinema",599
"our",598
"classic",595
"mobile",595
"bitrate",595
"buddy",592
"place",592
"lagggg",590
"degloved",590
"io",589
"thanks",587
"gooooo",586
"17",584
"fym",584
"sad",583
"stadium",581
"mar3lgmarblegh",580
"matter",579
"white",579
"green",579
"yh",579
"shiii",577
"b",577
"yooooooo",576
"extension",575
"friends",574
"security",574
"frosty",574
"marlonn",573
"fun",571
"number",571
"wear",571
"person",570
"sorry",569
"accepted",568
"almost",566
"pick",566
"drop",566
"wifi",566
"frostyapp",566
"bit",565
"scared",565
"also",565
"ve",564
"que",564
"calling",564
"through",562
"uh",562
"yellow",562
"sum",561
"tired",561
"larper",561
"mar3lgmarcry",561
"easy",560
"abt",558
"push",558
"kappa",558
"care",557
"mom",557
"ffff",557
"wife",556
"yourself",556
"alumni",556
"far",555
"cr7",554
"girls",553
"probably",552
"slow",552
"community",552
"ayooo",551
"listen",551
"arrested",551
"netherlands",549
"started",549
"job",549
"full",548
"lacys",548
"lmaooooo",547
"ready",547
"bathroom",546
"dawg",546
"ez",546
"ahhh",544
"doritoschip",544
"cheergi",544
"ayoo",543
"running",540
"gn",540
"uber",537
"pessi",536
"key",534
"own",534
"wwwwwwwwwwwww",534
"else",533
"yesterday",533
"k",533
"lebron",533
"mmmm",532
"you're",531
"men",528
"hella",528
"nooooo",526
"insane",526
"question",526
"unc",525
"kick",524
"campus",524
"stage",523
"ome5",523
"id",522
"congo",521
"main",520
"banned",519
"jay",519
"mar3lgmarrip",517
"part",515
"leak",515
"popnemo",515
"brazil",513
"preetmerchant",513
"collab",510
"played",510
"foul",510
"fucking",509
"ayy",509
"birthday",509
"lamine",508
"kinda",507
"cool",507
"wearing",506
"na",506
"fifa",506
"alr",505
"lmfaooo",505
"youre",504
"fast",504
"24",503
"marlon's",502
"mar3lgmarjamming",500
"clean",499
"hide",498
"lot",498
"ref",498
"delay",496
"hurt",495
"stole",495
"mar3lgmarblush",495
"mar3lgmareww",495
"mar3lgmaruhh",495
"poor",494
"kanel",494
"while",493
"very",493
"rage",493
"yamal",493
"throw",491
"low",491
"pinned",491
"larping",491
"cry",490
"18",490
"happen",489
"lacyyy",489
"card",488
"bully",488
"let's",487
"på",487
"stuff",486
"lllll",486
"chris",486
"fart",485
"goals",485
"losing",483
"dad",481
"mans",481
"under",481
"lollll",480
"soon",479
"rons",479
"later",478
"fortnite",478
"arky",478
"kiss",477
"runnnnn",476
"took",475
"perfect",474
"bilzo",474
"sound",473
"country",472
"mar3lgmarhuhh",472
"what's",471
"together",470
"body",470
"two",470
"twin",470
"cops",469
"ohnono",469
"16",468
"theres",466
"40",466
"died",465
"imagine",465
"having",465
"times",465
"driver",465
"nobody",464
"remember",463
"spider",463
"p",462
"fffff",462
"drool",462
"shock",462
"mar3lgmaridk",461
"farm",460
"came",459
"sing",458
"ended",458
"homecoming",458
"years",457
"irl",457
"stand",457
"wave",457
"14",456
"seeing",456
"buzz",456
"suck",455
"26",454
"leaked",454
"video",453
"ou",453
"cook",452
"total",452
"seat",452
"south",451
"h",450
"ay",450
"raiders",450
"picture",449
"touch",449
"uppp",448
"ewwww",448
"y'all",448
"buns",447
"till",446
"engaged",445
"ashton",445
"doesnt",444
"cop",440
"loud",440
"believe",439
"gifting",439
"mutted",439
"mar3lgmarezz",439
"understand",438
"ma",438
"ayoooo",436
"sverige",436
"meee",435
"wheelchair",435
"ugly",434
"flight",434
"alone",434
"dat",433
"nyc",433
"gets",433
"crack",433
"sexy",433
"loves",433
"silk",433
"city",431
"yoooooooo",431
"marlonnnnn",431
"senegal",431
"agent",430
"quick",430
"dinner",430
"sybau",430
"voteyea",429
"pants",429
"diddy",428
"stuck",428
"d2",428
"pen",427
"canada",426
"subtember",426
"everybody",425
"imglitch",425
"shots",424
"link",423
"bench",423
"light",422
"ed",420
"cooking",419
"ayyy",419
"feet",418
"hiii",418
"laggy",418
"ghana",418
"watchtime",417
"players",417
"dog",416
"follow",415
"leg",414
"los",413
"balls",413
"paper",413
"aga",413
"isnt",412
"lmaoooooo",412
"hand",412
"audio",412
"dorm",412
"dam",411
"shut",411
"acting",411
"doin",410
"si",410
"worst",409
"wish",408
"shes",407
"speak",407
"pretty",406
"motion",406
"high",405
"lowk",405
"ohh",405
"outta",405
"hoop",405
"kane",405
"19",404
"second",404
"vanillaz",404
"without",403
"smh",401
"roommate",401
"edit",401
"omecheer",401
"chance",400
"asking",399
"laggggg",399
"drunk",398
"cringe",398
"spent",398
"lacey",398
"special",397
"spot",397
"dang",397
"pic",396
"lame",396
"captain",396
"student",395
"laiys",394
"serious",393
"upp",393
"lie",392
"keys",392
"dance",391
"dick",391
"support",391
"short",391
"tunisia",390
"different",389
"rich",389
"turkey",389
"3rd",388
"shave",388
"lacyy",388
"spamming",387
"bc",386
"dip",385
"walking",385
"group",385
"chud",384
"är",383
"drake",383
"nahhhh",383
"deal",382
"c",382
"bih",379
"floor",379
"forget",379
"meeee",379
"ddg",379
"helicopter",379
"since",377
"wins",377
"defense",376
"oooooo",375
"ego",374
"chicken",373
"ingest",373
"doesn",372
"wont",372
"coconut",372
"heard",371
"ago",371
"teach",371
"message",371
"isak",371
"haircut",370
"which",369
"says",369
"vivet",369
"korea",368
"wall",367
"gooning",367
"morocco",367
"family",366
"10k",366
"band",366
"saturday",366
"yesssss",365
"forgot",364
"mar3lgmarhey",364
"noway",363
"internet",363
"telling",362
"viva",362
"spray",361
"slay",361
"glasses",360
"prediction",360
"bigger",359
"tip",359
"evil",358
"banger",358
"listening",357
"stable",357
"bald",355
"brooooo",355
"post",355
"rate",355
"marr",355
"damii",355
"janitors",354
"wanted",353
"uhh",353
"mar3lgmarstage1",353
"yagoo",353
"didn't",352
"such",351
"shooting",351
"lacyyyy",351
"awake",351
"backpack",351
"fuh",351
"wardrobe",351
"sup",350
"following",349
"ohhh",349
"hahahah",349
"farming",349
"moving",348
"aww",348
"lips",348
"shorts",348
"wwwwwwwwwwwwww",348
"title",348
"pause",347
"ab",347
"front",347
"corny",347
"wwwwwwwwwwwwwww",347
"isn",346
"lady",346
"early",346
"plan",346
"llllll",346
"lazy",345
"pain",345
"order",345
"021",345
"16th",345
"wild",343
"steal",343
"story",342
"tomato",341
"sucks",340
"peak",340
"punchtrees",340
"beautiful",339
"grab",339
"ik",339
"fried",339
"noooooo",338
"missing",338
"kekwalk",338
"clarence",337
"wtfff",336
"ill",336
"sweet",335
"favorite",335
"marlin",335
"goldplz",335
"blomforce",335
"goin",334
"swear",334
"amazing",334
"escape",334
"alright",333
"drink",333
"drive",333
"eyes",332
"fighting",332
"ain't",331
"court",331
"press",330
"jude",330
"answer",329
"washed",329
"where's",329
"mogger",329
"mar3lgmarsobbing",329
"set",328
"account",328
"working",328
"aye",328
"papi",327
"tall",327
"himself",327
"squid3",327
"hands",326
"draw",326
"dwerk",326
"jjaidens",326
"definitely",325
"giving",325
"def",325
"v",325
"272",325
"mid",324
"middle",324
"minute",324
"professor",324
"laga",324
"squid4",323
"enough",322
"jail",322
"boi",322
"bellingham",321
"clock",321
"hating",321
"granny",320
"pulled",320
"upppp",320
"huu",320
"reason",319
"week",319
"instead",319
"glazing",319
"likes",319
"bloodtrail",318
"cmonbruh",317
"gute",317
"rest",316
"least",316
"table",316
"lethal",316
"lizzo",315
"past",315
"stonelightning",315
"alles",315
"mr",314
"awww",314
"seats",314
"19th",314
"africa",313
"biggest",313
"angeles",312
"print",311
"kicked",311
"jubiläum",311
"zum",311
"cheating",310
"model",310
"retire",310
"luck",309
"ignore",309
"knowledge",309
"kaylacrishell",309
"trolling",308
"building",308
"college",308
"herewego",308
"asleep",307
"relax",306
"2nd",305
"ggg",305
"though",304
"quiet",304
"orange",304
"french",304
"duo",304
"wedidthat",304
"plz",303
"goated",303
"lit",303
"carry",303
"echo",303
"mmmmm",302
"hahahahaha",301
"happend",301
"18th",301
"thinks",299
"wtff",299
"clix",299
"arsonnosexy",299
"jasontheween",298
"comin",297
"bar",297
"brick",296
"fade",296
"goodnight",296
"omggg",296
"elevator",296
"squid1",296
"omgbruh",296
"oo",295
"wit",295
"weak",295
"sneak",294
"idiot",293
"grow",293
"worse",293
"europe",293
"teeth",293
"jasons",293
"mm",293
"ouuuu",292
"zesty",292
"crash",291
"double",291
"222",291
"ginge",291
"lord",290
"idea",290
"box",290
"gave",289
"makes",289
"200",289
"mfs",289
"17th",288
"runnnnnn",288
"faze",288
"gaypride",288
"garage",287
"goon",287
"ima",286
"prayge",286
"valid",285
"tmr",285
"g1ngebrexit",285
"laugh",284
"meat",284
"method",284
"sus",283
"00",283
"diva",283
"bum",282
"mercywing1",282
"ears",281
"tts",281
"speaking",281
"21",280
"jag",280
"goooooo",280
"lookin",279
"handsome",279
"saudi",279
"cares",278
"lace",277
"mercywing2",277
"safe",276
"tbh",275
"goes",275
"height",275
"america",275
"grass",275
"asta",275
"thinking",274
"jeremiah",274
"hii",273
"socks",273
"pizza",273
"ffffff",273
"lemme",272
"asian",272
"marrr",272
"australia",272
"knew",271
"once",271
"dirty",271
"things",271
"sick",270
"rat",270
"brush",270
"apple",270
"less",270
"pineapple",270
"christ",270
"desktop",270
"feliz",270
"heart",269
"teams",269
"york",269
"jasont2nms3",269
"tree",268
"xd",268
"self",268
"egypt",268
"offside",268
"fam",267
"supporting",267
"ty",267
"clown",267
"talent",267
"standing",266
"honestly",266
"rain",266
"shoutout",266
"45",265
"doom",265
"meeting",264
"slide",264
"marlonnnnnn",264
"supposed",263
"found",263
"freaky",263
"calm",263
"justice",263
"lay",263
"balright",262
"lagggggg",262
"ewccrush",262
"yooooooooo",261
"uk",261
"fell",261
"finish",261
"bror",261
"hungry",260
"angle",260
"skull",260
"butter",260
"act",259
"super",259
"smell",259
"hall",259
"shirts",259
"um",258
"twitchunity",258
"movie",257
"miami",257
"fall",257
"air",257
"schedule",257
"celsius",257
"shiiii",256
"janitor",256
"hollon",256
"saka",256
"tornado",256
"american",254
"vibe",254
"anymore",254
"league",253
"deep",252
"loool",252
"spelling",252
"ayyyy",252
"mar3lgmarsped",252
"projector",252
"damnnn",250
"wallahi",250
"dada",250
"pe",250
"fault",249
"sports",249
"hoco",249
"23",248
"proud",248
"showing",248
"scream",248
"broski",247
"atp",247
"fuckin",247
"lllllll",247
"ooooooo",247
"goalll",247
"energy",246
"og",246
"asl",246
"meeeee",246
"clothes",245
"death",245
"mogg",245
"footgoal",245
"tried",244
"mate",244
"ragebait",244
"students",244
"count",243
"cucumber",243
"prob",243
"attention",243
"somebody",243
"row",243
"hahah",242
"ending",242
"quit",242
"lwk",242
"gooner",242
"genuinely",241
"using",241
"viewers",241
"view",241
"bottom",241
"basket",241
"training",241
"sounds",240
"normal",240
"vid",240
"lmfaoooo",240
"turf",240
"clear",239
"vibes",239
"dennis",239
"summer",239
"pro",239
"footyellow",239
"corner",238
"smart",238
"wrap",238
"selling",238
"whatt",238
"tour",238
"roach",238
"click",238
"croatia",238
"curselit",238
"penalty",238
"watermelon",238
"ikea",237
"dream",237
"gaming",237
"lolllll",237
"jinxlul",237
"must",236
"queen",236
"z",236
"kia",236
"loser",236
"med",235
"actual",235
"flag",235
"reading",235
"wwwwwwwwwwwwwwww",235
"ayooooo",234
"les",234
"marlawn",234
"kzee1p",234
"rude",233
"ewwwww",233
"incoming",233
"brutal",233
"bs",233
"hiiii",233
"nasty",232
"bobbycarh3rtt",232
"ecuador",232
"star",232
"putting",232
"supd",232
"horrible",231
"milk",231
"omfg",231
"plays",231
"alien",231
"myavatar",231
"woo",231
"carne",231
"become",230
"boutta",230
"met",230
"huge",230
"crine",230
"brain",229
"paid",229
"gooooooo",229
"kwrupi",229
"production",229
"vohiyo",229
"jumped",228
"mode",228
"famous",228
"burger",228
"react",228
"brown",227
"mind",227
"soo",227
"fs",227
"starts",226
"used",226
"words",226
"dancin",226
"smorc",226
"jamier17cross",226
"rizpy",226
"1000",225
"hahahahah",225
"dis",225
"bullying",225
"ono",225
"feeling",224
"gamble",224
"lofex",224
"imma",223
"cold",223
"kaiii",223
"turntsoff",223
"kais",222
"wash",222
"fatass",222
"larry",222
"raven",222
"fair",221
"ludwig",221
"train",221
"pop",221
"sign",221
"wassup",221
"mar3lgthreeee",221
"crowd",221
"woke",221
"strokes",221
"cheese",220
"boss",220
"shake",220
"te",220
"racist",220
"prolly",220
"yuh",220
"haaland",220
"harry",220
"hop",220
"lacyyyyy",220
"each",219
"trouble",219
"vod",219
"acl",219
"sahur",219
"otw",219
"kill",218
"drinking",218
"baller",218
"goallll",218
"killthatboy",218
"icl",217
"wet",217
"genly",217
"fncs",217
"state",216
"grandma",216
"goofy",216
"catjam",216
"guns",216
"either",215
"advice",215
"wtffff",215
"roof",214
"grey",214
"mar3lgmarrizz",214
"omeohh",214
"ones",213
"broooooo",213
"wwwwwwwwwwwwwwwww",213
"ny",213
"ada",213
"asada",213
"charge",212
"exactly",212
"stick",212
"yup",212
"road",212
"marrrr",212
"robin",212
"lucky",211
"volume",211
"needa",211
"palestine",211
"yoooooooooo",211
"pov",210
"field",210
"jtw",210
"marlington",210
"wat",209
"letting",209
"round",209
"uhhh",209
"comming",209
"gettin",208
"event",208
"banana",208
"jus",208
"park",208
"terrible",208
"roaches",208
"zipper",208
"addd",208
"finals",208
"tvu",208
"penaldo",208
"worth",207
"nut",207
"chats",207
"ice",207
"frat",207
"nahhhhh",206
"22",206
"google",206
"dropping",206
"michael",206
"yessir",206
"fixed",205
"apply",205
"waking",205
"seg",205
"vape",205
"ohhhh",204
"comeback",204
"looool",204
"sec",204
"lights",204
"oliver",204
"fanums",204
"doesn't",203
"changed",203
"three",203
"acc",203
"candle",203
"twith",203
"mj",203
"moon",203
"zapping",203
"kind",202
"beating",202
"asss",202
"100k",202
"butt",202
"marmar",202
"comes",201
"comment",201
"wasnt",201
"sunday",201
"yep",201
"ash",201
"seconds",201
"500",201
"bri",201
"neymar",201
"driving",201
"puffer",201
"uni",201
"singing",200
"joke",200
"wheel",200
"screaming",200
"heyyy",199
"troll",199
"sell",199
"yessssss",199
"lmaooooooo",198
"mouth",198
"silver",198
"bruhhh",197
"1st",197
"nose",197
"nooooooo",197
"bullied",197
"ult",197
"piece",196
"ahhhh",196
"asked",196
"damnn",196
"tn",196
"install",196
"performance",196
"maj",196
"rcckt",196
"walton",196
"aw",195
"extra",195
"foot",195
"gta",195
"smaller",195
"learn",195
"block",194
"date",194
"flip",194
"lool",194
"fav",194
"luv",194
"jynxzi",194
"shooter",194
"agahi",194
"kaimillion",194
"ome67",194
"boooo",193
"est",193
"pitch",193
"theyre",192
"travis",192
"parents",192
"switched",192
"cafeteria",192
"arkansas",192
"needed",191
"poop",191
"appreciate",191
"notes",191
"smoke",191
"kaii",191
"ome",191
"coolcat",190
"eye",190
"seriously",190
"cover",190
"roomate",190
"arlington",190
"om",189
"spanish",189
"goood",189
"heyy",189
"llllllll",189
"clover",189
"promo",188
"india",188
"commands",188
"statefarm",188
"laughing",187
"bee",187
"street",187
"timer",187
"moment",187
"healed",187
"gamer",187
"pics",186
"el",186
"ssssss",186
"vanilla",186
"kelo",186
"crib",185
"maxlol",185
"intro",184
"awwww",184
"pack",184
"se",184
"ronnn",184
"chip",183
"die",183
"cheeks",183
"tough",183
"2025",183
"single",183
"payphone",183
"sphere",183
"nba",182
"hiding",182
"uppppp",182
"enjoy",181
"careful",181
"dry",181
"airrack",181
"powerupr",181
"larpers",181
"ate",180
"during",180
"deserve",180
"fly",180
"ittt",180
"lolol",180
"barber",180
"frame",180
"pulling",180
"tips",180
"until",180
"omgggg",180
"whatttt",180
"means",180
"tie",180
"fffffff",180
"book",179
"dark",179
"dw",179
"happens",179
"remove",179
"aswell",179
"pencil",179
"smash",179
"cheer",179
"race",179
"momoney033",178
"prayer",178
"breakfast",178
"sonn",178
"warm",178
"drama",178
"hoopfallen",178
"mar3lgadhd",177
"catch",177
"texas",177
"couch",177
"dub",177
"stealing",177
"carrying",177
"powerupl",177
"cartel",177
"redbull",177
"en",176
"naw",176
"mike",176
"33",176
"step",176
"faster",176
"wdym",176
"itt",176
"saved",176
"bud",176
"picked",176
"ayyyyy",176
"honest",175
"recorded",175
"rizz",175
"legs",175
"eats",175
"stabecaught",175
"adidas",175
"35",174
"problem",174
"smile",174
"bunch",174
"jebasted",174
"metal",174
"vas",174
"sent",173
"strong",173
"pink",173
"jackson",173
"millionaire",173
"ome9",173
"neegy",173
"nvm",172
"tape",172
"kom",172
"spoon",172
"nms",172
"grattis",172
"laggggggg",172
"surfer",172
"tongue",171
"welcome",171
"adin",171
"bouta",171
"homeless",171
"neck",171
"followage",171
"minecraft",171
"goalllll",171
"hola",171
"static",171
"mine",170
"wasn",170
"praise",170
"yusuf",170
"land",170
"indian",170
"whens",170
"dallas",170
"stabechopped",170
"ran",169
"flying",169
"clipped",169
"sticking",169
"chatt",169
"fkn",169
"olise",169
"resident",169
"haskel",169
"votenay",169
"faxx",168
"holly",168
"07",168
"classes",168
"trophy",168
"thunder",168
"sooo",167
"ha",167
"mb",167
"sport",167
"48",167
"passing",167
"lacykek",167
"méxico",167
"scoring",167
"rather",166
"hahahahahaha",166
"booty",166
"who's",166
"colors",166
"tmrw",166
"zlatan",166
"kappapride",166
"bra",165
"mexican",165
"messed",165
"toilet",165
"nope",165
"mmmmmm",165
"space",165
"wwwwwwwwwwwwwwwwww",165
"fooled",165
"hunger",165
"chant",165
"color",164
"connect",164
"insta",164
"popcorn",164
"roll",164
"script",164
"humble",164
"chain",164
"dudes",164
"others",164
"kidnapped",164
"setup",163
"taller",163
"davis",163
"may",163
"garden",163
"winner",163
"massive",163
"bonnie",163
"cart",163
"preet",163
"bruv",162
"nervous",162
"bruno",162
"rob",162
"twitter",162
"james",162
"monster",162
"arch1ezx",162
"imosmy",162
"interact",162
"dagger",162
"expelling",162
"ex",161
"boo",161
"area",161
"million",161
"gggg",161
"amazon",161
"braden",161
"glitchcat",161
"piss",160
"arent",160
"anyway",160
"views",160
"peace",160
"hater",160
"castle",160
"theater",160
"waterfall",160
"she's",159
"lmfaooooo",159
"congratulations",159
"mommy",159
"forever",159
"size",159
"squad",159
"austria",159
"blacklivesmatter",159
"plss",159
"bruhh",158
"colour",158
"hej",158
"hug",158
"ben",158
"wonder",158
"hmm",158
"reem",158
"riddle",158
"damm",157
"aight",157
"cat",157
"som",157
"wood",157
"fbtouchdown",157
"dig",157
"earlier",157
"aren",157
"there's",157
"corn",157
"trio",157
"eggs",157
"brodie",156
"32",156
"machine",156
"scam",156
"cloud",156
"rice",156
"tatum",156
"batman",156
"clash",156
"yothatsmo",156
"shipping",156
"3s",156
"excited",155
"damnnnn",155
"exit",155
"yusinqy",155
"venture",155
"sir",154
"tech",154
"skin",154
"search",154
"truth",154
"invite",154
"kaiiii",154
"niggas",154
"signed",154
"stairs",154
"omgg",154
"frozen",154
"uniform",154
"cable",154
"atleast",153
"looked",153
"holding",153
"reacting",153
"they're",153
"airball",153
"cozmo",152
"soul",152
"yooooooooooo",152
"battle",152
"character",152
"lllllllll",152
"soonerlater",152
"auditorium",152
"ronn",152
"dropped",151
"yk",151
"youuu",151
"nt",151
"arsenal",151
"offf",151
"marlonnnnnnn",151
"deen",151
"knicks",151
"marathon",151
"widespeedlaugh",151
"kaicprime",151
"sapphire",151
"jordan",150
"ride",150
"forest",150
"ive",150
"creators",150
"oda",150
"robbing",150
"runnnnnnn",150
"weight",149
"diamond",149
"alarm",149
"thr",149
"history",149
"gngg",149
"jester",149
"knock",148
"papa",148
"tiana",148
"maya",148
"showering",148
"umbrella",148
"lives",147
"period",147
"mane",147
"brand",147
"playin",147
"scary",147
"parade",147
"hiiiii",147
"vi",147
"curse",147
"elegiggle",147
"emote",147
"messages",147
"prod",147
"sonnn",147
"w5",147
"ceremony",147
"tha",146
"underwear",146
"works",146
"stats",146
"quarantine",146
"inch",145
"women",145
"blonde",145
"photo",145
"store",145
"soft",145
"angles",145
"dayum",145
"ouuuuu",145
"website",145
"egg",145
"dontdoit",145
"ticket",145
"landing",145
"thinker",145
"lantern",145
"course",144
"share",144
"near",144
"visa",144
"mess",144
"att",144
"talks",144
"caitthinking",144
"ronnnn",144
"partnerårsdagen",144
"komodohype",143
"snap",143
"tweaking",143
"prison",143
"patient",143
"doordash",142
"tight",142
"agree",142
"age",142
"couple",142
"dollars",142
"det",142
"meeeeee",142
"beast",142
"bath",141
"betrayed",141
"board",141
"lower",141
"wide",141
"praying",141
"rooms",141
"earrings",141
"gut",141
"uu",141
"kan",141
"possible",141
"kobe",141
"hooray",141
"led",141
"pardon",141
"pbm32",141
"garbage",141
"sandwich",141
"sara",141
"followers",140
"epic",140
"finished",140
"highlights",140
"takes",140
"tommorow",140
"power",140
"anthem",140
"injured",140
"lfg",140
"06",140
"station",140
"everyday",139
"arm",139
"weirdo",139
"auraaa",139
"deserved",139
"gah",139
"retard",139
"halftime",139
"attack",139
"june",139
"windows",139
"saturn",139
"marry",138
"harder",138
"wwwwwwwwwwwwwwwwwwww",138
"sauce",138
"clone",138
"stinky",138
"jaj",138
"loo",138
"blizo",138
"cum",137
"zero",137
"ja",137
"level",137
"ho",137
"anyways",137
"apparently",137
"president",137
"toes",137
"trihard",137
"tufff",137
"carried",137
"sweeden",137
"shoulder",137
"goooooooo",137
"bleedpurplehd",137
"bop",136
"freak",136
"ni",136
"future",136
"yell",136
"cuh",136
"muscle",136
"wedding",136
"shape",136
"haters",136
"edward",136
"crystal",136
"hattrick",136
"cactus",136
"staying",135
"trynna",135
"planning",135
"frr",135
"mini",135
"sunrise",135
"aniversario",135
"awkward",134
"whatever",134
"bought",134
"candy",134
"ups",134
"1k",134
"brokeback",134
"checking",134
"coke",134
"staring",134
"church",134
"shyt",134
"innn",134
"isn't",133
"heyyyy",133
"messy",133
"ohmydog",133
"online",133
"worry",133
"pushing",133
"build",133
"hang",133
"desk",133
"ground",133
"human",133
"battery",133
"inn",133
"duck",133
"riding",133
"pixelbob",133
"04",133
"goallllll",133
"scores",133
"imtyping",133
"snowflake",133
"temu",132
"questions",132
"tooo",132
"marl",132
"oooooooo",132
"05",132
"iran",132
"ironic",132
"hswp",132
"pele",132
"jamier17crossbear",132
"lesson",131
"sense",131
"gas",131
"living",131
"restart",131
"333",131
"anotherrecord",131
"coolstorybob",131
"yoooooooooooo",131
"pmo",131
"camerman",131
"hamzaali626",131
"igen",131
"performing",131
"plsss",130
"child",130
"sayin",130
"cutting",130
"dummy",130
"spend",130
"fatty",130
"charger",130
"cross",130
"ffs",130
"assist",130
"hopefully",130
"jake",130
"knee",130
"deported",130
"bball",130
"catkiss",130
"iq",130
"pictures",130
"refs",130
"playground",130
"aniversário",130
"homie",129
"fw",129
"island",129
"lick",129
"monkey",129
"poll",129
"blow",129
"uuu",129
"position",129
"entire",129
"ewwwwww",129
"faith",129
"gyokeres",129
"lacythugs",129
"pogix",129
"typing",129
"valk",129
"husband",128
"bored",128
"je",128
"27",128
"smoking",128
"bread",128
"loss",128
"tear",128
"alot",128
"cereal",128
"greatest",128
"spiderman",128
"lacyyyyyy",128
"belka",128
"youngla",128
"116",128
"classs",128
"asap",127
"closed",127
"tattoo",127
"shitty",127
"italy",127
"kitchen",127
"madrid",127
"flags",127
"nu",127
"heads",127
"loot",127
"tables",127
"hdmi",127
"376",127
"colone",127
"unicorn",126
"followed",126
"paying",126
"wig",126
"helping",126
"text",126
"raining",126
"london",126
"09",126
"jayson",126
"saving",126
"svenska",126
"pc",126
"jasonn",126
"28",125
"backshots",125
"liar",125
"fact",125
"killing",125
"woman",125
"reaction",125
"marlo",125
"quarter",125
"ily",125
"giveplz",125
"tournament",125
"weed",125
"parrot",125
"youu",124
"fucked",124
"ayoooooo",124
"obviously",124
"thru",124
"turned",124
"va",124
"31",124
"paul",124
"nonchalant",124
"smth",124
"subscribers",124
"grind",124
"stableronaldo",124
"bait",124
"brasil",124
"climb",124
"zapp",124
"wraps",123
"adsss",123
"animal",123
"q",123
"ruin",123
"pissed",123
"pr",123
"venting",123
"noise",123
"passed",123
"arda",123
"soneybun",123
"weh",123
"sprite",123
"snowboard",123
"slap",122
"lmaoooooooo",122
"explain",122
"legit",122
"calll",122
"brooooooo",122
"blud",122
"shopping",122
"tom",122
"bucket",122
"film",122
"bull",122
"lunch",122
"kanna",122
"spiral",122
"0ct4p",122
"broken",121
"california",121
"confused",121
"itttt",121
"chest",121
"sun",121
"keeps",121
"cutie",121
"poland",121
"150",121
"background",121
"logo",121
"tat",121
"youuuu",121
"hinge",121
"fn",121
"goall",121
"heli",121
"snake",121
"anime",121
"cinddysuuuuuuuuu",121
"satchel",121
"alive",120
"mama",120
"haven",120
"mil",120
"gunna",120
"backkk",120
"section",120
"adddd",120
"user",120
"jasonnn",120
"pyramid",120
"timed",120
"var",120
"ween",120
"feelsvi",120
"cinnas",120
"business",119
"ear",119
"han",119
"noooooooo",119
"everywhere",119
"marriage",119
"lockin",119
"47",119
"athlete",119
"backk",119
"runnnnnnnn",119
"226",119
"caps",118
"joking",118
"meant",118
"pillow",118
"throwing",118
"chilling",118
"lambo",118
"rq",118
"5k",118
"dancing",118
"invited",118
"38",118
"airport",118
"subbed",118
"graduation",118
"gg's",118
"frying",118
"teaching",118
"director",118
"rred35",118
"cheater",117
"few",117
"pussy",117
"reader",117
"pressed",117
"sweating",117
"wtfffff",117
"blind",117
"legend",117
"golf",117
"03",117
"dap",117
"speedstressed",117
"wideomgbruh",117
"yonose",117
"barca",117
"dying",116
"sunflowerbbyy",116
"bags",116
"travel",116
"higher",116
"oil",116
"breath",116
"musty",116
"above",116
"har",116
"national",116
"ayyyyyy",116
"ffffffff",116
"larps",116
"svt",116
"superman",116
"tpain",116
"españa",116
"mental",115
"spell",115
"cannot",115
"somewhere",115
"urself",115
"39",115
"pressure",115
"thx",115
"wya",115
"omggggg",115
"th",115
"timing",115
"tunnel",115
"able",115
"cheer100",115
"americans",115
"jack",115
"cameramen",115
"cudi",115
"hydration",115
"caterpillar",115
"hilarious",114
"delusional",114
"brotha",114
"stink",114
"rent",114
"tap",114
"weather",114
"2k",114
"between",114
"breaking",114
"location",114
"crown",114
"dihh",114
"futureman",114
"marson",114
"rooting",114
"thanked",114
"socio",114
"hahahahahah",113
"ayeeee",113
"crashout",113
"faxxx",113
"gives",113
"turning",113
"turtle",113
"ws",113
"eu",113
"talkin",113
"29",113
"christian",113
"allowed",113
"2016",113
"balesh",113
"bist",113
"cinco",113
"hazard",113
"stabedance",113
"garcia",112
"earth",112
"4k",112
"bullshit",112
"hrs",112
"touching",112
"shouldve",112
"hur",112
"nowww",112
"fresh",112
"mann",112
"jj",112
"holyyy",112
"needheal",112
"shtap",112
"theatre",112
"rooom",112
"sliky",112
"maxxx",112
"zinger",112
"fish",111
"bbc",111
"sometimes",111
"lad",111
"jumping",111
"marrrrr",111
"busy",111
"ti",111
"comm",111
"videos",111
"cell",111
"sponsor",111
"01",111
"center",111
"tung",111
"spring",111
"frfr",110
"90",110
"donate",110
"yours",110
"lineup",110
"longer",110
"plus",110
"record",110
"trip",110
"bike",110
"tos",110
"lollllll",110
"wasting",110
"angry",110
"bright",110
"trick",110
"warehouse",110
"jacket",110
"update",110
"41",110
"defence",110
"hamster",110
"ahead",109
"bricked",109
"yesssssss",109
"ahhhhh",109
"fought",109
"wee",109
"och",109
"mouse",109
"crinee",109
"speeds",109
"tickets",109
"waste",109
"benjy",109
"rebounds",109
"visit",108
"accent",108
"button",108
"cheap",108
"whoever",108
"assss",108
"outfit",108
"truck",108
"handle",108
"wsggg",108
"sigma",108
"goalie",108
"shoe",108
"maxx",108
"nerd",108
"nerfed",108
"cornball",108
"kzee",108
"lags",108
"we're",108
"youronlylove1",108
"sleepy",108
"gyat",107
"hood",107
"wsgggg",107
"spread",107
"bands",107
"recruit",107
"53",107
"deleted",107
"fashion",107
"fossabot",107
"pffttt",107
"zigzag",107
"zappp",107
"subprise",106
"none",106
"whys",106
"allah",106
"form",106
"cream",106
"hire",106
"sa",106
"switching",106
"blessed",106
"horse",106
"triangle",106
"letsss",106
"sht",106
"beta",106
"cominggg",106
"kek",106
"lacy's",106
"list",106
"shame",106
"timeout",106
"pepsi",106
"blazian",106
"capping",105
"feels",105
"jealous",105
"bruhhhh",105
"opinion",105
"chad",105
"version",105
"picking",105
"swimming",105
"complaining",105
"dj",105
"fffffffff",105
"predictions",105
"125",105
"385",105
"lavender",105
"spruce",105
"cake",104
"lip",104
"nahhhhhh",104
"beef",104
"shiiiii",104
"yeaaa",104
"clout",104
"hr",104
"mannn",104
"cameras",104
"german",104
"ruined",104
"showed",104
"guard",104
"denmark",104
"glad",104
"cancel",104
"inte",104
"billiesfriend",104
"breaden",104
"clears",104
"pd",104
"verde",104
"carpenter",104
"jamier17spinkitty",104
"colons",104
"kaiccryy",104
"paintball",104
"er",103
"respectful",103
"bbl",103
"bitch",103
"hairline",103
"non",103
"fox",103
"000",103
"central",103
"pasta",103
"wwwwwwwwwwwwwwwwwww",103
"iraq",103
"vro",103
"connection",103
"connorlawfordd",103
"jiggy",103
"scotland",103
"bail",103
"gel",103
"disrespectful",102
"jk",102
"monday",102
"tripping",102
"lines",102
"plans",102
"zoom",102
"cristiano",102
"diff",102
"father",102
"un",102
"rush",102
"upstairs",102
"yu",102
"llllllllll",102
"yogurt",102
"difference",102
"lads",102
"lighting",102
"posture",102
"yay",102
"ballon",102
"cinna2x",102
"comments",101
"thoughts",101
"convo",101
"entertaining",101
"chatters",101
"solid",101
"44",101
"cancer",101
"instagram",101
"uo",101
"closer",101
"colombia",101
"hitting",101
"kommer",101
"average",101
"mmmmmmm",101
"puzzle",101
"lllllllllll",101
"rug",101
"bron",101
"02",101
"chains",101
"chainsfr",101
"ebbyliciouss",101
"emp",101
"hesright",101
"newrecord",101
"widespeedwoah",101
"anniversaire",101
"joyeux",101
"najlepszego",101
"okazji",101
"partenariat",101
"partnerem",101
"rocznicy",101
"wszystkiego",101
"zostania",101
"ayeee",100
"shits",100
"silly",100
"smack",100
"create",100
"moved",100
"season",100
"wifey",100
"shoulda",100
"miles",100
"marlonnnnnnnn",100
"omebru",100
"slaique",100
"stabewhite",100
"lizard",100
"solo",99
"barely",99
"300",99
"gooooooooo",99
"obvious",99
"cardio",99
"flex",99
"third",99
"trippin",99
"pig",99
"stinkyglitch",99
"silkyfunny",99
"dripped",99
"clearly",99
"elanga",99
"giveheal",99
"glitchnrg",99
"heck",99
"kaiiiii",99
"strawberrychoco234",98
"sh",98
"juice",98
"site",98
"soooo",98
"uhhhh",98
"kaicenat",98
"leader",98
"ight",98
"risk",98
"folk",98
"grape",98
"positive",98
"sister",98
"vip",98
"hanging",98
"retarded",98
"svensk",98
"awwwww",98
"coast",98
"engagement",98
"letsgo",98
"midsummer",98
"rockets",98
"swayzeeyyy",98
"pleasure",98
"library",98
"crazyyy",97
"pissing",97
"tht",97
"yeahhh",97
"mother",97
"peanut",97
"gyatt",97
"natural",97
"fired",97
"le",97
"capp",97
"david",97
"news",97
"51",97
"lamp",97
"mi",97
"adss",97
"basically",97
"oi",97
"parking",97
"gambling",97
"kc3",97
"marlom",97
"mexicoooo",97
"qatar",97
"doctor",97
"adapts",97
"partnerjubilæet",97
"tillykke",97
"cannon",96
"health",96
"offline",96
"control",96
"pocket",96
"sides",96
"weeks",96
"fort",96
"90xmanny",96
"camping",96
"heavy",96
"reply",96
"carpet",96
"nooooooooo",96
"iso",96
"skinny",96
"judge",96
"adssss",96
"08",96
"dictator",96
"feverfighter",96
"fridge",96
"oof",96
"s00n",96
"tehepelo",96
"tied",96
"lukaku",96
"warrr",96
"kaicforhead",95
"united",95
"crashing",95
"empty",95
"explore",95
"havent",95
"hype",95
"mill",95
"smiling",95
"omd",95
"playlist",95
"threw",95
"loose",95
"nz",95
"ralpherz",95
"clubs",95
"golden",95
"snowman",95
"babe",94
"licking",94
"dare",94
"stutter",94
"auraaaa",94
"ninja",94
"natalia",94
"rainbow",94
"tesla",94
"mission",94
"sweat",94
"backkkk",94
"chattt",94
"chinese",94
"fountain",94
"malmö",94
"painting",94
"zone",94
"meeeeeee",94
"46",94
"bottle",94
"ceo",94
"chanida",94
"fawad911",94
"lagggggggg",94
"learning",94
"ohno",94
"parasocial",94
"magnetic",94
"hahahha",93
"meal",93
"gimme",93
"tdy",93
"cock",93
"dm",93
"contact",93
"price",93
"4th",93
"mo",93
"stare",93
"50k",93
"couldnt",93
"emotional",93
"loooool",93
"makeup",93
"setting",93
"spurs",93
"track",93
"ska",93
"vad",93
"speaker",93
"boston",93
"por",93
"ronaldooo",93
"salah",93
"begwan",93
"splash",93
"darkmode",93
"unmute",93
"dilky",93
"aishah",93
"shoelace",93
"zinner",93
"anniversario",93
"buon",93
"computer",92
"touched",92
"34",92
"yeh",92
"42",92
"addddd",92
"lobby",92
"moggs",92
"added",92
"marlonnnnnnnnn",92
"lololol",92
"mark",92
"fu",92
"won't",92
"pfffft",92
"ambessalove",92
"ramen",92
"cabin",92
"markell",92
"mar3lgdafuuq",91
"cheat",91
"gona",91
"120",91
"cope",91
"counter",91
"expect",91
"gross",91
"ow",91
"stamina",91
"test",91
"tt",91
"wouldnt",91
"meow",91
"tomatoes",91
"upppppp",91
"hows",91
"mall",91
"perform",91
"algeria",91
"butterfly",91
"marlon32",91
"mhmm",91
"ripepperonis",91
"singsmic",91
"woj",91
"hammer",91
"trampoline",91
"wafflehouse",91
"names",90
"chatting",90
"myself",90
"för",90
"john",90
"din",90
"inches",90
"59",90
"dragon",90
"himm",90
"jacob",90
"shakira",90
"stretch",90
"hooping",90
"blax",90
"canes",90
"dud",90
"segments",90
"sneaking",90
"sonnnn",90
"hosting",90
"cinnamon",90
"volim",90
"waterline",90
"frrr",89
"sending",89
"uuuu",89
"ayooooooo",89
"routine",89
"99",89
"excuse",89
"punch",89
"notice",89
"60",89
"sat",89
"talked",89
"wwwwwwwwwwwwwwwwwwwwwwww",89
"55",89
"town",89
"towards",89
"triple",89
"daddyyyy",89
"scripted",89
"30k",89
"drone",89
"per",89
"watchparty",89
"holidaysanta",89
"oled",89
"vaping",89
"gardener",89
"jumper",89
"valkyrae",89
"interesting",88
"spirit",88
"i'll",88
"streamm",88
"rolls",88
"keeper",88
"everytime",88
"toronto",88
"digga",88
"arms",88
"belt",88
"striker",88
"carrot",88
"cateat",88
"dentist",88
"greet",88
"haskelll",88
"hatrick",88
"jason's",88
"jasonnnn",88
"pansexualpride",88
"suburbbaby",88
"zombies",88
"underdog",88
"fouls",88
"dinger",88
"correct",87
"anonymous",87
"wym",87
"baddies",87
"bank",87
"dammm",87
"lmaooooooooo",87
"forward",87
"beside",87
"suit",87
"80",87
"confirmed",87
"ohhhhh",87
"personal",87
"streammm",87
"swim",87
"trading",87
"trap",87
"catfish",87
"swap",87
"rope",87
"cape",87
"oatmeal",87
"freedom",87
"balding",87
"juicy",87
"fading",87
"ggggg",87
"yikes",87
"amennn",87
"balogun",87
"freakinstinkin",87
"glitchlit",87
"holddd",87
"uhm",87
"widevibe",87
"crreamawk",87
"rula",87
"comingrun",87
"ripple",87
"bb",86
"depends",86
"journey",86
"tik",86
"cus",86
"shine",86
"tbf",86
"54",86
"oasis",86
"hoverboard",86
"mood",86
"alt",86
"awe",86
"cologne",86
"dear",86
"deserves",86
"dinkdonk",86
"guidance",86
"lacydance",86
"stbl",86
"z102391",86
"tractor",86
"ironically",86
"kaiclove",86
"ojay",86
"embarrassing",85
"i've",85
"nun",85
"chilll",85
"mar3lgsmh",85
"plot",85
"bitches",85
"ro",85
"mars",85
"scammer",85
"taper",85
"al",85
"blood",85
"gulp",85
"ignoring",85
"reveal",85
"1522",85
"asia",85
"keeping",85
"poo",85
"secs",85
"status",85
"filming",85
"så",85
"comingggg",85
"doo",85
"suiiiii",85
"onnn",85
"crashed",85
"crumb",85
"pjsalt",85
"rocks",85
"van",85
"fence",85
"jerseys",85
"password",85
"accountability",85
"expell",85
"15th",84
"naked",84
"scammed",84
"built",84
"euros",84
"sweaty",84
"ireland",84
"naaa",84
"600",84
"heat",84
"sausage",84
"wt",84
"bear",84
"shittt",84
"edits",84
"hospital",84
"houston",84
"iceman",84
"toaster",84
"wha",84
"runnnnnnnnn",84
"tearglove",84
"fanatics",84
"silkys",84
"prom",84
"aisha",84
"npc",83
"anybody",83
"dr",83
"dreaming",83
"hahahahha",83
"rose",83
"inshallah",83
"yoooooooooooooo",83
"rlly",83
"decent",83
"lean",83
"amp",83
"wwwwwwwwwwwwwwwwwwwwww",83
"hates",83
"taken",83
"bubble",83
"locker",83
"skipped",83
"freee",83
"pose",83
"stopped",83
"daddyyy",83
"erm",83
"ferran",83
"hoppers",83
"joshsekiclap",83
"ls",83
"mountain",83
"packed",83
"root",83
"perhaps",83
"dayldrhahaaa",83
"layups",83
"hedgehog",83
"ruby",83
"waky",83
"parceiro",83
"dollar",82
"slept",82
"horny",82
"rolling",82
"moan",82
"booooo",82
"tweet",82
"70",82
"challenge",82
"den",82
"rats",82
"doors",82
"quite",82
"example",82
"cherry",82
"608",82
"bacon",82
"banggg",82
"camel",82
"jah",82
"khan",82
"librarian",82
"mexicooo",82
"zegmok",82
"pens",82
"skullys",82
"romance",82
"professional",81
"bird",81
"hotel",81
"wanting",81
"ranch",81
"llllllllllll",81
"57",81
"68",81
"based",81
"outt",81
"spin",81
"path",81
"cmonnn",81
"heaven",81
"forehead",81
"celcius",81
"silkyyy",81
"useless",81
"dannykingxoxo",81
"dexterkit25",81
"iiebronjames",81
"loses",81
"mickeykunnn",81
"percent",81
"saywallahi",81
"henry",81
"dolphin",81
"raffle",81
"warrrr",81
"wouldn",80
"common",80
"es",80
"kevin",80
"muslim",80
"gold",80
"helll",80
"justin",80
"seems",80
"whattttt",80
"lonely",80
"growing",80
"ripped",80
"chillin",80
"hasn",80
"kappaross",80
"lmfaoooooo",80
"zealand",80
"arwinrwinner",80
"galaxy",80
"snow",80
"waterpark",80
"gooood",80
"gaf",80
"genug",80
"iphone",80
"manager",80
"marloon",80
"sweater",80
"measure",80
"f18",80
"elf",80
"voyage",80
"pudgie",80
"volcano",80
"brought",79
"federica33333",79
"gotten",79
"sheep",79
"master",79
"promise",79
"rule",79
"nerf",79
"service",79
"map",79
"contract",79
"destroy",79
"di",79
"ooooooooo",79
"posted",79
"yooooooooooooo",79
"np",79
"drinks",79
"radio",79
"european",79
"fully",79
"holyy",79
"ronnnnn",79
"scott",79
"vinner",79
"bat",79
"shadow",79
"poool",79
"according",79
"chrisgonecrazylive",79
"enzzaiww",79
"gardening",79
"3333",78
"43",78
"falling",78
"glass",78
"bars",78
"wyd",78
"cappp",78
"glow",78
"kevinturtle",78
"ksi",78
"ends",78
"glitch",78
"mentality",78
"prank",78
"från",78
"flowers",78
"ladies",78
"yeahhhh",78
"sagging",78
"injury",78
"gate",78
"brb",78
"drawer",78
"injest",78
"matches",78
"midfield",78
"carnival",78
"sponge",78
"266",78
"dc",77
"crazyyyy",77
"disrespect",77
"lies",77
"savage",77
"chocolate",77
"crush",77
"jungle",77
"uncle",77
"helped",77
"retired",77
"shaking",77
"apart",77
"application",77
"bringing",77
"broder",77
"himmm",77
"plastic",77
"skills",77
"refresh",77
"rules",77
"fo",77
"moggg",77
"innnn",77
"dressed",77
"pepper",77
"ayeeeee",77
"mindset",77
"hiiiiii",77
"cutscene",77
"marlone",77
"chalk",77
"takenrg",77
"wonderful",77
"yugiii",77
"trailer",77
"gabrielbatistuatfio",77
"perfume",77
"spit",76
"important",76
"seem",76
"noooooooooo",76
"selfish",76
"social",76
"br",76
"session",76
"yelling",76
"dum",76
"hearing",76
"tag",76
"danger",76
"known",76
"twice",76
"wholesome",76
"china",76
"clipfarm",76
"runs",76
"outttt",76
"wondering",76
"duh",76
"tore",76
"checked",76
"hoodie",76
"balll",76
"cheering",76
"heja",76
"hopping",76
"suiii",76
"blah",76
"dingle",76
"range",76
"jacobdayvibing",76
"maxxxx",76
"rust",76
"magazine",76
"blame",75
"fool",75
"teachers",75
"hustle",75
"private",75
"robot",75
"shows",75
"thick",75
"youuuuu",75
"choice",75
"chase",75
"shitting",75
"vote",75
"brah",75
"abs",75
"cousin",75
"lesgooo",75
"manz",75
"muddy",75
"awesome",75
"angel",75
"jb",75
"chapter",75
"gtfo",75
"lega",75
"african",75
"ninjagrumpy",75
"unfortunately",75
"guessing",75
"modlove",75
"kittybanger",75
"lud",75
"bf",74
"bomb",74
"xdd",74
"bark",74
"yr",74
"suiiii",74
"beach",74
"spitting",74
"37",74
"bust",74
"five",74
"jr",74
"wildin",74
"yooooooooooooooo",74
"dangerous",74
"49",74
"lolllllll",74
"concert",74
"mrdestructoid",74
"purpose",74
"towel",74
"donut",74
"bay",74
"weirdos",74
"except",74
"fah",74
"monka",74
"wegood",74
"homework",74
"ankle",74
"lawlounlol",74
"miller",74
"fanumm",74
"sparrow",74
"kaicbuzz",74
"boom",73
"eh",73
"surprised",73
"clapping",73
"princess",73
"childish",73
"booo",73
"brothers",73
"switzerland",73
"greg",73
"negative",73
"ot",73
"relationship",73
"20k",73
"fk",73
"gggggg",73
"nuts",73
"split",73
"ta",73
"timber",73
"yeahh",73
"breathing",73
"shitt",73
"chatgpt",73
"fiance",73
"karen",73
"louder",73
"named",73
"disabled",73
"raise",73
"snacks",73
"idiots",73
"3son",73
"56",73
"beauty",73
"damage",73
"fahhh",73
"fanumlmaooooo",73
"fraud",73
"mhmmm",73
"ruining",73
"depot",73
"goblin",73
"plaque",73
"diggadcgm1011",73
"fanummm",73
"curfew",73
"jubilee",73
"cm",72
"heyyyyy",72
"case",72
"backwards",72
"wipe",72
"yeaa",72
"alll",72
"jiggle",72
"lift",72
"shade",72
"jst",72
"rs",72
"scare",72
"continue",72
"plaqueboymax",72
"outro",72
"speech",72
"fortone",72
"calls",72
"lmaoooooooooo",72
"hereee",72
"cod",72
"net",72
"friday",72
"farted",72
"janama34",72
"methz92",72
"paraguay",72
"plssss",72
"rani",72
"spainnn",72
"spark",72
"totaaaa",72
"tryouts",72
"wheels",72
"bts",72
"flako",72
"rampage",72
"archive",72
"macaroni",72
"museum",72
"telephone",72
"sugar",71
"usually",71
"ion",71
"muscles",71
"aa",71
"favourite",71
"swallow",71
"connected",71
"simple",71
"wew",71
"buss",71
"champions",71
"ewwwwwww",71
"moggin",71
"oats",71
"overall",71
"easily",71
"fold",71
"respond",71
"hog",71
"active",71
"modding",71
"amenn",71
"apologize",71
"arabia",71
"creator",71
"friesss",71
"plaqueboylogo",71
"potato",71
"slime",71
"tickle",71
"cliff",71
"host",71
"kappu",71
"torture",71
"radar",71
"2027",71
"bamboo",71
"cantaloupe",71
"puffy",71
"rosemary",71
"slumber",71
"snowdrift",71
"thistle",71
"hole",70
"born",70
"disgusting",70
"wht",70
"damnnnnn",70
"totally",70
"yuhhh",70
"naah",70
"sprint",70
"joe",70
"leopard",70
"taste",70
"tinder",70
"zaddy",70
"bite",70
"apartment",70
"broooooooo",70
"deadahh",70
"nd",70
"tea",70
"workout",70
"worried",70
"wwwwwwwwwwwwwwwwwwwww",70
"sm",70
"airack",70
"ar",70
"bta",70
"goalllllll",70
"homeeee",70
"ripbozo",70
"sheesh",70
"snuck",70
"sunshine",70
"toast",70
"ufc",70
"quest",70
"wakes",70
"snitchin",70
"rickonbs",70
"jamier17plantcat",70
"bandit",70
"pillar",70
"comingg",70
"faxutylul",70
"octopus",70
"snowdrop",70
"tombstone",70
"annoying",69
"til",69
"wa",69
"bugging",69
"changing",69
"facial",69
"pushed",69
"crazyy",69
"ng",69
"pickle",69
"2024",69
"freeze",69
"diss",69
"sleeps",69
"motivation",69
"moves",69
"texting",69
"certain",69
"knocked",69
"wwwwwwwwwwwwwwwwwwwwwww",69
"sprayed",69
"alba",69
"hooper",69
"bcwarrior",69
"braedon",69
"quarters",69
"tackle",69
"taha",69
"rains",69
"yugii",69
"buffet",69
"dez",69
"adapt2flock",69
"picnic",69
"ribbon",69
"ahahaha",68
"et",68
"jerry",68
"tank",68
"flash",68
"expensive",68
"female",68
"recording",68
"tone",68
"dd",68
"fbpass",68
"given",68
"jacked",68
"wayyy",68
"beer",68
"cal",68
"charity",68
"defo",68
"jo",68
"pancakes",68
"parachute",68
"roster",68
"chop",68
"role",68
"feed",68
"lithuania",68
"absolute",68
"allez",68
"fbspiral",68
"haiti",68
"kiwi",68
"lac",68
"ngas",68
"notsophie7",68
"parasocials",68
"toy",68
"tweak",68
"rap",68
"bricks",68
"carlsmile",68
"bosnoo",68
"reggie",68
"zapppp",68
"buying",67
"kennlynn3",67
"impossible",67
"mar3lgsad",67
"yeee",67
"honey",67
"reach",67
"gyattt",67
"assistant",67
"burn",67
"dem",67
"bicycle",67
"cams",67
"daily",67
"spice",67
"begging",67
"cough",67
"walked",67
"barn",67
"confidence",67
"countries",67
"felt",67
"genius",67
"holiday",67
"majestic",67
"member",67
"proof",67
"recreate",67
"rid",67
"naa",67
"pepperoni",67
"bunny",67
"adsssss",67
"unless",67
"psg",67
"goats",67
"ketchup",67
"property",67
"2022",67
"52",67
"blurry",67
"chopper",67
"dah",67
"hendrix",67
"jawhn",67
"meta",67
"morlon",67
"otter",67
"ouch",67
"poses",67
"umm",67
"w10",67
"anchor",67
"banner",67
"kiosk",67
"220",67
"jamier17corgi",67
"divaaa",67
"organ",67
"parchment",67
"pinecone",67
"tulip",67
"accept",66
"ahahah",66
"auraaaaa",66
"beg",66
"dress",66
"pole",66
"finger",66
"holyyyy",66
"popular",66
"ft",66
"bean",66
"knowing",66
"ne",66
"pookie",66
"states",66
"rejected",66
"od",66
"pet",66
"ac",66
"alo",66
"ayari",66
"cricket",66
"debate",66
"doesheknow",66
"ffffffffff",66
"footy",66
"holdd",66
"locking",66
"speeed",66
"tad",66
"telemundo",66
"wasn't",66
"cartoon",66
"jellyfish",66
"scuba",66
"treasure",66
"announcer",66
"starlight",66
"starter",66
"prchase",66
"disney",66
"dorms",66
"sunburn",66
"tbangel",66
"finland",65
"bob",65
"boring",65
"infront",65
"yeaaaa",65
"chasing",65
"chin",65
"youll",65
"cost",65
"owns",65
"whip",65
"fill",65
"outtt",65
"religion",65
"rub",65
"icant",65
"protect",65
"rapper",65
"steam",65
"viral",65
"mmmmmmmm",65
"rim",65
"mac",65
"barcelona",65
"kolla",65
"target",65
"fest",65
"available",65
"calma",65
"champ",65
"goallllllll",65
"goooooooooo",65
"jaylen",65
"marlooon",65
"såja",65
"serioussloth",65
"vamosss",65
"vkohn",65
"yawn",65
"soda",65
"desert",65
"valley",65
"hamburger",65
"sunset",65
"expel",65
"opal",65
"ahahahaha",64
"yur",64
"cash",64
"gosh",64
"hahahhaha",64
"tok",64
"inspiration",64
"wallah",64
"glorious",64
"fuhh",64
"kettle",64
"leaves",64
"lesss",64
"mansion",64
"partytime",64
"rashford",64
"shelter",64
"wowww",64
"wylin",64
"tiny",64
"brudda",64
"canadian",64
"cmonn",64
"downstairs",64
"jaken11",64
"ouuuuuu",64
"mint",64
"ritual",64
"assists",64
"eng",64
"hh",64
"kindness",64
"modric",64
"monitor",64
"onnnn",64
"raph",64
"silkyy",64
"sobb",64
"yugiiii",64
"ole",64
"pebble",64
"petition",64
"creeatkekwalk",64
"partyyy",64
"waterslide",64
"breathe",63
"arrived",63
"mostly",63
"streets",63
"plate",63
"roblox",63
"thug",63
"goodbye",63
"cleaning",63
"tu",63
"wind",63
"choose",63
"gloves",63
"hurts",63
"stars",63
"goblinjam",63
"chose",63
"clutch",63
"dumbahh",63
"mannnn",63
"scene",63
"shark",63
"shouldn",63
"stress",63
"choke",63
"karma",63
"surgery",63
"hasnt",63
"freaking",63
"dadddy",63
"tjena",63
"address",63
"company",63
"completed",63
"darren",63
"diet",63
"fahhhh",63
"losers",63
"nightmare",63
"prince",63
"worldcup",63
"arg",63
"suiiiiii",63
"versus",63
"gtbgrilockedin",63
"grove",63
"ladder",63
"pts",63
"bosno",63
"cominggggg",63
"chapel",63
"cloak",63
"umbrellas",63
"anthon677nubesitaa",63
"hehe",62
"kept",62
"personality",62
"crap",62
"daughter",62
"especially",62
"secret",62
"you'll",62
"stayed",62
"buggin",62
"along",62
"bucks",62
"mukbang",62
"pp",62
"asssss",62
"copy",62
"letter",62
"tuffff",62
"wack",62
"archie",62
"chatttt",62
"ittttt",62
"leaveee",62
"offense",62
"dancer",62
"due",62
"gggs",62
"safety",62
"womp",62
"robbery",62
"moments",62
"lacyyyyyyy",62
"ayoooooooo",62
"resume",62
"blanket",62
"plum",62
"stud",62
"rockettt",62
"65",62
"angelababy1037",62
"curry",62
"gio",62
"laggin",62
"lifeofjaime",62
"mår",62
"oooooooooo",62
"partying",62
"peacock",62
"stages",62
"totaaa",62
"uruguay",62
"uzzinoo",62
"frankerz",62
"square",62
"walter",62
"suspended",62
"fortnight",62
"saxophone",62
"starfish",62
"king68",62
"canopy",62
"fortress",62
"zinnia",62
"goddamn",61
"marrrrrr",61
"yah",61
"faxxxx",61
"sky",61
"subway",61
"glazer",61
"ee",61
"lead",61
"malmo",61
"overrated",61
"prata",61
"stacked",61
"surely",61
"thirst",61
"wtw",61
"caravan",61
"36",61
"6'5",61
"snitches",61
"auraa",61
"yurrrr",61
"follower",61
"bangggg",61
"ut",61
"fry",61
"promised",61
"meeeeeeee",61
"cheerstothat",61
"confident",61
"goatttt",61
"killua4kt",61
"mascot",61
"messing",61
"muga",61
"reff",61
"rockk",61
"ron's",61
"wining",61
"virtualhug",61
"smurf",61
"funky",61
"nandos",61
"6'8",61
"attic",61
"conway",61
"gazelle",61
"lighthouse",61
"jeffy",61
"public",60
"cryin",60
"darla",60
"gango",60
"3am",60
"chips",60
"platinum",60
"beard",60
"glowing",60
"knees",60
"st",60
"balloon",60
"cursed",60
"dreams",60
"footballer",60
"smells",60
"wasted",60
"boxing",60
"landlord",60
"north",60
"slapped",60
"compare",60
"20th",60
"seek",60
"highlight",60
"chances",60
"fixing",60
"glory",60
"harden",60
"hmmm",60
"kekl",60
"loved",60
"natty",60
"pa",60
"pleaseee",60
"pride",60
"rlytho",60
"romantic",60
"champion",60
"glizzy",60
"pork",60
"jynxi",60
"pale",60
"kaneljeugene",60
"oooosummer",60
"shirtless",60
"flower",60
"cattle",60
"hawking",60
"suburbaby",60
"pelican",60
"snowing",60
"zaps",60
"ahahahah",59
"capppp",59
"dogs",59
"fiancé",59
"experience",59
"basic",59
"bo",59
"bot",59
"flamingo",59
"throat",59
"tufffff",59
"learned",59
"yessssssss",59
"compared",59
"puss",59
"ss",59
"genuine",59
"promoting",59
"dash",59
"cte",59
"dooo",59
"omds",59
"thumbnail",59
"lyrics",59
"yurrr",59
"snowball",59
"reference",59
"matchen",59
"whose",59
"layup",59
"marlong",59
"skipping",59
"aware",59
"ekkochest",59
"espana",59
"fc",59
"local",59
"nn",59
"quickly",59
"rocky",59
"hickory",59
"layers",59
"llllllllllllll",59
"silkyyyy",59
"rapid",59
"funnymike",59
"spainnnn",59
"blaster",59
"carriage",59
"gefeliciteerd",59
"partnerjubileum",59
"complete",58
"healthy",58
"killed",58
"adhd",58
"bleeding",58
"immature",58
"older",58
"omgggggg",58
"struggling",58
"wallet",58
"kidding",58
"smith",58
"pure",58
"3k",58
"interview",58
"ps5",58
"thanksgiving",58
"walls",58
"58",58
"watchin",58
"claim",58
"oat",58
"byeee",58
"gooooooooooo",58
"albert",58
"cameronross2244",58
"chelsynotchelsea",58
"dump",58
"englanddd",58
"hhh",58
"holdddd",58
"legendary",58
"letss",58
"notastreamer9",58
"pedri",58
"rockett",58
"wuh",58
"babymarson",58
"curtains",58
"japanese",58
"lazer",58
"paris",58
"sga",58
"palm",58
"rowing",58
"okkk",57
"report",57
"absolutely",57
"fck",57
"numbers",57
"foo",57
"career",57
"customer",57
"wass",57
"trenches",57
"alert",57
"cougar",57
"donuts",57
"dose",57
"offff",57
"personally",57
"asmr",57
"chatter",57
"auraaaaaa",57
"dribble",57
"midnight",57
"niga",57
"opp",57
"yalll",57
"aussie",57
"benched",57
"camp",57
"deans",57
"doll",57
"eachother",57
"fahh",57
"hiiiiiii",57
"info",57
"looooool",57
"m3queens",57
"oou",57
"ronald",57
"sadge",57
"satire",57
"skill",57
"spots",57
"tiki",57
"ugh",57
"woooo",57
"coffee",57
"englandddd",57
"lagggggggggg",57
"lust",57
"spiders",57
"staircase",57
"mcqueen",57
"messssiiii",57
"chino",57
"classss",57
"cottage",57
"glacier",57
"pirouette",57
"sandcastle",57
"shipwreck",57
"stackswopo",57
"waiter",57
"pee",56
"innit",56
"landed",56
"crew",56
"pregnant",56
"spinning",56
"ey",56
"rough",56
"vision",56
"east",56
"plane",56
"grateful",56
"statue",56
"seee",56
"shiiiiii",56
"wayy",56
"bday",56
"smoked",56
"kk",56
"era",56
"include",56
"33333",56
"base",56
"evb",56
"kayla",56
"mexicans",56
"nugget",56
"parties",56
"polar",56
"prenup",56
"ronnnnnn",56
"spy",56
"ronaldoooo",56
"laggggggggg",56
"swiftrage",56
"chamber",56
"kingdom",56
"ditching",56
"poppy",56
"gardens",56
"damiii",56
"kaicyougoodmud",56
"ripzy",56
"runnnnnnnnnn",56
"jaydon1vibing",56
"hahahahahahaha",55
"normally",55
"onn",55
"horror",55
"nowwww",55
"steps",55
"gods",55
"pu",55
"cotton",55
"lays",55
"ooh",55
"screenshot",55
"easier",55
"photos",55
"sleepin",55
"arrest",55
"backflip",55
"drugs",55
"pancake",55
"weee",55
"yalls",55
"rom",55
"gå",55
"inspire",55
"wsgg",55
"award",55
"celebrate",55
"uppppppp",55
"flashbang",55
"adddddd",55
"apinkgirll",55
"fffffffffff",55
"hay",55
"korean",55
"lacyvibe",55
"lover",55
"ome4",55
"pour",55
"preach",55
"randoms",55
"rings",55
"widespeednod",55
"penguin",55
"hatt",55
"watering",55
"maroon",55
"plaqueboylogo2",55
"rwe",55
"tangerine",55
"kaicdubs",55
"grill",54
"limit",54
"creative",54
"ann0525",54
"bae",54
"kicking",54
"raw",54
"tears",54
"alike",54
"gyatttt",54
"tourist",54
"nahhhhhhh",54
"1m",54
"dildo",54
"houses",54
"innnnn",54
"leaveeee",54
"mig",54
"ohhhhhh",54
"stinks",54
"whit",54
"wingman",54
"meme",54
"uhmm",54
"weww",54
"oml",54
"warriors",54
"stranger",54
"campfire",54
"teh",54
"tennis",54
"puzzles",54
"purple",54
"slam",54
"blaxter",54
"curacao",54
"dent",54
"laggggggggggg",54
"lane",54
"omescrajj",54
"ru",54
"simoxvii1",54
"smt",54
"strength",54
"thanos",54
"traffic",54
"trainer",54
"planet",54
"yugi2x",54
"trapped",54
"marlonsgirl",54
"geyser",54
"cedar",54
"dunkk",54
"emirunod",54
"gust",54
"pendulum",54
"saddle",54
"the5th8pray",54
"cubadalife",54
"sharing",53
"hy",53
"respectfully",53
"florida",53
"shop",53
"aaa",53
"credit",53
"delete",53
"ist",53
"laying",53
"lmfaooooooo",53
"nowhere",53
"obsessed",53
"partyyyy",53
"warming",53
"wtffffff",53
"platform",53
"stalling",53
"underneath",53
"bracket",53
"gen",53
"ayyyyyyy",53
"bisexualpride",53
"lightning",53
"nomnom",53
"phones",53
"science",53
"siebe",53
"shelves",53
"sunlight",53
"waterboy",53
"helium",53
"prerecorded",53
"gts",53
"puffin",53
"glitter",53
"scholarship",53
"mice",53
"andrew",53
"basil",53
"cascade",53
"cyclone",53
"databasepolice",53
"voyager",53
"hahahahhaha",52
"liked",52
"martin",52
"cramp",52
"sucking",52
"sushi",52
"actor",52
"clippers",52
"kai's",52
"jit",52
"sees",52
"shy",52
"cosmos",52
"stressing",52
"10000",52
"protein",52
"washing",52
"yeeee",52
"ant",52
"dubs",52
"ick",52
"misses",52
"mistake",52
"placement",52
"return",52
"youuuuuu",52
"hallway",52
"wsggggg",52
"logged",52
"shoulders",52
"replay",52
"ewwwwwwww",52
"zip",52
"lllllllllllll",52
"books",52
"political",52
"worked",52
"unban",52
"gör",52
"ngga",52
"ali",52
"allow",52
"alyeezus",52
"dihhh",52
"ffffffffffff",52
"ge",52
"load",52
"loving",52
"lskezy",52
"norge",52
"passes",52
"predict",52
"river",52
"ther",52
"topping",52
"current",52
"grasslord",52
"heading",52
"marble",52
"marmoush",52
"noodle",52
"osfrog",52
"sui",52
"gm",52
"widespeedlemon",52
"812",52
"samham",52
"batch",52
"baker",52
"bellflower",52
"dahlia",52
"magnesium",52
"plantation",52
"snowstorm",52
"sprout",52
"underway",52
"babies",51
"ummm",51
"r9",51
"boooooo",51
"thirsty",51
"nails",51
"someones",51
"doubt",51
"autistic",51
"ballet",51
"cheated",51
"ina",51
"lap",51
"mention",51
"sis",51
"ww5",51
"couldn",51
"fed",51
"passport",51
"prayers",51
"silence",51
"beans",51
"peter",51
"himmmm",51
"joining",51
"somehow",51
"goattt",51
"parlay",51
"blart",51
"ivory",51
"loosing",51
"niceee",51
"signal",51
"spainn",51
"thanku",51
"trains",51
"whistle",51
"aren't",51
"benji",51
"cinheimer",51
"horses",51
"koncha",51
"lacysexo",51
"port",51
"sharp",51
"staple",51
"torres",51
"widemarlondance",51
"coworker",51
"fatigue",51
"waterproof",51
"pumpkin",51
"crow",51
"seagull",51
"drifting",51
"crocodile",51
"icicle",51
"mailbox",51
"topical",51
"enjoying",50
"ayee",50
"dammmm",50
"cups",50
"olds",50
"baddd",50
"fingers",50
"opening",50
"baddie",50
"chick",50
"boot",50
"siuuu",50
"conversation",50
"cow",50
"sidemen",50
"6'4",50
"cards",50
"cars",50
"euro",50
"fame",50
"hits",50
"rooney",50
"sins",50
"tee",50
"adam",50
"shed",50
"applied",50
"arc",50
"booth",50
"pleaseeee",50
"potential",50
"surprise",50
"cmonnnn",50
"shady",50
"marlonnnnnnnnnn",50
"matters",50
"rise",50
"shouting",50
"retake",50
"wut",50
"rights",50
"creek",50
"sleeper",50
"3pm",50
"auto",50
"chime",50
"exemegalul",50
"friessss",50
"hallo",50
"kit",50
"laglag",50
"maxxing",50
"moonwalk",50
"nooooooooooo",50
"rare",50
"rotation",50
"san",50
"sponsored",50
"uwu",50
"velvet",50
"wooo",50
"nippon",50
"sculpture",50
"windshield",50
"satellite",50
"cr41",50
"uwot",50
"kaiya",50
"sofey",50
"banjo",50
"campground",50
"candlelight",50
"orchid",50
"tadpole",50
"truffle",50
"vinegar",50
"wakeee",50
"wakeup",50
"yellowstone",50
"tune",49
"noodles",49
"suppose",49
"368",49
"4am",49
"btch",49
"dope",49
"standard",49
"clipfarming",49
"rayasianboy",49
"yappin",49
"yoooooooooooooooo",49
"5am",49
"baked",49
"circle",49
"salty",49
"should've",49
"wewww",49
"wwwwwwwwwwwwwwwwwwwwwwwww",49
"wwwwwwwwwwwwwwwwwwwwwwwwwww",49
"consistent",49
"mustard",49
"officer",49
"anywhere",49
"deaf",49
"translate",49
"burnt",49
"carti",49
"idc",49
"lollllllll",49
"vm",49
"fail",49
"ol",49
"washington",49
"wsppp",49
"bits",49
"op",49
"knife",49
"dtm",49
"111",49
"7am",49
"aus",49
"betting",49
"butler",49
"complain",49
"friendly",49
"kdb",49
"nico",49
"nuke",49
"poooound",49
"rakia",49
"tracker",49
"watkins",49
"yugis",49
"englanddddd",49
"suite",49
"burgers",49
"milesgersh24",49
"temple",49
"emily",49
"ome88",49
"runnnnnnnnnnn",49
"grapefruit",49
"muffin",49
"beginning",48
"hahahahahha",48
"snatch",48
"naaah",48
"bbq",48
"crime",48
"samsung",48
"upset",48
"worker",48
"2am",48
"banks",48
"das",48
"rockkk",48
"ten",48
"balance",48
"calories",48
"general",48
"heater",48
"hn",48
"nowwwww",48
"planned",48
"starving",48
"streamed",48
"universe",48
"wierd",48
"woulda",48
"yesyes",48
"lotion",48
"figure",48
"lmfaoooooooo",48
"opps",48
"swearing",48
"wwwwwwwwwwwwwwwwwwwwwwwwww",48
"aired",48
"steals",48
"heree",48
"tilted",48
"ahhhhhh",48
"twins",48
"sheet",48
"daddyyyyy",48
"swedens",48
"smooth",48
"he'll",48
"terms",48
"cb",48
"po",48
"wing",48
"blabbering",48
"bobrossthefifth",48
"coat",48
"crineee",48
"defend",48
"drops",48
"hol",48
"lungs",48
"omestare",48
"rook",48
"sour",48
"nicee",48
"vertical",48
"wideuzidance",48
"haven't",48
"painted",48
"cafe",48
"pending",48
"ajmo",48
"rebound",48
"mindmanners",48
"amennnn",48
"clove",48
"kaigo",48
"atsdave",48
"eller",47
"system",47
"maron",47
"thooo",47
"whatttttt",47
"yuhhhh",47
"huzz",47
"jokes",47
"remind",47
"boyyyy",47
"goalkeeper",47
"hyped",47
"okk",47
"takin",47
"upside",47
"uuuuu",47
"action",47
"bby",47
"forgive",47
"ghost",47
"palmer",47
"wats",47
"wspp",47
"command",47
"wolf",47
"gangster",47
"plsssss",47
"uhhhhh",47
"byeeee",47
"opnastdaqnce",47
"mentioned",47
"pizzatime",47
"101",47
"anis",47
"arabic",47
"aure",47
"bahamas",47
"collar",47
"dady",47
"deny",47
"elbow",47
"fantastic",47
"gnggg",47
"holidaypresent",47
"members",47
"merch",47
"ooooooooooo",47
"spainnnnn",47
"stolen",47
"stronger",47
"than3g",47
"totaa",47
"waht",47
"naija",47
"nono",47
"suiiiiiii",47
"greedy",47
"hacking",47
"shove",47
"sword",47
"trinity",47
"pollo",47
"shaggy",47
"emilyccrun",47
"leather",47
"sample",47
"shallow",47
"willow",47
"clas",47
"dunkkk",47
"fortune",47
"fossil",47
"jupiter",47
"lecture",47
"percanstein",47
"petunia",47
"salmon",47
"toucan",47
"zipline",47
"parceria",47
"wouldve",46
"ahaha",46
"sin",46
"anna",46
"reminds",46
"shitttt",46
"aggressive",46
"auntie",46
"dukee",46
"mcdonald",46
"eee",46
"filter",46
"ipad",46
"outa",46
"proper",46
"songs",46
"typa",46
"yee",46
"grinding",46
"rayyy",46
"500k",46
"boyfriend",46
"comp",46
"dot",46
"drawing",46
"dumbasses",46
"ga",46
"gooddd",46
"grandpa",46
"hoes",46
"italian",46
"landscape",46
"slick",46
"kaicgimmiegold",46
"obese",46
"b4",46
"clue",46
"covered",46
"helps",46
"northern",46
"humiliation",46
"bug",46
"draft",46
"reel",46
"a2guapo",46
"d3",46
"fbcatch",46
"fria",46
"gamla",46
"huhhh",46
"japannnn",46
"jasonnnnn",46
"lebronsballsac",46
"noww",46
"permission",46
"retards",46
"sonnnnn",46
"stage1",46
"watches",46
"whining",46
"whoisthis",46
"wideomedwerk",46
"boots",46
"colours",46
"fantasy",46
"layer",46
"passion",46
"bale",46
"nina",46
"chants",46
"cupcake",46
"biscuit",46
"bart",46
"gamers",46
"panicbasket",46
"stairway",46
"supper",46
"dandelion",46
"kaicrat",46
"roommm",46
"rooooom",46
"seagulls",46
"shoreline",46
"spinach",46
"theus011z",46
"undertow",46
"voltage",46
"boldog",46
"partnerévfordulót",46
"warr",46
"writing",45
"four",45
"grapes",45
"mentally",45
"mum",45
"shell",45
"strawberry",45
"yurrrrr",45
"awful",45
"destroyed",45
"fa",45
"rated",45
"underrated",45
"walker",45
"donkey",45
"fits",45
"hahahaa",45
"bi",45
"combined",45
"feelin",45
"gifts",45
"brake",45
"children",45
"finding",45
"lake",45
"multiple",45
"ya'll",45
"comon",45
"feds",45
"sesh",45
"nigeria",45
"stopp",45
"tax",45
"melting",45
"tiktoker",45
"pops",45
"ronaldinho",45
"deer",45
"momentum",45
"style",45
"torn",45
"albania",45
"11pm",45
"6767",45
"abyssaldreamz",45
"bangg",45
"bottles",45
"diner",45
"enemy",45
"gettt",45
"glue",45
"guts",45
"ilostnina",45
"ip",45
"lacyyyyyyyy",45
"lotus",45
"mexicooooo",45
"micheal",45
"ovo",45
"partyy",45
"strike",45
"when's",45
"widespeedcall",45
"bloated",45
"christ1447turnitup",45
"granite",45
"penalties",45
"statement",45
"woodland",45
"buttonmash",45
"sarah",45
"butcher",45
"jogging",45
"lacykekw",45
"lokey",45
"stepped",45
"correction",45
"bathe",45
"cradle",45
"ironman",45
"magnet",45
"northwest",45
"roadway",45
"snoring",45
"voucher",45
"wakee",45
"kgawdhyper",45
"catching",44
"roommates",44
"meaning",44
"whale",44
"bow",44
"mix",44
"weren",44
"breaks",44
"culture",44
"wayyyy",44
"fights",44
"strip",44
"ahhhhhhh",44
"bare",44
"bobby",44
"gangy",44
"shining",44
"belly",44
"frl",44
"ir",44
"spoke",44
"besides",44
"cheers",44
"fineee",44
"giant",44
"gordon",44
"kissing",44
"laging",44
"pan",44
"physical",44
"sabaping",44
"spoil",44
"streammmm",44
"studio",44
"waters",44
"closet",44
"lifetime",44
"python",44
"custom",44
"dgaf",44
"email",44
"gna",44
"torta",44
"brooooooooo",44
"movement",44
"grade",44
"iceland",44
"goodmorning",44
"dogshit",44
"whenever",44
"sweats",44
"opportunity",44
"buckets",44
"6k",44
"75",44
"among",44
"canon",44
"cardigan",44
"catsigh",44
"fitness",44
"futbol",44
"gatekeeping",44
"hatch",44
"holddddd",44
"ing",44
"jolly",44
"kaiiiiii",44
"loolo",44
"oj",44
"overly",44
"pulisic",44
"rawdogmoon",44
"shhhh",44
"spare",44
"tpfufun",44
"unwatchable",44
"wendy",44
"graduate",44
"hoops",44
"messsi",44
"trolls",44
"pollution",44
"runnnnnnnnnnnn",44
"gear",44
"rainy",44
"siuuuuu",44
"castro",44
"inter",44
"quiere",44
"lamb",44
"parent",44
"comeing",44
"kefe",44
"klose",44
"lands",44
"pudding",44
"camper",44
"carnation",44
"coral",44
"guitarist",44
"hazelnut",44
"ironical",44
"spine",44
"spoons",44
"turbine",44
"walnut",44
"chad227678",44
"pudgie16",44
"cancelled",43
"hoe",43
"911",43
"mar3lgheeeey",43
"con",43
"här",43
"plug",43
"younger",43
"alcohol",43
"updates",43
"scooter",43
"360",43
"magic",43
"gassed",43
"gum",43
"stoppp",43
"amount",43
"yoy",43
"blocking",43
"boyy",43
"caramel",43
"il",43
"markon",43
"tm",43
"tower",43
"vamosssss",43
"wi",43
"ahahahahah",43
"gain",43
"yeahhhhh",43
"depressed",43
"helppp",43
"papers",43
"religions",43
"bell",43
"ocean",43
"repeat",43
"suii",43
"vids",43
"malon",43
"escaped",43
"hats",43
"winter",43
"pirate",43
"bruuu",43
"ucl",43
"rabbit",43
"celebrating",43
"dinosaur",43
"dom",43
"singer",43
"rocketttt",43
"sooooo",43
"110",43
"älskar",43
"aypierrefrance",43
"beo",43
"clipfarmmm",43
"elon",43
"fires",43
"floating",43
"ggss",43
"jumpscare",43
"marlonnnnnnnnnnnn",43
"minion",43
"misticae7",43
"mole",43
"proposal",43
"realize",43
"selfie",43
"shh",43
"vakna",43
"vamossss",43
"ants",43
"lacydrew",43
"puddle",43
"tripod",43
"gunn",43
"racer",43
"lotd",43
"tay",43
"transport",43
"fanummmm",43
"poudii",43
"reg",43
"runik",43
"surburb",43
"armchair",43
"jayshock",43
"pencils",43
"periscope",43
"the5th8jesusisking",43
"yapping",42
"chillll",42
"finnaly",42
"pie",42
"aka",42
"cells",42
"episode",42
"latina",42
"situation",42
"swing",42
"blushing",42
"clapped",42
"mirror",42
"allat",42
"artist",42
"charging",42
"escort",42
"shocked",42
"verse",42
"whisper",42
"wewwww",42
"clueless",42
"cookin",42
"ddd",42
"how's",42
"leaveeeee",42
"packing",42
"showers",42
"stephen",42
"throws",42
"typical",42
"shouldnt",42
"slides",42
"thiss",42
"wsgggggg",42
"drag",42
"effect",42
"kaysan",42
"professors",42
"qualified",42
"shamrock1",42
"spending",42
"stiff",42
"wwwwwwwwwwwwwwwwwwwwwwwwwwwww",42
"portuguese",42
"keyboard",42
"stabesadge",42
"backdoor",42
"pant",42
"dirt",42
"grounded",42
"lllllllllllllll",42
"kitten",42
"marloooon",42
"os",42
"theee",42
"zest",42
"14th",42
"9pm",42
"balrightt",42
"bananahandl",42
"boiii",42
"boyz",42
"cya",42
"dembele",42
"distance",42
"distracted",42
"europeans",42
"everyones",42
"false",42
"further",42
"gambler",42
"garland",42
"gullible",42
"juventus",42
"kc",42
"kz",42
"lamo",42
"lens",42
"malron",42
"onb",42
"overtime",42
"rotate",42
"sadly",42
"sam",42
"stands",42
"thong",42
"timeee",42
"traitor",42
"turns",42
"west",42
"chairs",42
"fireworks",42
"rider",42
"automod",42
"ftmiiii",42
"larp6",42
"philippines",42
"vintage",42
"kilwa1234567890",42
"dansgame",42
"volar",42
"suki",42
"greenhouse",42
"jukebox",42
"justfluffayyy",42
"planetarium",42
"rowboat",42
"spinner",42
"tidalwave",42
"warrrrr",42
"wouldn't",41
"lmk",41
"page",41
"sperm",41
"couldn't",41
"elite",41
"protection",41
"sho",41
"wilding",41
"whoa",41
"bradley",41
"british",41
"century",41
"brazilian",41
"enter",41
"folded",41
"woods",41
"doe",41
"fireee",41
"ideas",41
"lemon",41
"pretend",41
"major",41
"asses",41
"collabs",41
"gi",41
"gray",41
"icecream",41
"places",41
"porto",41
"properly",41
"vietnam",41
"whoo",41
"shorter",41
"villain",41
"ggggggg",41
"goodd",41
"bums",41
"mmmmmmmmm",41
"mcdonalds",41
"spongebob",41
"plant",41
"media",41
"spraying",41
"buzzing",41
"pleasee",41
"ways",41
"lmaooooooooooo",41
"arlon",41
"asadi",41
"bun",41
"byee",41
"cabo",41
"caseoh",41
"copyright",41
"dork",41
"dukeee",41
"fahhhhh",41
"gamee",41
"goattttt",41
"gyökeres",41
"hee",41
"hhhh",41
"jingle",41
"labubu",41
"lebronarrive",41
"lifting",41
"microwave",41
"nih",41
"project",41
"santi",41
"six",41
"television",41
"vending",41
"waga",41
"wwe",41
"yon",41
"a1izarchives",41
"belguim",41
"maker",41
"taco",41
"workers",41
"yoyo",41
"failfish",41
"idol",41
"robed",41
"danm",41
"atrix646",41
"cj",41
"familiar",41
"pinkmercy",41
"supervinlin",41
"fang",41
"raccattack",41
"brainslug",41
"broshan",41
"lard",41
"linen",41
"totaaaaa",41
"bluejay",41
"camouflage",41
"joystick",41
"obesity",41
"quarterback",41
"rae",41
"vargentina",41
"casting",40
"puto",40
"agreed",40
"dan",40
"ghetto",40
"hon",40
"seven",40
"torch",40
"corners",40
"therapy",40
"yapper",40
"bev",40
"michigan",40
"problems",40
"across",40
"sleeve",40
"aim",40
"boyyy",40
"contest",40
"fi",40
"focused",40
"prove",40
"zara",40
"bro's",40
"noooooooooooo",40
"yesssssssss",40
"creating",40
"jeremy",40
"bara",40
"frrrr",40
"hidden",40
"pirates",40
"cookie",40
"geeked",40
"nearly",40
"racks",40
"tism",40
"thisss",40
"elbows",40
"cats",40
"atl",40
"awwwwww",40
"bass",40
"bullet",40
"chapstick",40
"chess",40
"cone",40
"hhhhh",40
"jackass",40
"laaag",40
"lebronleave",40
"loading",40
"mango",40
"olrite",40
"pooping",40
"server",40
"sheets",40
"speds",40
"steamer",40
"success",40
"swede",40
"transgenderpride",40
"chart",40
"kings",40
"taxi",40
"ungrateful",40
"flop",40
"hotdog",40
"nil",40
"nosebleeds",40
"speeding",40
"gawd",40
"za",40
"dyoung1078",40
"levelz8mex",40
"matcha",40
"perfection",40
"temper",40
"toasted",40
"playstation",40
"surrender",40
"inuyoface",40
"youdontsay",40
"column",40
"218",40
"archery",40
"blasters",40
"custard",40
"dbstyle",40
"gratitude",40
"ladle",40
"mallard",40
"practise",40
"sailor",40
"seashell",40
"shawl",40
"spindle",40
"tomahawk",40
"zappppp",40
"dms",39
"lyin",39
"trollin",39
"heyyyyyy",39
"bowl",39
"cali",39
"glitching",39
"hellll",39
"yeaaaaa",39
"moms",39
"flexing",39
"mar3lg's",39
"massage",39
"naaaa",39
"busted",39
"regardless",39
"competition",39
"rayyyy",39
"cardi",39
"chef",39
"marlen",39
"nahhhhhhhh",39
"somone",39
"wwwwwwwwwwwwwwwwwwwwwwwwwwww",39
"approved",39
"texted",39
"wtfffffff",39
"chicago",39
"education",39
"gooners",39
"gpt",39
"promote",39
"unlucky",39
"xqc",39
"yessssssssss",39
"cirocrsn",39
"movin",39
"present",39
"broooooooooo",39
"yurr",39
"yooooooooooooooooo",39
"below",39
"banggggg",39
"dor",39
"paradise",39
"excuses",39
"reset",39
"1111",39
"backyard",39
"bello",39
"bergvall",39
"besh",39
"fosco",39
"haramball",39
"header",39
"headset",39
"japannn",39
"joseph",39
"joshsekihype",39
"kay",39
"lolo",39
"longest",39
"lookup",39
"mile",39
"nfl",39
"omepfft",39
"oooooooooooo",39
"oscs",39
"ping",39
"puh",39
"reinasworlddd",39
"romm",39
"rondale",39
"sigh",39
"tas781",39
"theree",39
"tim",39
"tomorow",39
"victor",39
"zavala",39
"zzz",39
"biased",39
"helo",39
"lamps",39
"lifestyle",39
"martinez",39
"luggage",39
"haskells",39
"tobi",39
"bribe",39
"comfort",39
"foster",39
"happiness",39
"carter",39
"nassir",39
"deck",39
"doormat",39
"dunkkkk",39
"ironwood",39
"lilypad",39
"magical",39
"marigold",39
"penny2whugew",39
"saphire",39
"teacup",39
"topiary",39
"kgawdfreakfrog",39
"cried",38
"hm",38
"moaning",38
"claps",38
"hopper",38
"boat",38
"consider",38
"cuts",38
"epstein",38
"bruhhhhh",38
"greece",38
"pushups",38
"actin",38
"callin",38
"inner",38
"toe",38
"whoop",38
"balling",38
"completely",38
"drip",38
"global",38
"jerk",38
"male",38
"rating",38
"socials",38
"unknown",38
"kani",38
"outtttt",38
"issue",38
"usual",38
"helpp",38
"wewwwww",38
"hala",38
"5th",38
"inna",38
"fooling",38
"meanwhile",38
"lore",38
"warmup",38
"siuuuu",38
"picks",38
"youwhy",38
"kitty",38
"lah",38
"ishowspeed",38
"yal",38
"250",38
"atm",38
"bleedpurple",38
"doku",38
"gk",38
"goalllllllll",38
"jawline",38
"ko",38
"lied",38
"liverpool",38
"prof",38
"puppies",38
"republic",38
"slaque",38
"streamelements",38
"truly",38
"vitinha",38
"wowwww",38
"yayyy",38
"boaojjj",38
"calculator",38
"hammock",38
"hereeee",38
"lacyhi",38
"larpp",38
"multi",38
"predicted",38
"rdrdtheta1",38
"shall",38
"trident",38
"kapow",38
"donde",38
"baa",38
"performative",38
"wtruck",38
"plaza",38
"cramping",38
"creeatkekw",38
"ohshoot",38
"arcade",38
"carnivore",38
"colon",38
"harvest",38
"justify",38
"oracle",38
"peanuts",38
"teapot",38
"valentines",38
"waterfalls",38
"wool",38
"fanumbta",38
"jaydon1hahahaha",38
"orbe",38
"opposite",37
"badddd",37
"devil",37
"dust",37
"hahahahahahah",37
"manners",37
"mature",37
"okok",37
"ship",37
"supporters",37
"druski",37
"lawn",37
"istg",37
"yap",37
"lightskin",37
"neon",37
"oui",37
"poster",37
"slip",37
"sunny",37
"yuhhhhh",37
"ahah",37
"crazyyyyy",37
"dumass",37
"gotchu",37
"immediately",37
"thicker",37
"tweakin",37
"dragging",37
"generation",37
"itttttt",37
"mannen",37
"meh",37
"millions",37
"themastermime35",37
"flow",37
"tel",37
"kaicnaenae",37
"gameee",37
"illegal",37
"jsut",37
"methods",37
"goooood",37
"marlawnnn",37
"pump",37
"lacyyyyyyyyy",37
"callll",37
"wspppp",37
"copped",37
"nej",37
"marly",37
"yummy",37
"greetings",37
"baka",37
"prepared",37
"thursday",37
"goof",37
"2018",37
"iconic",37
"victory",37
"meeeeeeeeee",37
"abuse",37
"audition",37
"avoid",37
"ayyyyyyyy",37
"billy",37
"briefcase",37
"brunson",37
"buffer",37
"curaçao",37
"daddyy",37
"fuckass",37
"glove",37
"grace",37
"hasn't",37
"ilamosrido",37
"jaw",37
"lesbianpride",37
"llol",37
"mics",37
"morroco",37
"mummy",37
"ome3",37
"oouu",37
"reta",37
"salad",37
"tehfunrunnice",37
"toma",37
"toooo",37
"ttt",37
"turbo",37
"vardan",37
"yuta4xuprise",37
"df",37
"lakers",37
"redcoat",37
"stat",37
"tombraid",37
"wallpaper",37
"wooooo",37
"arguing",37
"lee",37
"snipe",37
"irritated",37
"mogggg",37
"caffeine",37
"dai",37
"guitar",37
"liluziwritz",37
"theagencywhands",37
"kaicstare",37
"lewa",37
"onmovee",37
"skinned",37
"xyzoomsilversurfer",37
"roaming",37
"ballad",37
"dune",37
"grassland",37
"guilty",37
"gumball",37
"inlet",37
"jasmine",37
"ovulation",37
"schoolbus",37
"sparkle",37
"spinal",37
"toadstool",37
"tortoise",37
"cyber",36
"killer",36
"apples",36
"chemistry",36
"jet",36
"promotion",36
"yuhh",36
"incident",36
"aaaa",36
"abit",36
"ca",36
"damnnnnnn",36
"lovely",36
"bounce",36
"deffo",36
"dipped",36
"ignored",36
"randomly",36
"tats",36
"context",36
"wwwwwwwwwwwwwwwwwwwwwwwwwwwwww",36
"backkkkk",36
"filipino",36
"fumble",36
"garlic",36
"hostage",36
"lionel",36
"paste",36
"plzzzz",36
"trade",36
"jerking",36
"blew",36
"fuk",36
"updated",36
"vaseline",36
"cheaper",36
"hahahahaa",36
"winners",36
"cmonnnnn",36
"trend",36
"froze",36
"unemployed",36
"chewing",36
"pounds",36
"lipstick",36
"choo",36
"staff",36
"2010",36
"airplane",36
"doi",36
"overstimulated",36
"petite",36
"footage",36
"ranked",36
"earings",36
"144p",36
"asexualpride",36
"bomboclat",36
"corey",36
"counting",36
"covering",36
"cp",36
"fps",36
"geez",36
"genderfluidpride",36
"gol",36
"griddygoose",36
"helly",36
"lorax",36
"lots",36
"mega",36
"melon",36
"moging",36
"obv",36
"ofn",36
"omgomg",36
"oops",36
"ordered",36
"peoples",36
"qualify",36
"rakaii",36
"reacts",36
"rome",36
"scoreboard",36
"shhh",36
"shyam2508",36
"sudden",36
"tothehill",36
"upppppppp",36
"vinna",36
"hiiiiiiii",36
"panda",36
"ronaldos",36
"roooom",36
"blueberry",36
"marlooooon",36
"pjsugar",36
"treating",36
"cheetah",36
"ratio",36
"mcat",36
"slimed",36
"steven",36
"engine",36
"painter",36
"paras",36
"puede",36
"cushion",36
"madii",36
"sliding",36
"sandals",36
"archway",36
"bounty",36
"cement",36
"jadee2817",36
"libary",36
"mednasney",36
"seaglass",36
"surfing",36
"trailhead",36
"trailing",36
"ventura",36
"yonder",36
"fellowship",36
"jaydon1imout",36
"che",35
"curious",35
"punish",35
"hurting",35
"aquaphor",35
"blowing",35
"design",35
"forrest",35
"ure",35
"fruity",35
"tacos",35
"dogface",35
"heh",35
"held",35
"hellooo",35
"lesbian",35
"wrote",35
"backrooms",35
"brody",35
"bruuuu",35
"defending",35
"eaten",35
"ferrari",35
"hatin",35
"highest",35
"imo",35
"semi",35
"treatment",35
"upgrade",35
"wise",35
"awwwwwww",35
"correctly",35
"potter",35
"yoooooooooooooooooo",35
"baschin",35
"urs",35
"bor",35
"ceiling",35
"glazeee",35
"iss",35
"minimum",35
"nap",35
"streammmmm",35
"faking",35
"eewww",35
"events",35
"demons",35
"diabolical",35
"fruit",35
"omggggggg",35
"easter",35
"became",35
"vods",35
"𝟳𝗧𝗩",35
"accident",35
"adssssss",35
"baiting",35
"bangerr",35
"beats",35
"bp",35
"buff",35
"bullies",35
"cucurella",35
"error",35
"farting",35
"fbblock",35
"festival",35
"gap",35
"gl",35
"goallllllllll",35
"greenland",35
"jourdonj",35
"kissed",35
"lucas",35
"mex",35
"mvgame",35
"piano",35
"pokemon",35
"possibly",35
"rockkkk",35
"roomm",35
"singsnote",35
"vini",35
"yous",35
"ankara",35
"corruption",35
"created",35
"dansi",35
"doue",35
"gallon",35
"jamal",35
"lagged",35
"lately",35
"lighter",35
"nig",35
"plaqueboy",35
"vest",35
"bleeds",35
"cabbage",35
"friess",35
"gs",35
"laggggggggggggg",35
"busses",35
"laccy",35
"midday",35
"mountains",35
"bulls",35
"deodorant",35
"gravity",35
"keith",35
"veteran",35
"pg",35
"skyline",35
"ttours",35
"bosnian",35
"crippled",35
"shack",35
"maxxxxx",35
"emiru",35
"almond",35
"aquarium",35
"digger",35
"hillside",35
"joyful",35
"lilly",35
"peppermint",35
"perimeter",35
"pinterest",35
"planting",35
"schooling",35
"thimble",35
"trumpet",35
"cos",34
"drank",34
"flat",34
"indeed",34
"owww",34
"probs",34
"starbucks",34
"tooooo",34
"elias",34
"iam",34
"4pm",34
"afford",34
"blessing",34
"brandon",34
"makin",34
"salt",34
"struggle",34
"blink",34
"tan",34
"somali",34
"100000",34
"1h",34
"2000",34
"6'3",34
"69",34
"6am",34
"cs",34
"dating",34
"fineeee",34
"italiano",34
"mount",34
"nail",34
"oblivion",34
"patience",34
"premier",34
"reads",34
"saves",34
"ton",34
"topic",34
"vacation",34
"violence",34
"brooklyn",34
"nigerian",34
"portable",34
"silent",34
"snälla",34
"wwwwwwwwwwwwwwwwwwwwwwwwwwwwwww",34
"mickey",34
"restaurant",34
"force",34
"chanel",34
"liveee",34
"loooooool",34
"searching",34
"dookie",34
"marlonnnnnnnnnnn",34
"shawnzyaa",34
"lesgoo",34
"toxic",34
"windmill",34
"lemonade",34
"danish",34
"milky",34
"idgaf",34
"boost",34
"islam",34
"mot",34
"weekend",34
"happier",34
"mrlon",34
"timeeeee",34
"chao",34
"lack",34
"billionaire",34
"carrots",34
"daddyyyyyy",34
"dxcat",34
"golazo",34
"household",34
"irish",34
"marion",34
"payed",34
"pixels",34
"pressing",34
"productionfunny",34
"shameless",34
"skullcap",34
"slim",34
"suicide",34
"td",34
"tror",34
"valorant",34
"vector",34
"vehicle",34
"vickyc48",34
"vpn",34
"winn",34
"wo",34
"woahhh",34
"baseball",34
"believing",34
"chuds",34
"intheirbag",34
"marshmallow",34
"release",34
"stabesuss",34
"dive",34
"hé",34
"kappahd",34
"brace",34
"ronaldooooo",34
"baaa",34
"billion",34
"nurse",34
"salvitoreyt",34
"schools",34
"sinqy",34
"trashed",34
"lmfoaoa",34
"hallelujah",34
"billythkid121",34
"luckily",34
"mocking",34
"kaicfiremgm",34
"mandarin",34
"omega",34
"pusc",34
"theringer",34
"crane",34
"maryland",34
"oghmz",34
"blizzard",34
"catastrophe",34
"celery",34
"colder",34
"fannum",34
"kaiccaught",34
"lateral",34
"meteor",34
"musical",34
"parrotfish",34
"pinwheel",34
"schoolwork",34
"stationary",34
"waterwheel",34
"yellowtail",34
"warrrrrr",34
"finaly",33
"i'd",33
"sry",33
"ahhahaha",33
"clipping",33
"exist",33
"feelings",33
"goodness",33
"note",33
"cappin",33
"char",33
"shadydiedd",33
"400",33
"arua",33
"baddy",33
"creepy",33
"permanent",33
"scamming",33
"stalker",33
"zenta1x",33
"wayyyyy",33
"biblethump",33
"grand",33
"hel",33
"himmmmm",33
"oooh",33
"penthouse",33
"stood",33
"thoo",33
"underage",33
"vill",33
"woahh",33
"shift",33
"suitcase",33
"kaicsturdyy",33
"virus",33
"yp",33
"ankles",33
"growth",33
"voted",33
"letssss",33
"dye",33
"fyne",33
"loook",33
"mafia",33
"munch",33
"afraid",33
"theme",33
"dood",33
"sleepover",33
"2min",33
"40k",33
"announce",33
"assssss",33
"athletic",33
"ballright",33
"bruu",33
"commentator",33
"coping",33
"distraction",33
"dukes",33
"fffffffffffff",33
"gasp",33
"gayge",33
"haskellll",33
"homage",33
"iguessbro",33
"including",33
"instantly",33
"kingvonff",33
"lmaooooooooooooo",33
"loveee",33
"omeoh",33
"pinn",33
"tuna",33
"weyoo8",33
"widespeedlaugh4",33
"witch",33
"youtuber",33
"2008",33
"altitude",33
"attacking",33
"badly",33
"fr8818",33
"lakaka",33
"notrya7clap",33
"relay",33
"spains",33
"elo",33
"shore",33
"ark",33
"lark",33
"rally",33
"cycling",33
"akbar",33
"hearth",33
"luca",33
"bugha",33
"kinggg",33
"saucey62hype",33
"eagle",33
"banter",33
"everest",33
"cloth",33
"dezz",33
"foundation",33
"hiking",33
"lacygo",33
"summit",33
"swimmer",33
"archer",33
"cobweb",33
"dewdrop",33
"dingdong",33
"libraries",33
"magician",33
"magnets",33
"oakwood",33
"plankton",33
"r1ght189",33
"schoolyard",33
"tinsel",33
"treehouse",33
"turnovers",33
"wakie",33
"x2xrakrakaiygm",33
"comfortable",32
"gtg",32
"roasted",32
"admit",32
"chile",32
"eater",32
"mar3lgbabygirl",32
"quote",32
"fever",32
"guest",32
"hahahahahahha",32
"mixed",32
"revenge",32
"julian",32
"mario",32
"yacht",32
"eyebrows",32
"ganggg",32
"babyyy",32
"balloons",32
"canvas",32
"dripping",32
"failed",32
"lamelo",32
"willing",32
"bazzaline",32
"bush",32
"cappppp",32
"dates",32
"dominican",32
"goodddd",32
"hairy",32
"headache",32
"mh",32
"panicvis",32
"practicing",32
"shawty",32
"skit",32
"sss",32
"steaming",32
"thee",32
"tourney",32
"williams",32
"grew",32
"army",32
"passionate",32
"savior",32
"sensitive",32
"fireeee",32
"stank",32
"ded",32
"lolllllllll",32
"dudeeee",32
"backs",32
"autism",32
"particular",32
"patriot",32
"chooo",32
"category",32
"snowcone",32
"thatt",32
"username",32
"fear",32
"uss",32
"avatar",32
"glazers",32
"schizo",32
"2030",32
"alienpls3",32
"aston",32
"basketbal",32
"bulgaria",32
"bunz",32
"clearance",32
"coaches",32
"cybertruck",32
"elephant",32
"forgotten",32
"handball",32
"jalens1youakiiiiiii",32
"junko",32
"lacypr",32
"larsson",32
"laser",32
"leading",32
"lemickey",32
"mrbeast",32
"panama",32
"quen",32
"ragebaiting",32
"stabel",32
"stranded",32
"sturdy",32
"vocals",32
"wings",32
"winnin",32
"woooooo",32
"yayyyy",32
"entrance",32
"halland",32
"jasonnnnnn",32
"karaoke",32
"mail",32
"messiiiii",32
"pace",32
"sexo",32
"wan",32
"xjessi3x",32
"blues",32
"clark",32
"pushup",32
"sunscreen",32
"suiiiiiiii",32
"announced",32
"corgiderp",32
"heria",32
"kittens",32
"nguyen",32
"vented",32
"xin",32
"arigato",32
"slop",32
"chrisnxtdoor",32
"wotd",32
"gasoline",32
"pentagon",32
"comingggggg",32
"pengland",32
"broterowerk",32
"ijustlovepuzzles",32
"lester",32
"madiii",32
"kaya",32
"purify",32
"client",32
"glimmer",32
"hoopers",32
"lettuce",32
"mattress",32
"platonic",32
"pond",32
"rivers",32
"savanna",32
"toboggan",32
"treetop",32
"vineyard",32
"spreading",31
"thattt",31
"español",31
"hahhaha",31
"homemade",31
"reality",31
"dale",31
"nahhhhhhhhh",31
"opened",31
"shaved",31
"trim",31
"ethnicity",31
"grip",31
"leavee",31
"daylight",31
"drill",31
"onlyfans",31
"stomach",31
"badd",31
"disappointed",31
"sucked",31
"15k",31
"annoyed",31
"burning",31
"fckn",31
"ggz",31
"hahha",31
"juggle",31
"matching",31
"nation",31
"rnnn",31
"rowe",31
"sherlock",31
"spawn",31
"sue",31
"ummmm",31
"wink",31
"lmaoooooooooooo",31
"showered",31
"sleeep",31
"market",31
"msg",31
"rising",31
"manchester",31
"nafisaaa",31
"ohhhhhhhhh",31
"fye",31
"hearts",31
"request",31
"roast",31
"helloooo",31
"jasont2flirt",31
"byeeeee",31
"booooooo",31
"okey",31
"pound",31
"judging",31
"thankful",31
"buzzz",31
"comms",31
"dame",31
"dawn",31
"dich",31
"donowall",31
"easiest",31
"eyyy",31
"fina",31
"flipped",31
"foreign",31
"gymm",31
"hu",31
"idag",31
"kickoff",31
"krkrkr",31
"larppp",31
"millionare",31
"moggers",31
"neeed",31
"pinnnn",31
"sadio",31
"segway",31
"shite",31
"slaiq",31
"annoy",31
"coaching",31
"competitive",31
"marking",31
"morphintime",31
"potatbotat",31
"scratch",31
"speed32",31
"5'6",31
"barcola",31
"flute",31
"sneaky",31
"yogi",31
"fahhhhhh",31
"frick",31
"syfm",31
"wander",31
"roman",31
"woahhhh",31
"dingus",31
"richer",31
"attacked",31
"wonderwall",31
"raylen",31
"bosna",31
"bedtime",31
"bernardramirez1",31
"gather",31
"heist",31
"meeeeeeeee",31
"merino",31
"itsboshytime",31
"bake",31
"bo2",31
"bulldog",31
"camp1217",31
"cannonball",31
"combo685",31
"comingfanum",31
"conutpassion",31
"feathering",31
"garment",31
"kinder",31
"kiteboard",31
"lader",31
"librarians",31
"panther",31
"paperclip",31
"pegasus",31
"sanctuary",31
"shoelaces",31
"sledding",31
"trailers",31
"undertop",31
"hyvää",31
"jaydon1ayooo",31
"kumppanivuosipäivää",31
"leent7ff",31
"modeling",30
"darker",30
"josh",30
"basement",30
"gangg",30
"hahahhahaha",30
"jealousy",30
"ken",30
"momma",30
"papiiiii",30
"spicy",30
"vietnamese",30
"mhmmmm",30
"cracked",30
"decided",30
"strange",30
"brev",30
"equipment",30
"manage",30
"russia",30
"von",30
"gained",30
"gayyyy",30
"preciate",30
"regret",30
"m4",30
"advantage",30
"bestie",30
"bich",30
"cuddle",30
"flirting",30
"forcing",30
"kung",30
"laid",30
"micc",30
"partyyyyy",30
"powerful",30
"shrimp",30
"swat",30
"tapped",30
"walks",30
"yrs",30
"chubby",30
"clipp",30
"founder",30
"knocking",30
"när",30
"noone",30
"propose",30
"refund",30
"whooo",30
"wwwwwwwwwwwwwwwwwwwwwwwwwwwwwwww",30
"wagwan",30
"loooooooool",30
"viewer",30
"voting",30
"applying",30
"ridiculous",30
"dicks",30
"mmmmmmmmmmm",30
"yeaaaaaa",30
"celebration",30
"laptop",30
"spooky",30
"syndrome",30
"peaceful",30
"thereee",30
"wars",30
"woww",30
"shawn",30
"speakers",30
"stfuuu",30
"eyy",30
"gigi",30
"weeee",30
"agahappi",30
"amin",30
"art",30
"avengers",30
"bleachers",30
"bones",30
"cherki",30
"closing",30
"d00mrabbit",30
"deals",30
"destroying",30
"eliminated",30
"foood",30
"forza",30
"gratis",30
"hiiiiiiiii",30
"hill",30
"ki",30
"lesgo",30
"mc",30
"miccc",30
"mighty",30
"millionaires",30
"nectar",30
"nonsense",30
"nothin",30
"offer",30
"okayyyy",30
"onnnnn",30
"pal",30
"para",30
"rakaiii",30
"raki",30
"ronny",30
"shepherd",30
"shiiiiiii",30
"silkyyyyy",30
"steak",30
"swag",30
"thaluuuuu",30
"thus",30
"tracking",30
"tuesday",30
"undercover",30
"valentino",30
"viperusw",30
"wthhh",30
"130",30
"bieber",30
"diagonal",30
"foosball",30
"leao",30
"matthew",30
"onto",30
"rubin",30
"separate",30
"studies",30
"uuuh",30
"babyjam",30
"llllllllllllllll",30
"mbappé",30
"nuh",30
"saunters",30
"seratorix21",30
"speeeed",30
"clouds",30
"coaster",30
"compass",30
"march",30
"snich",30
"iamclap",30
"tobacco",30
"ratted",30
"sf",30
"timmy",30
"aceakew",30
"argument",30
"breezyballer13",30
"bullseye",30
"esp",30
"guarantee",30
"rune",30
"threes",30
"irrelevant",30
"palace",30
"sacrifice",30
"trashhhhhhhhhhhhhh",30
"cryspeed",30
"csgo",30
"sprites",30
"w100",30
"cramps",30
"itskay11laugh",30
"jesus's",30
"justtypingshit",30
"youuuuuuuuuuuuuuuuuuuuuuuu",30
"202",30
"bagofmemes",30
"candles",30
"delight",30
"easel",30
"elm",30
"fllesfight",30
"haystack",30
"inkwell",30
"jailbreak",30
"mosaic",30
"ratting",30
"raves",30
"topics",30
"tortilla",30
"workshop",30
"5533",30
"cutdami",30
"jaydon1minions",30
"nejlepší",30
"partnerství",30
"vše",30
"výročí",30
"beanie",29
"neither",29
"noticed",29
"somalia",29
"tuned",29
"youuuuuuu",29
"charged",29
"gyattttt",29
"het",29
"denis",29
"unlock",29
"canceled",29
"85",29
"combo",29
"facing",29
"glazed",29
"hmmmm",29
"anthony",29
"championship",29
"é",29
"equador",29
"eze",29
"females",29
"hattt",29
"las",29
"leo",29
"mon",29
"naaaah",29
"noti",29
"rodrigo",29
"touche",29
"yoh",29
"10min",29
"upppppppppp",29
"godd",29
"rep",29
"shutup",29
"collage",29
"kidnap",29
"limited",29
"sponsors",29
"stressed",29
"strict",29
"strongest",29
"coco",29
"raided",29
"sake",29
"eta",29
"bagg",29
"gaslight",29
"album",29
"corrupt",29
"electric",29
"nnn",29
"95",29
"volleyball",29
"cha",29
"ayeeeeee",29
"feast",29
"sticks",29
"glock",29
"obs",29
"countdown",29
"9k",29
"thugs",29
"1min",29
"30min",29
"66",29
"ag",29
"android",29
"beep",29
"cheerleader",29
"county",29
"dies",29
"dijk",29
"dukeeee",29
"effort",29
"generational",29
"helpppp",29
"input",29
"iron",29
"kohn",29
"legacyfnn",29
"legends",29
"math",29
"maxing",29
"nations",29
"nem",29
"nicks",29
"pieces",29
"spike",29
"turkiye",29
"ultimate",29
"users",29
"vem",29
"englandddddd",29
"freind",29
"lact",29
"propaganda",29
"razor",29
"village",29
"eli",29
"num1assist",29
"peptides",29
"plssssss",29
"snooze",29
"themselves",29
"wandering",29
"clamp",29
"pointless",29
"capital",29
"copper",29
"didt",29
"dunking",29
"extralife",29
"fears",29
"hovering",29
"redacted",29
"timewilltalk",29
"zotooflol",29
"ka",29
"religious",29
"raincoat",29
"marinate",29
"marvel",29
"putellas",29
"topless",29
"trees",29
"wotw",29
"bulling",29
"seattle",29
"atoms",29
"megamind",29
"nbssguero",29
"roommmm",29
"huss",29
"3's",29
"apron",29
"bulletin",29
"catastrophic",29
"cazebr",29
"classsss",29
"emerald",29
"fanfic",29
"gingerbread",29
"himgajria",29
"jackal",29
"journal",29
"juvenile",29
"librarybook",29
"praised",29
"quartzite",29
"rayasishake",29
"roaster",29
"sandbox",29
"sunbeam",29
"watergun",29
"swinging",28
"virgin",28
"web",28
"1am",28
"asfff",28
"bill",28
"commercial",28
"flipping",28
"sassy",28
"sweeter",28
"thissss",28
"vibing",28
"dammmmm",28
"forgetting",28
"international",28
"process",28
"somalian",28
"taht",28
"ger",28
"talm",28
"viet",28
"shooters",28
"entertain",28
"mask",28
"sniff",28
"veneers",28
"waves",28
"yow",28
"awh",28
"decision",28
"leaks",28
"progress",28
"tatted",28
"thin",28
"trunk",28
"bisexual",28
"dddd",28
"demonnn",28
"ds",28
"kingg",28
"messii",28
"richard",28
"ryan",28
"strat",28
"subject",28
"subscription",28
"yaaaa",28
"cent",28
"dreamcon",28
"kingggg",28
"ocky",28
"800",28
"belive",28
"inverted",28
"nor",28
"plzzz",28
"timezone",28
"waited",28
"worries",28
"yiu",28
"yeo",28
"breezy",28
"checks",28
"ohio",28
"sentence",28
"ginger",28
"mustache",28
"werent",28
"soooooo",28
"siuuuuuuu",28
"ham",28
"whyy",28
"adress",28
"blast",28
"huhhhh",28
"meeeeeeeeeee",28
"meeeeeeeeeeee",28
"677",28
"6777",28
"8k",28
"batter",28
"bazalright",28
"becoming",28
"brutalized",28
"buffalo",28
"cortisol",28
"etc",28
"expected",28
"fbrun",28
"g1ngeboogie",28
"glider",28
"glorp",28
"hahaah",28
"holyyyyy",28
"jeez",28
"jock",28
"knockout",28
"lamin",28
"large",28
"lifeguard",28
"lineups",28
"lok",28
"marlonnnnnnnnnnnnnn",28
"network",28
"neves",28
"ome105",28
"oww",28
"paragraph",28
"pausechamp",28
"piggy",28
"pleaseeeee",28
"rin",28
"roads",28
"slammed",28
"specific",28
"squeeze",28
"streameru",28
"talented",28
"tawww",28
"toenail",28
"totaaaaaa",28
"1vs1",28
"bruyne",28
"lundgren",28
"outdoor",28
"shazbotstix",28
"stinker",28
"teamwork",28
"underground",28
"lucy",28
"pill",28
"dududu",28
"offfff",28
"removed",28
"tropical",28
"cigarette",28
"highschool",28
"koleemusic",28
"mexicoo",28
"andre",28
"denim",28
"penny",28
"supreme",28
"vincent",28
"baned",28
"clarkson",28
"doherty",28
"chameleon",28
"freaked",28
"gentle",28
"perish",28
"thermal",28
"rolex",28
"venus",28
"calendar",28
"courage",28
"damiiii",28
"dreamdoll",28
"jynxzichampion",28
"maddi",28
"pooool",28
"poudi",28
"skai",28
"mutedddd",28
"colony",28
"demonn",28
"eclipse",28
"fermentation",28
"ferriswheel",28
"forage",28
"frosting",28
"gunnn",28
"harmony",28
"kaicfreekai",28
"kaicmug",28
"librarycard",28
"manu0677",28
"marlonious",28
"quicksand",28
"saguaro",28
"shelving",28
"starboard",28
"swordfish",28
"twig",28
"wakeeee",28
"yoghurt",28
"camnoltrash",28
"kgawdyoungnaruto",28
"av",27
"junior",27
"sort",27
"tff",27
"tfff",27
"adult",27
"brings",27
"compete",27
"crop",27
"pho",27
"bunda",27
"dono",27
"freestyle",27
"lest",27
"streamlabs",27
"marley",27
"testing",27
"twist",27
"buck",27
"cookies",27
"crusty",27
"pubes",27
"brooooooooooo",27
"forsure",27
"predator",27
"sounded",27
"subbing",27
"tatto",27
"wrist",27
"yy",27
"farmer",27
"rayy",27
"argentinaaaa",27
"casual",27
"cheatin",27
"dk",27
"enjoyed",27
"insecure",27
"johnny",27
"meatballs",27
"messiii",27
"odds",27
"overthinking",27
"playboy",27
"portugallll",27
"pronounce",27
"pullin",27
"recover",27
"scratching",27
"skibidi",27
"smashing",27
"thay",27
"unit",27
"hahahaah",27
"popping",27
"restroom",27
"spoiled",27
"storage",27
"mashallah",27
"3d",27
"streamw",27
"oreo",27
"lacking",27
"redo",27
"audience",27
"wsggggggg",27
"femboy",27
"gett",27
"looooooool",27
"heated",27
"xxx",27
"aah",27
"bin",27
"snack",27
"economy",27
"kenny",27
"teammate",27
"walmart",27
"1pm",27
"200k",27
"addddddd",27
"angeldok93",27
"avoiding",27
"balon",27
"banning",27
"berat08523",27
"borat",27
"brp",27
"coreee",27
"dadddyyy",27
"danggg",27
"dapmeup",27
"des",27
"domain",27
"dumber",27
"editzszn22",27
"exposure",27
"fein4dabag",27
"footballs",27
"friendship",27
"guap",27
"hippo",27
"hunter",27
"husbandw",27
"jeans",27
"laag",27
"loolll",27
"marrrrrrr",27
"matlon",27
"memory",27
"niche",27
"nightbot",27
"nusa",27
"offffff",27
"oma",27
"ome52",27
"ooop",27
"owwww",27
"patchjl",27
"pathetic",27
"portugalll",27
"ronnnnnnn",27
"runnnnnnnnnnnnnn",27
"staged",27
"stil",27
"string",27
"technically",27
"tg",27
"tuffffff",27
"unsane",27
"vamossssss",27
"vrummmmmmmmmmm",27
"wingstop",27
"xddd",27
"yard",27
"yeahhhhhh",27
"yesssssssssss",27
"yoyoyo",27
"arlawn",27
"geting",27
"hated",27
"highway",27
"increase",27
"litter",27
"loop",27
"m8",27
"pffft",27
"shocking",27
"siuuuuuu",27
"youve",27
"bleus",27
"cuffem",27
"headed",27
"laaaag",27
"liability",27
"lllllllllllllllll",27
"sticker",27
"thankegg",27
"togi",27
"ultras",27
"brutally",27
"rattle",27
"roller",27
"ronaldoooooo",27
"spank",27
"teammates",27
"wissa",27
"21st",27
"comet",27
"dep",27
"starters",27
"windoww",27
"dessert",27
"freeee",27
"the5th8w",27
"trench",27
"enzzaill",27
"pimple",27
"candidate",27
"zaxbys",27
"agents",27
"reed",27
"balled",27
"divaaaa",27
"grave",27
"halls",27
"participate",27
"windowww",27
"305",27
"308",27
"bracelet",27
"brightness",27
"casket",27
"casserole",27
"couxine",27
"despite",27
"dipp",27
"dragonfly",27
"fortunate",27
"garfield",27
"girlhestaring",27
"lamplight",27
"lemons",27
"quickest",27
"raver",27
"runnnnnnnnnnnnn",27
"stabehypers",27
"trigger",27
"veranda",27
"waterland",27
"zeppelin",27
"gratulerer",27
"partnerskapsjubilum",27
"x2xrakrakai911",27
"der",26
"gurl",26
"ayoooooooooo",26
"funniest",26
"jobs",26
"unlocked",26
"yasmin",26
"anxiety",26
"bold",26
"forced",26
"ross",26
"traveling",26
"animals",26
"okayyy",26
"dats",26
"slower",26
"defensive",26
"mewing",26
"trail",26
"uuuuuu",26
"armpits",26
"gud",26
"herself",26
"hittin",26
"infinite",26
"nipples",26
"uncomfortable",26
"yessirrr",26
"rayyyyy",26
"afro",26
"ayooooooooooo",26
"caht",26
"faxxxxx",26
"gorgeous",26
"hahahahahahahaha",26
"kanye",26
"lived",26
"madueke",26
"rr",26
"sabotage",26
"spittin",26
"theory",26
"tunes",26
"twerk",26
"whattttttt",26
"eatin",26
"violation",26
"ducking",26
"harvard",26
"mutedd",26
"nowadays",26
"official",26
"plzzzzz",26
"skydiving",26
"unbanned",26
"wwwwwwwwwwwwwwwwwwwwwwwwwwwwwwwwwww",26
"wwwwwwwwwwwwwwwwwwwwwwwwwwwwwwwwwwwww",26
"7k",26
"chuck",26
"ewwwwwwwww",26
"firee",26
"liveeee",26
"okkkk",26
"yeeeee",26
"mannnnn",26
"recently",26
"highkey",26
"ages",26
"punched",26
"relate",26
"shampoo",26
"fireeeee",26
"clippp",26
"clipppp",26
"siuuuuuuuuuu",26
"drills",26
"showww",26
"yurrrrrr",26
"arrive",26
"brushing",26
"där",26
"nigha",26
"ashalkkashcoin",26
"lithium",26
"offensive",26
"caked",26
"license",26
"plis",26
"79101",26
"aviv",26
"babyyyy",26
"backup",26
"bangggggg",26
"bihh",26
"braindead",26
"brooke",26
"canteen",26
"cc",26
"chattttt",26
"colab",26
"commentators",26
"cson",26
"daym",26
"dieanwuelf",26
"dippp",26
"dosent",26
"errr",26
"ffffffffffffff",26
"folder",26
"glazee",26
"goatt",26
"hid",26
"holland",26
"interested",26
"isss",26
"juve",26
"katxarielle",26
"laulaulolli1",26
"lessss",26
"li",26
"lite",26
"lm",26
"marlob",26
"matterdaddy",26
"monkeypiss",26
"nos",26
"npcs",26
"omewiggle",26
"onion",26
"ops",26
"panic",26
"perfectly",26
"realistic",26
"realized",26
"route",26
"slayyy",26
"stampede",26
"swamp",26
"thousand",26
"treat",26
"twitchvotes",26
"understood",26
"w20",26
"wah",26
"winnn",26
"you've",26
"2020",26
"333333",26
"bartender",26
"cinnaclap",26
"delivery",26
"diffrent",26
"distract",26
"eeee",26
"englands",26
"ggsss",26
"jumbotron",26
"lounge",26
"mass",26
"mitoma",26
"mya",26
"nighttime",26
"raidddd",26
"raised",26
"seafood",26
"shabang",26
"shouldn't",26
"uzbekistan",26
"wesh",26
"choking",26
"clowns",26
"messis",26
"unfair",26
"warzone",26
"allegations",26
"jackie",26
"lesgoooo",26
"noooooooooooooo",26
"4walterwhite4",26
"caring",26
"hockey",26
"mainly",26
"pinapple",26
"soggy",26
"strategy",26
"lwky",26
"happiest",26
"prize",26
"cst",26
"echooo",26
"oakland",26
"appreciation",26
"corneesss",26
"dayldrfacepalm",26
"lockdown",26
"dors",26
"puffed",26
"spear",26
"tekmeek",26
"antler",26
"chester",26
"chrisgonecrazy",26
"clint",26
"cycle",26
"dinghy",26
"duffel",26
"federation",26
"fertilizer",26
"fresco",26
"gliding",26
"grad",26
"lattice",26
"literature",26
"moonlight",26
"mountainous",26
"paddle",26
"platypus",26
"quantity",26
"saviour",26
"scavenger",26
"tulips",26
"underwater",26
"waterlily",26
"yosemite",26
"zapppppp",26
"riadpaxman",26
"jellybean",25
"kfc",25
"secure",25
"settings",25
"sink",25
"balcony",25
"blacked",25
"comfy",25
"follows",25
"grabbing",25
"information",25
"todays",25
"clipper",25
"diary",25
"parks",25
"saggy",25
"upcoming",25
"brad",25
"touches",25
"whyyy",25
"reverse",25
"ahhaha",25
"homies",25
"log",25
"often",25
"regular",25
"scout",25
"blend",25
"doorway",25
"goatee",25
"auraaaaaaa",25
"bigboreddonkeynomnom",25
"bozo",25
"cheek",25
"drowning",25
"facetime",25
"fineeeee",25
"ggggggggg",25
"kante",25
"latinas",25
"madness",25
"nnnn",25
"pilot",25
"pipe",25
"poison",25
"polite",25
"thi",25
"venezuela",25
"walahi",25
"yuck",25
"allahu",25
"lmfaoooooooooo",25
"stockholm",25
"yayyyyy",25
"ayooooooooo",25
"covid",25
"nooooooooooooo",25
"plzz",25
"replace",25
"säg",25
"slightly",25
"wwwwwwwwwwwwwwwwwwwwwwwwwwwwwwwww",25
"raiddd",25
"shank",25
"dribbling",25
"mmmmmmmmmm",25
"rachel",25
"farts",25
"ii",25
"nutted",25
"stoppppp",25
"avg",25
"hoopin",25
"santa",25
"yooooooooooooooooooo",25
"fentanyl",25
"vampire",25
"understands",25
"concrete",25
"fork",25
"ittttttt",25
"thereeee",25
"lion",25
"1s",25
"barking",25
"dag",25
"pt",25
"shook",25
"uses",25
"worship",25
"115",25
"240p",25
"ahahahahaha",25
"aj",25
"alex",25
"atmosphere",25
"backkkkkk",25
"benny10i",25
"bigshirtwearingahh",25
"bois",25
"burberry",25
"calisthenics",25
"caprison",25
"crooked",25
"destination",25
"dint",25
"disable",25
"engage",25
"favor",25
"fick",25
"goooooooooooo",25
"greek",25
"gtbgrisharking",25
"hacker",25
"hakimi",25
"hoping",25
"ia",25
"itsnicktheplug",25
"jeh",25
"kirk",25
"kode",25
"larpppp",25
"mål",25
"mandatory",25
"masterclass",25
"mist",25
"moggedd",25
"ooou",25
"oouuu",25
"outcomes",25
"percentage",25
"performed",25
"polo",25
"predicts",25
"prism",25
"ralph",25
"seed",25
"shleep",25
"signing",25
"sim",25
"skullies",25
"slaqie",25
"sonnnnnn",25
"staberizz",25
"sync",25
"thwizzyy",25
"timbs",25
"toolkit",25
"tunisian",25
"uppppppppp",25
"wil",25
"ancient",25
"applause",25
"banging",25
"brook",25
"chipotle",25
"cider",25
"continent",25
"evening",25
"locks",25
"rig",25
"shiiiiiiii",25
"sits",25
"timbin7",25
"w's",25
"wthh",25
"boii",25
"charm",25
"madi2hottyy",25
"spoilers",25
"welp",25
"xl",25
"cracker",25
"larpin",25
"messiiii",25
"moggggg",25
"petpet",25
"widealert",25
"jobless",25
"quitting",25
"slaughter",25
"anele",25
"enzo",25
"wizard",25
"creeatwave",25
"fornite",25
"persons",25
"ruuun",25
"safari",25
"veggies",25
"cumming",25
"cheats",25
"jamier17treegrow777",25
"tissue",25
"foxtro77foxrave",25
"ouuuuuuu",25
"rakais",25
"spainnnnnn",25
"354",25
"arrange",25
"bodi",25
"caviar",25
"cindy",25
"conutrbicep",25
"cupboard",25
"cyanide",25
"dining",25
"flour",25
"foxglove",25
"gallop",25
"honeycomb",25
"keysss",25
"locket",25
"mounteverest",25
"nutella",25
"plateau",25
"rayasiww",25
"ruth",25
"scarecrow",25
"shivering",25
"snowfall",25
"stargaze",25
"tomatos",25
"triumph",25
"windstorm",25
"testo",25
"birds",24
"bone",24
"duty",24
"ned",24
"prepare",24
"victim",24
"begin",24
"expecting",24
"loyal",24
"snickers",24
"speaks",24
"stuttering",24
"faded",24
"grain",24
"guards",24
"hairs",24
"mercy",24
"permanently",24
"lotta",24
"sexual",24
"smokin",24
"yapp",24
"leaking",24
"slowly",24
"sprints",24
"bent",24
"bettt",24
"bleach",24
"collect",24
"français",24
"itself",24
"pakistan",24
"sea",24
"forearm",24
"gays",24
"pair",24
"wtv",24
"6'2",24
"asff",24
"bein",24
"celibate",24
"cookeddd",24
"crunch",24
"fasho",24
"fuhhh",24
"function",24
"gd",24
"goons",24
"herr",24
"ich",24
"jeg",24
"kim",24
"material",24
"owe",24
"porch",24
"successful",24
"tianna",24
"wayne",24
"bruhhhhhh",24
"series",24
"sgood",24
"vet",24
"cord",24
"issues",24
"leavin",24
"okayy",24
"pockets",24
"13k",24
"hook",24
"hs",24
"2x",24
"manny",24
"mfer",24
"lacyyyyyyyyyy",24
"looooooooool",24
"mmarlon",24
"gender",24
"halloween",24
"program",24
"flick",24
"guacamole",24
"flavor",24
"bussin",24
"christmas",24
"skippp",24
"norwegian",24
"jasont2nms",24
"stabejason",24
"bto",24
"chan",24
"acy",24
"azz",24
"baggg",24
"bagggg",24
"blaming",24
"bleed",24
"canned",24
"catask",24
"chanellyyxo",24
"chi",24
"czech",24
"dagestan",24
"defender",24
"gameeee",24
"gggggggg",24
"goalllllllllll",24
"gu",24
"handicap",24
"handshake",24
"herehego",24
"itstime",24
"jeff",24
"khamis2k",24
"kyrie",24
"lateee",24
"lego",24
"levels",24
"lollol",24
"miguel",24
"moggged",24
"mycket",24
"netz",24
"pattern",24
"plants",24
"rockkkkk",24
"rodman",24
"salehjaad10",24
"selected",24
"shiny",24
"sided",24
"sock",24
"speed72",24
"springs",24
"ssa",24
"stopping",24
"tru",24
"whoooo",24
"xzcxmpp",24
"yayy",24
"yi",24
"yoooooooooooooooooooooo",24
"zombie",24
"boooooooo",24
"caralho",24
"englandd",24
"ep1ccjiska",24
"fg",24
"finishing",24
"japann",24
"maxs",24
"rank",24
"rdc",24
"roon",24
"stabedance1",24
"weres",24
"gingerpower",24
"goatttttt",24
"menu",24
"rusty",24
"yugiiiii",24
"accidentally",24
"annual",24
"cheffrank",24
"jalen",24
"moged",24
"racing",24
"scatter",24
"transfer",24
"bilal",24
"bridge",24
"canal",24
"gooooooooooooo",24
"planets",24
"puppy",24
"vessel",24
"busss",24
"greeting",24
"hazuuullo",24
"jordans",24
"jynxzivapebreak",24
"viking",24
"cocaine",24
"larper3lg",24
"magnum",24
"spectate",24
"suburbs",24
"alphaduke8",24
"jesser",24
"sneakers",24
"ezzzz",24
"roo",24
"sandstorm",24
"arctic",24
"betraying",24
"cache",24
"cuteghype",24
"daveon",24
"hewwwoomy",24
"rageee",24
"kent",24
"backoffbih",24
"bathing",24
"believer",24
"catrnado",24
"colonel",24
"deannn",24
"gardenia",24
"haskel3tonguehaskell",24
"hornet",24
"kaneljwstream",24
"lacyhelp",24
"lifeboat",24
"locomotive",24
"magnificent",24
"nickel",24
"northwind",24
"pelicans",24
"poetry",24
"polaroid",24
"propeller",24
"rails",24
"sandy",24
"skylight",24
"snowboarding",24
"stainless",24
"trombone",24
"verdict",24
"wakeyy",24
"waterbottle",24
"whirlpool",24
"yellowing",24
"joebartlongneck",24
"1hr",23
"cavern",23
"ptsd",23
"dutch",23
"whaaat",23
"edging",23
"peanutbutterlovergirl",23
"pot",23
"shittttt",23
"rly",23
"zeko066",23
"jimmy",23
"tension",23
"budget",23
"dubai",23
"outs",23
"risky",23
"suits",23
"anytime",23
"bikes",23
"ch",23
"creep",23
"decide",23
"faces",23
"fosho",23
"naaaaa",23
"seasoning",23
"suffering",23
"glazin",23
"25k",23
"desire",23
"fatter",23
"foden",23
"it'll",23
"kisses",23
"organic",23
"pans",23
"pegged",23
"popped",23
"september",23
"stays",23
"tge",23
"tp",23
"wag",23
"wana",23
"willy",23
"adsssssss",23
"boyyyyy",23
"milly",23
"wsppppp",23
"argentinian",23
"manifest",23
"mister",23
"smacked",23
"couldve",23
"halal",23
"lawyer",23
"sniched",23
"spotify",23
"ehh",23
"reps",23
"november",23
"crumble",23
"dammn",23
"hahahahhahaha",23
"nb",23
"ozempic",23
"awards",23
"bbg",23
"bulking",23
"shield",23
"kindergarten",23
"wedgie",23
"rover",23
"ofcc",23
"pit",23
"muteddd",23
"entropywins",23
"lmaoaoaoa",23
"rocking",23
"dey",23
"pobox",23
"stops",23
"drafted",23
"rockettttt",23
"brooooooooooooo",23
"1mil",23
"3head",23
"7sulio2a",23
"againn",23
"antman",23
"asics",23
"aurafarming",23
"bla",23
"bodyguard",23
"braedan",23
"charles",23
"clanker",23
"clutched",23
"coreeee",23
"daddys",23
"doughnut",23
"drain",23
"dunked",23
"editor",23
"fffffffffffffff",23
"haskelllll",23
"hru",23
"ingen",23
"joao",23
"kanell",23
"lagggggggggggggg",23
"lawl",23
"linking",23
"luka",23
"marine",23
"mau5",23
"miserable",23
"mvpppp",23
"nether",23
"nl",23
"paiid15",23
"pickles",23
"realise",23
"revivedkodi",23
"sargun1410",23
"simo",23
"simpsons",23
"slaqe",23
"soy",23
"sponser",23
"stabegift",23
"strea",23
"strem",23
"thst",23
"tooth",23
"tutorial",23
"vegas",23
"wdf",23
"yallll",23
"yoooooooooooooooooooo",23
"yum",23
"zj5000",23
"ashour",23
"baloon",23
"bingo",23
"bugs",23
"burping",23
"curtain",23
"czechia",23
"gnna",23
"hobbs024420",23
"invalid",23
"lef",23
"maps",23
"motivate",23
"nights",23
"pepelaugh",23
"pickup",23
"romania",23
"seeds",23
"woye",23
"booked",23
"exited",23
"hehehe",23
"hiiiiiiii4",23
"kindergarden",23
"mat",23
"minglee",23
"sniper",23
"thefaris7",23
"wifee",23
"brave",23
"ronaldo's",23
"shat",23
"shoots",23
"toothpaste",23
"vamosssssss",23
"curly",23
"gaining",23
"jordi",23
"liberty",23
"memories",23
"reina",23
"ruun",23
"vegan",23
"lach",23
"thriller",23
"adapt2sad",23
"claude",23
"headphone",23
"trav",23
"benches",23
"buhnow",23
"classroom",23
"feriellove",23
"jamier17bmxdecade",23
"alojames65",23
"hereeeee",23
"juicyjacob",23
"kennychangoldw",23
"keyssss",23
"lacymmmm",23
"mrvne63",23
"nepotism",23
"rooommm",23
"seedorf",23
"wheelie",23
"mvpp",23
"213",23
"accessories",23
"buttercup",23
"carnage",23
"colona",23
"deann",23
"driftwood",23
"endedyt",23
"glimpse",23
"heather",23
"heroo",23
"jaguar",23
"kindle",23
"latern",23
"mailman",23
"mammoth",23
"mountaintop",23
"naplescityroleplay",23
"parallel",23
"paranormal",23
"peninsula",23
"petunias",23
"polaris",23
"quarterly",23
"quill",23
"sculptor",23
"skateboard",23
"snitchedddd",23
"snowdrops",23
"spouse",23
"thinner",23
"waterloo",23
"wren",23
"zhadstiotr",23
"fanumlittnesss",23
"warrrrrrr",23
"bodies",22
"1000000",22
"ett",22
"likely",22
"como",22
"kennedy",22
"spectrum",22
"believes",22
"cleaner",22
"remeber",22
"stroke",22
"homeboy",22
"nipple",22
"zebra",22
"zzzz",22
"option",22
"craving",22
"downfall",22
"kkk",22
"borrow",22
"could've",22
"hus",22
"overthink",22
"sketchhh",22
"7th",22
"dayumm",22
"discovered",22
"dishes",22
"donation",22
"hub",22
"lamborghini",22
"meals",22
"merchant",22
"packs",22
"phantom",22
"wewwwwww",22
"inspired",22
"worldwide",22
"dave",22
"jada",22
"changes",22
"coooked",22
"flights",22
"måste",22
"storyyy",22
"twit",22
"mink",22
"latee",22
"ahahahha",22
"ordering",22
"tought",22
"700",22
"fousey",22
"pas",22
"prayed",22
"officially",22
"stripes",22
"addds",22
"peep",22
"2pm",22
"letsgooo",22
"finallyyy",22
"beefing",22
"edgar",22
"biceps",22
"nigg",22
"brains",22
"chosen",22
"goooddd",22
"seeee",22
"kills",22
"housing",22
"sag",22
"we'll",22
"5m",22
"5min",22
"64",22
"aaaaa",22
"batchest",22
"beyond",22
"bounce567",22
"bov",22
"boxers",22
"brochacho",22
"causing",22
"clocked",22
"deez",22
"dominate",22
"få",22
"farmed",22
"fighttt",22
"floors",22
"getttt",22
"gggggggggg",22
"goalllllllllllll",22
"goddd",22
"hacked",22
"heal",22
"ht",22
"hungary",22
"hush",22
"ian",22
"innnnnn",22
"interacting",22
"ju",22
"kaiiiiiii",22
"lacyslowdown",22
"lagggggggggggg",22
"larray",22
"leeked",22
"lin",22
"lop",22
"marloonnn",22
"mijonion",22
"noooooooooooooooo",22
"pixel",22
"privilege",22
"rescue",22
"roots",22
"sailing",22
"scanning",22
"scorer",22
"screens",22
"somthing",22
"ssss",22
"stinkycheese",22
"swe",22
"tou",22
"wen",22
"workouts",22
"wrf",22
"ypu",22
"6th",22
"applausebreak",22
"arena",22
"carries",22
"christ1447w",22
"delivered",22
"friesssss",22
"handy",22
"horrid",22
"nuggets",22
"original",22
"overlap",22
"partypopper",22
"persona",22
"samurai",22
"seeded",22
"spikes",22
"survive",22
"tis",22
"trucks",22
"vv",22
"dani",22
"indoor",22
"moggeddd",22
"ooooooooooooo",22
"rounds",22
"tricked",22
"varit",22
"crayon",22
"fiddy",22
"jasonnnnnnn",22
"maradona",22
"reasons",22
"snitchhh",22
"superhero",22
"baaaa",22
"babayuega",22
"cane",22
"dingo",22
"dumbasss",22
"farms",22
"forbidden",22
"hai",22
"hospitality",22
"jojo",22
"megaconsume",22
"remix",22
"astronaut",22
"españaaaaa",22
"presence",22
"skydive",22
"podcast",22
"214",22
"3min",22
"676767",22
"boyfromdtx",22
"lefttt",22
"moglon",22
"texture",22
"3up",22
"doodle",22
"dzeko",22
"fanbase",22
"usaaaa",22
"kart",22
"mkaythebest92",22
"toospicy",22
"blob",22
"isaacgoatinwarzon",22
"cosin",22
"221",22
"adonis1x",22
"alumini",22
"amennnnn",22
"cranes",22
"expeled",22
"ezee",22
"fanummmmm",22
"groundhog",22
"hatttt",22
"heron",22
"jaydon1lllll",22
"kaicfed",22
"kinetic",22
"mansrl",22
"oatleyvibing",22
"partypool",22
"pastry",22
"pebbles",22
"pegging",22
"pirateship",22
"rainfall",22
"rube",22
"sapling",22
"shelters",22
"snitcheddd",22
"spatula",22
"steamboat",22
"tolerance",22
"traintrack",22
"trinket",22
"tutor",22
"unbreakable",22
"waterboard",22
"woop",22
"x2xrakrakaiwow",22
"orbee",22
"silkythrow",22
"waffels",22
"xsugarhoneyicedtea",22
"yttalkahhh",22
"flashbacks",21
"aliens",21
"amén",21
"bots",21
"thts",21
"adopted",21
"laundry",21
"ooooh",21
"reactions",21
"yas",21
"skirt",21
"thas",21
"turkish",21
"buses",21
"mullet",21
"reall",21
"tiger",21
"wicked",21
"windy",21
"3000",21
"declined",21
"giggling",21
"hawk",21
"mami",21
"rhe",21
"sleeves",21
"sniffing",21
"tuf",21
"typed",21
"minors",21
"accounts",21
"addy",21
"chelsea",21
"chilllll",21
"criminal",21
"dipping",21
"earn",21
"hunting",21
"lollipop",21
"mudd",21
"orphan",21
"products",21
"scroll",21
"spammed",21
"touchy",21
"tricks",21
"upper",21
"whe",21
"zoned",21
"acts",21
"ap",21
"decoration",21
"pointing",21
"profile",21
"suprise",21
"discount",21
"sloppy",21
"20minutes",21
"itll",21
"plotting",21
"sons",21
"trusting",21
"wwwwwwwwwwwwwwwwwwwwwwwwwwwwwwwwwwww",21
"anger",21
"hahhahaha",21
"raidd",21
"baxk",21
"hahahahahahahah",21
"instant",21
"pleasant",21
"themmm",21
"wwwwwwwwwwwwwwwwwwwwwwwwwwwwwwwwww",21
"furry",21
"mff",21
"subathon",21
"breakout",21
"yhhh",21
"rnn",21
"rows",21
"stain",21
"flame",21
"warmer",21
"unfollow",21
"bouncing",21
"wemby",21
"within",21
"moderator",21
"commin",21
"skipp",21
"wooooooo",21
"outsideee",21
"swedan",21
"repeating",21
"1kzeeee",21
"jxxslimez",21
"stremer",21
"aaaaaa",21
"athletes",21
"atlanta",21
"behavior",21
"bel",21
"bluelock",21
"bonjour",21
"cameramn",21
"champs",21
"charlie",21
"choped",21
"combine",21
"controller",21
"coree",21
"dayummm",21
"deutsch",21
"directors",21
"discipline",21
"dnd",21
"esta",21
"ezz",21
"files",21
"grt",21
"herooo",21
"hhhhhhh",21
"homeee",21
"huhh",21
"ilamoslol",21
"infantino",21
"jammer",21
"jinx",21
"jp",21
"kg",21
"lacyjail",21
"laxy",21
"lottery",21
"mhmgoop",21
"minions",21
"mn",21
"msrlon",21
"n31s0n4yuk",21
"nasir",21
"nuno",21
"ofixzy",21
"ohexot1c",21
"paramount",21
"pinnn",21
"pleaseeeeee",21
"poes",21
"pog",21
"product",21
"quicker",21
"repent",21
"retiring",21
"rocker",21
"rok",21
"rugby",21
"schleep",21
"sideeye",21
"speedd",21
"stalking",21
"stfuu",21
"submit",21
"thathit",21
"unfunny",21
"unskippable",21
"vamoss",21
"vanish",21
"wach",21
"wagered",21
"warrior",21
"whay",21
"wher",21
"whipped",21
"widespeeddrive",21
"wtffffffff",21
"yyy",21
"attending",21
"bias",21
"cheerleaders",21
"cooler",21
"dadddyyyy",21
"dawson1024",21
"diagonally",21
"drilling",21
"dudeee",21
"fouling",21
"management",21
"mexicos",21
"napoleon",21
"parked",21
"pleas",21
"pus",21
"referee",21
"sand",21
"suarez",21
"teleport",21
"trayandsee",21
"turnt",21
"woth",21
"youndho",21
"bandwagon",21
"blur",21
"daniel",21
"djooret00",21
"guyss",21
"jamaica",21
"lalala",21
"liking",21
"passive",21
"stabefat",21
"widespeedlaugh8",21
"buckle",21
"confront",21
"ging",21
"hbd",21
"jog",21
"ouushi",21
"racket",21
"wh",21
"yarafatrouni67",21
"zapped",21
"22580",21
"creature",21
"earthday",21
"helmet",21
"notis",21
"orders",21
"riders",21
"som1",21
"taww",21
"waterrrr",21
"whether",21
"dangg",21
"prairie",21
"fro",21
"lions",21
"branch",21
"clues",21
"costume",21
"porsche",21
"snoworries",21
"stabetwerkk",21
"superhuman",21
"tinted",21
"toppen",21
"fein",21
"northeast",21
"buddhabar",21
"mornin",21
"proudf5proudfv1catfast",21
"god's",21
"catholic",21
"dammi",21
"foxtro77twerkkkkkkk",21
"keem",21
"maxxxxxx",21
"monsters",21
"tots",21
"cling",21
"kevin02340karma",21
"kippa",21
"cabinet",21
"armadillo",21
"carwash",21
"cuffs",21
"destiny",21
"dorian",21
"dunkkkkk",21
"echoo",21
"echoooo",21
"estate",21
"fanum's",21
"fishing",21
"hiccup",21
"kaicbed",21
"keyhole",21
"landmark",21
"landslide",21
"lllllllllllllllllllll",21
"magnolia",21
"marching",21
"pantry",21
"pinnacle",21
"ponder",21
"samples",21
"scallop",21
"sycamore",21
"themightyba",21
"trainwreck",21
"umbilical",21
"undertoe",21
"undress",21
"vanillas",21
"jaydon1lmaoooo",21
"mold",21
"peeporun",21
"ine3a",21
"snatched",20
"keepin",20
"asffff",20
"gyatttttt",20
"svenskar",20
"swr",20
"thang",20
"welll",20
"yass",20
"chillllll",20
"fave",20
"mcgregor",20
"bitchass",20
"cray",20
"monkeys",20
"10pm",20
"drakes",20
"headphones",20
"verified",20
"giggle",20
"letters",20
"minus",20
"moly",20
"rizzzz",20
"ski",20
"tattoos",20
"tje",20
"maddd",20
"motionnnn",20
"30am",20
"aside",20
"bak",20
"breh",20
"cockroach",20
"danny",20
"flew",20
"flewwwww",20
"folks",20
"greatness",20
"helloo",20
"homophobic",20
"hustler",20
"jeffrey",20
"jelly",20
"lurking",20
"ms",20
"scaring",20
"streammmmmm",20
"tes",20
"usss",20
"wrd",20
"ck",20
"glazeeee",20
"onna",20
"owner",20
"ddddd",20
"klockan",20
"literal",20
"outttttt",20
"allergic",20
"believable",20
"foam",20
"goonin",20
"january",20
"luh",20
"nawww",20
"puts",20
"sale",20
"saleen",20
"stopppp",20
"watcher",20
"yappp",20
"amo",20
"ayyyyyyyyy",20
"beter",20
"every1",20
"phase",20
"spiritual",20
"intern",20
"mosquito",20
"cheeseburger",20
"lolllllllllll",20
"morlan",20
"fir",20
"pub",20
"yhh",20
"opnastvibe",20
"ballin",20
"broi",20
"eyebrow",20
"lolololol",20
"tampon",20
"zzzzz",20
"wwwwwwwwwwwwwwwwwwwwwwwwwwwwwwwwwwwwwwwwwwwww",20
"afk",20
"fighter",20
"traps",20
"kebab",20
"wore",20
"bother",20
"whaat",20
"murder",20
"reese",20
"transition",20
"duos",20
"skating",20
"2012",20
"2014",20
"accurate",20
"adorable",20
"ahahha",20
"arthur8448",20
"asd",20
"asssssss",20
"bah",20
"bangers",20
"banggggggg",20
"barbie",20
"cents",20
"counselor",20
"cuck",20
"dangggg",20
"distributed",20
"earring",20
"entertainment",20
"finee",20
"gh",20
"gogo",20
"gorilla",20
"gott",20
"granted",20
"hart",20
"hier",20
"honor",20
"hyuuniin",20
"itw",20
"jajaja",20
"jean",20
"jebaited",20
"jynxzipack",20
"kekwait",20
"kozahinho",20
"lmaaaooo",20
"lmaoaoa",20
"lon",20
"madge",20
"mls",20
"nederlands",20
"nerveszn",20
"nijja",20
"ome99",20
"onnnnnn",20
"pong",20
"previous",20
"rainbows",20
"rawdog",20
"rowley",20
"sb",20
"senzapauraa",20
"showcase",20
"sonny",20
"swedennnn",20
"tot",20
"totaaaaaaa",20
"trae",20
"unique",20
"uou",20
"whine",20
"winger",20
"written",20
"yhe",20
"yourrage",20
"zyzouli",20
"camara",20
"cancelo",20
"crumbs",20
"guardian",20
"hivise",20
"horizontal",20
"json",20
"layis",20
"letsssss",20
"lg",20
"matt",20
"rugs",20
"spawned",20
"stabe4k",20
"tuchel",20
"tvs",20
"wwwwwwwwwwwwwwwwwwwwwwwwwwwwwwwwwwwwwwww",20
"dominating",20
"flopping",20
"ilovechessburgers",20
"kite",20
"noob",20
"olay",20
"refff",20
"watermark",20
"wey",20
"wowwwww",20
"jakob7l",20
"stripe",20
"suiiiiiiiii",20
"twich",20
"vamo",20
"blm",20
"chrome",20
"cina",20
"cruise",20
"define",20
"dmmm",20
"flisen1",20
"fooood",20
"liquid",20
"marlan",20
"marlonnnnnnnnnnnnn",20
"plumber",20
"saturation",20
"siege",20
"supply",20
"tf2john",20
"thirty",20
"yards",20
"cashier",20
"caveman",20
"healing",20
"peterbot",20
"spitty",20
"touchdown",20
"400k",20
"delicious",20
"globe",20
"ohiamrson",20
"påå",20
"quadruple",20
"scoop",20
"smelling",20
"stock",20
"suggest",20
"venom",20
"moog",20
"grinder",20
"raphael",20
"sausages",20
"sparing",20
"tenders",20
"whatd",20
"banaman09898",20
"geek",20
"organs",20
"quantum",20
"blond",20
"boats",20
"drummer",20
"kaicmgm",20
"lateeee",20
"noemi",20
"rooster",20
"scientist",20
"tallest",20
"vatican",20
"bakey",20
"baner",20
"blossom",20
"carts",20
"choir",20
"cussing",20
"elk",20
"fadili",20
"fanfare",20
"fanumtroupeani1",20
"fllessussy",20
"foothill",20
"gamerhood",20
"grasshopper",20
"inkling",20
"lamppost",20
"landmine",20
"ludwigs",20
"marbles",20
"omelet",20
"orb",20
"pencilcase",20
"postcard",20
"robotic",20
"sardine",20
"scorpion",20
"seahorse",20
"suspect",20
"txsadolfo132",20
"validation",20
"volunteer",20
"wale",20
"wounded",20
"dentits",20
"jaydon1banhim",20
"molotov",20
"august",19
"degree",19
"habits",19
"nr",19
"pf",19
"bash",19
"birth",19
"damnnnnnnn",19
"showwww",19
"smarter",19
"thatttt",19
"tounge",19
"gyaaat",19
"naahhh",19
"patch",19
"puta",19
"rosa",19
"hangout",19
"queens",19
"adding",19
"5pm",19
"stroking",19
"thingy",19
"bakery",19
"capppppp",19
"dawgggg",19
"gimmick",19
"m33333",19
"minor",19
"swollen",19
"whyd",19
"embarrassed",19
"omgggggggg",19
"activities",19
"arching",19
"ayyooo",19
"bahahaha",19
"clapp",19
"cole",19
"crackhead",19
"dahmer",19
"dic",19
"goooooooooooooo",19
"guessed",19
"insect",19
"iykyk",19
"jadon",19
"leaveeeeee",19
"lmfaoaoao",19
"mor",19
"odd",19
"related",19
"rizzy",19
"scrolling",19
"sharks",19
"wwwwwwwwwwwwwwwwwwwwwwwwwwwwwwwwwwwwwww",19
"gains",19
"hint",19
"peach",19
"shoebox",19
"wbu",19
"xdddd",19
"dusty",19
"lmfaooooooooo",19
"copying",19
"edge",19
"everbody",19
"freemarlon",19
"isreal",19
"ph",19
"sen",19
"source",19
"stone",19
"parker",19
"waddup",19
"caption",19
"uhhhhhh",19
"yeeeeee",19
"jamaican",19
"dealing",19
"industry",19
"rod",19
"ep",19
"painful",19
"nypd",19
"federal",19
"studying",19
"git",19
"airballl",19
"ayeeeeeee",19
"result",19
"dressing",19
"foods",19
"sayy",19
"flavour",19
"ifykyk",19
"poke",19
"screw",19
"timee",19
"timeeee",19
"storm",19
"bio",19
"dipppp",19
"dooor",19
"draws",19
"eeww",19
"alla",19
"anti",19
"antonio",19
"az",19
"babby",19
"bom",19
"burned",19
"celebrity",19
"centre",19
"comedy",19
"congratsss",19
"dangerdance",19
"deji",19
"despair",19
"dihhhh",19
"direction",19
"embarassing",19
"ezzz",19
"f5",19
"fate",19
"feelstheaura",19
"filled",19
"fossa",19
"gee",19
"gor",19
"gymmm",19
"halo",19
"hatar",19
"heroes",19
"hired",19
"imposter",19
"involved",19
"itv",19
"jasont2voices",19
"kicks",19
"lagy",19
"lu",19
"maelon",19
"marcelo",19
"mistakes",19
"mk",19
"ofcourse",19
"ouh",19
"perspective",19
"phew",19
"pillars",19
"pk",19
"queue",19
"raids",19
"review",19
"rinkebymali",19
"rodri",19
"scouts",19
"seatbelt",19
"ser",19
"silkyyyyyy",19
"snakes",19
"sonnnnnnn",19
"supp",19
"tenshipaiii",19
"viktor",19
"voices",19
"wifeee",19
"worrying",19
"105",19
"25th",19
"67676767",19
"burp",19
"caf",19
"checkers",19
"chili",19
"drought",19
"flesh",19
"flush",19
"guyed",19
"hardest",19
"hed",19
"jorking",19
"myyy",19
"oy",19
"patio",19
"pepe",19
"periods",19
"playtime",19
"recap",19
"seating",19
"sight",19
"siu",19
"sofa",19
"sony",19
"spoiler",19
"swedes",19
"thw",19
"tiktoks",19
"10am",19
"arriba",19
"babys",19
"condition",19
"cookout",19
"fawk",19
"lacu",19
"mbape",19
"minnesota",19
"mutter",19
"ruuuun",19
"tracks",19
"turtles",19
"visca",19
"benfica",19
"casually",19
"dissing",19
"heee",19
"kana",19
"lara",19
"ronaldoo",19
"suiiiiiiiiii",19
"surrounded",19
"2006rickzz",19
"adults",19
"asthma",19
"carbs",19
"cracks",19
"documentary",19
"livee",19
"mexicoooooo",19
"miracle",19
"tawwww",19
"thatsaserve",19
"toddler",19
"tootertheturd",19
"wisdom",19
"marketing",19
"spense",19
"noisyboixv",19
"poncho",19
"traded",19
"100hrs",19
"aaaaaaa",19
