"word","frequency"
"lol",213849
"twitchconhype",212540
"the",140868
"a",102101
"you",96162
"it",92738
"ww",90187
"oooo",87922
"is",87249
"exemily",76344
"to",73730
"om",69207
"mhm",68706
"exemclap",68102
"ro",64620
"i",61039
"emily",58045
"exemegalul",56651
"lo",52117
"in",50803
"erm",48002
"icant",46194
"that",45972
"exemlove",45332
"for",45185
"no",44954
"so",44672
"yump",37592
"and",34231
"ez",33719
"just",33644
"not",33028
"good",32002
"lul",31657
"she",30406
"hii",29982
"this",28813
"we",28143
"its",28008
"on",27863
"he",26974
"yes",26403
"of",26386
"saj",26260
"are",26026
"get",25853
"be",25821
"go",25750
"what",25326
"they",25228
"huh",23961
"o7",23879
"was",23770
"w",23473
"peeponorway",23344
"like",23238
"exemnod",22781
"do",22238
"have",21644
"your",21438
"classic",21373
"stream",21119
"slayyy",20678
"sure",19389
"s",19230
"oh",19056
"it's",18107
"exemeat",17483
"yep",17362
"with",17177
"can",17023
"u",16818
"aaaa",16675
"1",15957
"one",15856
"back",15666
"at",15658
"lmao",15520
"time",15277
"exemplot",15227
"exemflushed",14998
"my",14881
"woah",14851
"there",14814
"mmm",14360
"jah",14021
"up",13949
"exemsturdy",13901
"too",13792
"qq",13764
"her",13731
"all",13609
"caught",13598
"o",12997
"brazil",12717
"me",12580
"got",12537
"now",12295
"nice",12151
"out",12107
"did",12088
"dont",12022
"hmm",11900
"subscribed",11740
"here",11538
"if",11520
"peepobrazil",11410
"chat",11160
"more",10851
"5",10844
"aga",10753
"thats",10558
"d",10440
"drama",10346
"sus",10244
"wow",10215
"nooo",10146
"exemerm",10137
"much",9901
"3",9859
"ok",9823
"how",9779
"yeah",9751
"will",9737
"love",9712
"why",9608
"but",9601
"him",9578
"gg",9460
"agahi",9458
"need",9451
"t",9359
"saved",9264
"girl",9025
"2",8949
"gonna",8924
"hold",8864
"xdd",8843
"extraemily",8832
"omg",8821
"byee",8817
"monka",8808
"see",8792
"rime",8618
"them",8460
"pmo",8405
"cinema",8348
"sobb",8345
"that's",8307
"say",8304
"pog",8182
"looks",8160
"agent",8078
"gulp",8006
"bro",7955
"thank",7870
"exemsmile",7866
"20",7856
"better",7850
"would",7815
"bad",7806
"know",7793
"pogchamp",7768
"sussy",7750
"from",7720
"watch",7699
"right",7667
"son",7643
"way",7633
"ask",7606
"fine",7573
"taww",7530
"going",7523
"day",7482
"exem7",7396
"has",7358
"pausechamp",7283
"take",7274
"some",7270
"or",7262
"people",7216
"great",7099
"exemfloss",7080
"exemwiggle",7034
"im",7006
"holy",6995
"don't",6964
"hi",6898
"about",6842
"exemclean",6729
"look",6725
"think",6681
"10",6654
"exemnugget",6646
"eww",6634
"exemhey",6571
"who",6455
"an",6423
"water",6423
"cute",6374
"clap",6306
"donkiwalk",6235
"his",6191
"f",6173
"omegalul",6170
"life",6168
"stare",6116
"food",6094
"wait",6082
"help",6041
"yippie",5815
"tier",5726
"wtf",5696
"exemshot",5681
"as",5680
"dinodance",5676
"cool",5663
"said",5644
"new",5610
"xar2edm",5610
"when",5570
"fun",5560
"try",5547
"true",5533
"crazy",5509
"still",5495
"kekw",5483
"should",5440
"where",5440
"listening",5430
"off",5305
"kai",5305
"lmaoo",5297
"months",5270
"only",5268
"damn",5260
"aura",5230
"best",5210
"maybe",5205
"ur",5200
"cinna",5129
"eat",5113
"markus",5082
"https",5035
"very",5026
"lmaooo",4991
"well",4981
"make",4975
"does",4920
"www",4859
"3milli",4859
"em",4841
"big",4827
"please",4799
"noted",4754
"real",4694
"stop",4675
"happy",4673
"tweaking",4666
"streams",4634
"guy",4622
"keem",4595
"really",4584
"pink",4556
"larp",4556
"drumtime",4515
"she's",4505
"us",4485
"gifted",4482
"letsgo",4481
"exemheart",4465
"game",4449
"exemsure",4436
"sub",4410
"peepohappy",4375
"shes",4367
"never",4362
"streak",4351
"prayge",4344
"shit",4320
"fairs",4307
"clappi",4299
"supporting",4296
"don",4285
"exemlul",4283
"ass",4278
"hes",4238
"messyy",4185
"want",4183
"first",4170
"he's",4169
"then",4162
"same",4142
"run",4136
"even",4119
"pretty",4113
"over",4104
"aware",4095
"bruh",4084
"twitch",4064
"exemlfg",4062
"leave",4039
"than",4037
"rage",4015
"again",4003
"hello",3997
"67",3987
"100",3983
"you're",3974
"tell",3961
"haha",3953
"clip",3951
"man",3926
"work",3898
"been",3896
"nah",3856
"oop",3841
"ee",3839
"yea",3839
"ooooo",3833
"aintnoway",3809
"watched",3786
"free",3779
"next",3779
"getting",3776
"ben",3753
"okay",3719
"by",3682
"jacob",3666
"gotta",3658
"were",3651
"care",3645
"give",3639
"lulw",3639
"down",3626
"let",3625
"i'm",3605
"notlikethis",3588
"pepelaugh",3586
"doing",3567
"put",3562
"bye",3557
"uuh",3557
"l",3543
"mic",3524
"keep",3493
"re",3492
"aww",3467
"last",3456
"already",3444
"always",3415
"consecutive",3397
"jammies",3394
"sparked",3393
"4",3391
"use",3387
"extra",3370
"everyone",3368
"pffttt",3350
"dinkdonk",3334
"waiting",3311
"streamer",3300
"wutface",3297
"youtube",3286
"deal",3263
"those",3262
"check",3258
"sitt",3250
"clueless",3237
"might",3190
"had",3184
"could",3175
"call",3164
"lets",3162
"come",3159
"someone",3134
"funny",3131
"pogo",3125
"klat",3122
"cooked",3112
"buy",3103
"hot",3081
"show",3066
"3head",3040
"cant",3023
"party",2998
"motion",2993
"thing",2982
"m",2981
"coming",2978
"kappa",2963
"patrickcough",2963
"nails",2956
"little",2949
"probably",2924
"they've",2922
"yo",2919
"mean",2910
"clean",2906
"row",2903
"hey",2895
"actually",2893
"tho",2888
"peepocheer",2879
"russel",2872
"live",2869
"knicks",2863
"stay",2860
"many",2857
"place",2849
"hell",2834
"awww",2832
"based",2830
"left",2830
"6",2827
"kkonaw",2806
"guys",2793
"we're",2787
"widevibe",2782
"com",2779
"exembedge",2772
"something",2763
"god",2733
"gayge",2717
"amazing",2712
"close",2712
"long",2704
"partykirby",2702
"after",2695
"fuck",2691
"ome32",2671
"7",2658
"away",2656
"today",2652
"lmaoooo",2648
"socute",2646
"other",2643
"lot",2635
"maya",2605
"exemparty",2582
"both",2577
"exemnose",2576
"uk",2568
"su",2540
"tv",2529
"walk",2508
"before",2497
"kinda",2490
"hope",2484
"song",2479
"star",2463
"their",2463
"home",2453
"exemsaj",2453
"find",2450
"phone",2449
"kids",2445
"bigwow",2442
"hiii",2430
"night",2430
"chicken",2427
"exemting",2426
"drink",2424
"ooo",2423
"tip",2419
"safe",2413
"sick",2403
"wicked",2384
"pepebass",2381
"year",2365
"sounds",2361
"car",2330
"any",2325
"looking",2301
"another",2288
"play",2281
"bow",2259
"fan",2257
"everything",2253
"kid",2250
"sludge",2248
"aboba",2247
"bag",2246
"hard",2239
"danse",2234
"exemwhat",2232
"made",2230
"30",2216
"old",2212
"tiktok",2207
"making",2202
"prime",2163
"watching",2160
"perfect",2158
"exemwow",2148
"stuff",2146
"modcheck",2143
"ya",2131
"lmfao",2119
"room",2111
"can't",2108
"hahaha",2108
"wrong",2106
"red",2105
"black",2104
"knows",2095
"being",2090
"wwww",2090
"exemsucc",2089
"feel",2084
"nyc",2068
"hate",2065
"rapthis",2064
"gigadad",2063
"subs",2060
"peepobike",2060
"whole",2058
"money",2056
"hours",2055
"yup",2051
"these",2048
"notlaughing",2046
"dude",2044
"yesss",2035
"omgbruh",2034
"around",2033
"okayge",2029
"sam",2017
"spurs",2011
"peped",2010
"earthling",1994
"e",1991
"open",1984
"war",1979
"bike",1977
"pls",1976
"club",1971
"nothing",1965
"tone",1964
"nerdge",1959
"dwerk",1957
"lmfaoo",1954
"needs",1952
"also",1948
"gyatt",1946
"sniffa",1943
"monkaw",1939
"ye",1927
"every",1914
"thanks",1914
"white",1914
"camera",1910
"world",1905
"fire",1897
"am",1889
"into",1888
"part",1887
"gamba",1883
"name",1881
"clips",1870
"didnt",1864
"careful",1861
"pepemoney",1861
"face",1856
"exemcontemplatingwhatithinkaboutthismeal",1850
"nope",1848
"bello",1845
"cheese",1843
"r",1842
"exemtiff",1834
"almost",1830
"hypers",1829
"la",1825
"omegaroll",1825
"content",1823
"hit",1823
"because",1820
"exemswag",1820
"dogmogged",1816
"fast",1814
"irl",1813
"thought",1812
"lebronjam",1799
"ohnpog",1792
"exemwave",1783
"exemsmirk",1777
"fastafboiii",1771
"shruge",1761
"job",1760
"50",1751
"years",1750
"ray",1747
"top",1747
"beautiful",1744
"move",1743
"af",1741
"ll",1741
"most",1739
"sweet",1738
"youre",1736
"assemble",1728
"turn",1726
"canada",1725
"ever",1723
"team",1718
"rt",1716
"norge",1712
"davis",1705
"mom",1704
"lost",1702
"yay",1698
"copium",1698
"noooo",1695
"9",1681
"anything",1678
"saw",1677
"hear",1674
"sleep",1671
"minutes",1669
"0",1667
"chill",1667
"normal",1667
"ello",1660
"hair",1653
"soon",1653
"idk",1652
"outside",1651
"month",1638
"scam",1638
"side",1633
"exemyes",1630
"exemgift",1629
"yess",1627
"yet",1626
"scatter",1622
"chinese",1620
"far",1617
"bit",1613
"though",1613
"uber",1611
"ragebait",1611
"different",1610
"8",1606
"bemily",1605
"start",1604
"rip",1600
"dance",1596
"least",1594
"arky",1588
"fish",1586
"lock",1585
"ppl",1584
"idea",1577
"n",1573
"fit",1571
"hands",1571
"didn't",1570
"end",1564
"ice",1560
"rock",1560
"enough",1558
"went",1555
"they're",1554
"ew",1548
"uh",1548
"ah",1547
"bring",1547
"late",1547
"nick",1547
"btw",1545
"theres",1541
"ai",1540
"behind",1536
"bed",1535
"meet",1531
"literally",1530
"bonnie",1530
"line",1529
"yall",1527
"cheers",1527
"leak",1525
"nowaying",1523
"sadge",1521
"norway",1518
"whatt",1516
"done",1515
"full",1515
"talk",1515
"15",1512
"wwwww",1508
"ofc",1507
"lookup",1503
"doesnt",1502
"working",1502
"huge",1494
"voice",1494
"popnemo",1482
"weird",1480
"hat",1479
"omegadance",1474
"lmaoooooooooo",1474
"ayaya",1473
"sauce",1473
"b",1469
"hesright",1469
"pain",1467
"poor",1467
"lemon",1463
"dad",1462
"wedidthat",1462
"wokege",1458
"saying",1456
"dead",1453
"bus",1450
"chatting",1445
"eating",1444
"pogu",1442
"boing",1441
"doesn't",1438
"tomorrow",1438
"gigachad",1438
"frenn",1430
"ggs",1428
"fanfan",1426
"wifi",1425
"ready",1422
"days",1418
"scared",1418
"city",1415
"wash",1415
"park",1415
"makes",1410
"seen",1409
"exempls",1406
"taste",1406
"fair",1404
"hotel",1404
"house",1401
"let's",1400
"remember",1394
"ride",1394
"small",1393
"box",1392
"siptime",1392
"seemsgood",1388
"asian",1383
"wants",1376
"exembruh",1375
"miss",1373
"aint",1371
"pay",1370
"smack",1370
"fr",1369
"banger",1366
"point",1366
"lollipop",1364
"oooooo",1364
"200",1361
"high",1361
"later",1358
"security",1358
"poggers",1357
"definitely",1353
"shiza",1352
"banana",1351
"ewww",1350
"seattle",1348
"believe",1347
"ha",1346
"awwww",1345
"usa",1344
"exempog",1341
"raid",1332
"tdspopfbabydad",1332
"queen",1329
"ad",1327
"gift",1327
"exemew",1326
"friends",1322
"baby",1312
"games",1310
"music",1310
"leaked",1309
"worm",1303
"friend",1302
"win",1302
"balut",1294
"whats",1291
"bob",1290
"peace",1287
"lmaooooo",1285
"streaming",1283
"orange",1282
"ahh",1281
"bits",1281
"vibes",1280
"shirt",1278
"there's",1278
"oldge",1275
"25",1272
"blue",1272
"easy",1272
"person",1272
"panic",1268
"won",1265
"jersey",1262
"messy",1260
"hour",1255
"change",1254
"trying",1252
"famous",1250
"fake",1245
"deadge",1245
"pepoj",1241
"hand",1239
"shower",1239
"lil",1238
"two",1237
"super",1235
"texas",1229
"fucking",1227
"hahahaha",1226
"things",1226
"break",1224
"tiff",1217
"wanna",1217
"luck",1216
"hates",1213
"rest",1213
"surely",1212
"talking",1209
"inside",1208
"knew",1207
"awesome",1205
"channel",1204
"throw",1204
"cheer1",1202
"lule",1200
"mogged",1199
"yourself",1198
"bar",1197
"cough",1196
"xd",1195
"gets",1192
"nose",1192
"imagine",1191
"cap",1190
"mad",1187
"order",1185
"congrats",1184
"used",1184
"walking",1184
"cheered",1182
"heard",1175
"kreygasm",1175
"dang",1174
"mins",1174
"follow",1171
"insane",1171
"silly",1171
"curse",1169
"philippines",1163
"apple",1162
"loves",1162
"yt",1162
"guess",1159
"such",1159
"danwave",1159
"nina",1158
"streameru2026",1158
"agabye",1157
"own",1156
"peeporun",1154
"speechless",1154
"rn",1153
"sorry",1153
"schizo",1153
"ball",1147
"movie",1142
"giveheal",1142
"exemcry",1140
"loading",1140
"yessss",1138
"wecant",1137
"trip",1136
"da",1134
"sexo",1134
"eek",1133
"tasty",1130
"doritoschip",1130
"dansgame",1129
"twitter",1129
"lubbers",1128
"rakai",1128
"low",1125
"shot",1125
"head",1123
"drake",1119
"lit",1119
"needheal",1119
"save",1113
"video",1111
"fans",1109
"must",1109
"our",1109
"sad",1109
"jacobing",1109
"color",1108
"gone",1106
"store",1104
"12",1103
"streamers",1102
"exemsing",1102
"worth",1101
"po",1099
"spot",1099
"week",1099
"ads",1099
"goat",1093
"driver",1092
"dean",1092
"times",1089
"exemg",1088
"duck",1086
"paid",1083
"tea",1083
"vip",1080
"gol",1077
"alone",1074
"v",1074
"test",1072
"wild",1069
"alumni",1069
"gym",1068
"fat",1067
"flushed",1066
"arther",1065
"sit",1064
"wear",1060
"called",1059
"story",1059
"wake",1056
"boy",1054
"cream",1054
"4ton",1050
"wedidit",1049
"catjam",1048
"finally",1048
"million",1044
"card",1041
"chips",1038
"oui",1034
"ohns",1031
"yonna",1031
"likes",1030
"kek",1029
"mid",1028
"exemaw",1027
"half",1026
"mr",1026
"exemmarch",1022
"works",1021
"skip",1020
"peeponeck",1020
"else",1019
"pull",1018
"c",1017
"early",1016
"purple",1016
"meat",1015
"slay",1015
"green",1013
"while",1012
"larper",1010
"poop",1009
"tbh",1008
"uhoh",1008
"speed",1005
"loll",1004
"cause",1000
"anyone",997
"manchester",997
"sugar",994
"yellow",993
"extrae3wow",991
"knut",990
"goatemotey",988
"class",987
"milk",986
"pausershype",986
"goes",985
"once",981
"wwwwww",979
"china",979
"3millijam",978
"japan",977
"light",976
"exems",974
"send",973
"tylerlaughingatyou",973
"currently",971
"dog",970
"less",969
"media",969
"hmmm",967
"d1",967
"relax",966
"enjoy",965
"ricespice",965
"soup",963
"forget",962
"pagman",962
"street",962
"worse",961
"exemlost",960
"min",959
"ny",959
"ones",956
"labubu",956
"peepoclap",954
"brother",952
"emgent",949
"ngl",947
"what's",946
"touch",945
"sneak",945
"american",944
"pick",941
"read",941
"cup",940
"tf",937
"wont",936
"sound",935
"says",934
"smart",934
"11",932
"def",932
"ayo",932
"under",931
"missed",927
"welcome",927
"cold",926
"happening",925
"healthy",925
"beer",924
"england",924
"beat",921
"happened",920
"train",920
"coggers",919
"coolstorybob",919
"bedge",919
"service",915
"without",915
"collab",914
"peepobye",914
"chris",913
"yum",911
"york",910
"eyes",908
"vancouver",908
"discord",907
"aza",906
"40",901
"prof",901
"5head",899
"mah",899
"bridge",898
"table",898
"trust",898
"exemhug",898
"feet",897
"body",896
"mods",896
"pointless",895
"isnt",890
"sign",890
"nooooo",888
"gottem",887
"rain",886
"byeee",885
"course",885
"drop",884
"family",884
"kind",884
"america",883
"monkas",883
"men",883
"having",882
"limeciety",882
"exemchonk",882
"degloved",882
"jason",881
"means",880
"emilyyy",879
"bri",878
"concerned",876
"learning",875
"meow",874
"donowall",873
"tesla",873
"patik",873
"cameraman",871
"pop",870
"vibe",870
"fries",870
"hiiii",868
"speeders",866
"reddit",865
"loud",865
"salt",864
"500",861
"taking",861
"hide",859
"sing",859
"expensive",858
"glorp",858
"door",857
"cut",856
"app",854
"chipmunk",854
"dry",852
"twitchunity",850
"loool",845
"jodi",841
"bitrate",840
"fancy",839
"police",839
"told",839
"mmmm",838
"noo",837
"trihard",837
"theagencywhands",837
"tung",837
"trash",836
"awkward",836
"drunk",835
"middle",835
"exemdespair",834
"egg",833
"playing",833
"ogo",833
"flight",832
"jebaited",831
"interesting",830
"rice",826
"through",826
"seems",825
"austin",825
"glarp",823
"community",821
"number",821
"worst",821
"ogre",818
"dothemario",818
"pack",817
"view",815
"sense",813
"cheap",812
"duo",812
"scary",811
"running",810
"cookout",810
"jesus",809
"peepogiggles",808
"type",805
"floor",804
"pre",803
"lerolero",802
"smell",801
"dap",801
"nopers",798
"staff",798
"vhagarchamp",798
"ate",797
"tired",797
"aye",796
"emirunod",796
"ago",795
"cook",793
"uhm",793
"balls",792
"exemsadge",792
"cops",792
"cimily",791
"butt",789
"mmmhmm",789
"crying",787
"cuz",787
"nodders",786
"ohnpeace",784
"michelin",783
"fight",782
"front",780
"jump",780
"add",779
"hurry",779
"lose",779
"rosii",779
"dark",778
"bet",776
"arnoldhalt",776
"english",775
"quick",775
"balpreezy",774
"isn't",772
"accent",771
"lady",770
"pool",769
"vibee",769
"professor",768
"bite",767
"exemnpc",767
"bigsad",766
"lolll",765
"rightthere",765
"shoes",763
"yummy",763
"maps",763
"sire",763
"lud",763
"haaland",760
"arkansas",759
"pixelbob",758
"feelsstrongman",757
"max",756
"second",756
"favorite",755
"set",755
"air",754
"h",754
"restaurant",754
"mask",751
"which",750
"you'll",750
"goal",749
"word",749
"pickle",748
"wet",747
"y",747
"duckass",747
"together",746
"sometimes",745
"few",744
"took",744
"extraemily's",743
"theyre",743
"larping",743
"x",742
"sucks",741
"cam",740
"cocka",738
"until",737
"virtualhug",737
"bobfarrfuturepopsuperstar",737
"hurt",736
"prob",735
"extrae3love",735
"focus",734
"g",734
"depends",733
"emilyyyy",733
"sweep",732
"incoming",731
"gang",730
"cop",730
"bath",730
"na",729
"exemprime",728
"pewpewpew",728
"area",727
"actual",724
"either",724
"fall",724
"lmaoooooo",724
"didn",723
"booba",722
"ttt",722
"exactly",721
"school",720
"onehandandy",720
"came",719
"question",718
"lag",718
"blow",717
"zoil",717
"screen",715
"spicy",715
"ve",715
"belka",715
"teatime",714
"gay",714
"rich",712
"windge",712
"jay",711
"since",710
"total",707
"reallymad",707
"bingbong",707
"town",705
"boring",703
"cheer100",703
"lolol",701
"saily",700
"basketball",699
"grab",696
"kekshook",695
"meal",694
"slayyyed",694
"subscribe",693
"ewwww",693
"worry",692
"near",691
"ludwig",690
"tonight",690
"ome9",689
"straight",688
"random",687
"goose",687
"fanum",687
"bing",685
"brain",684
"mexico",684
"busy",682
"slayy",680
"chocolate",678
"cooking",678
"mind",678
"peepofirework",678
"happen",677
"nandos",677
"experience",675
"pizza",675
"swimmin",674
"caleb",674
"lots",673
"mario",672
"segment",671
"exempuke",669
"ohhh",669
"girls",668
"muscle",668
"exemsmug",668
"alot",667
"road",667
"p",666
"sheesh",666
"kevin",665
"chance",664
"closed",664
"speak",664
"dress",664
"cards",664
"qt",663
"google",662
"amp",662
"24",660
"covid",659
"kkona",659
"pass",657
"tried",656
"wish",656
"smile",655
"wanted",655
"kekl",654
"aw",653
"leaving",653
"batchest",653
"ooooooo",651
"pee",649
"france",649
"forgot",647
"points",647
"handsup",646
"rae",646
"challenge",645
"gooo",643
"listen",643
"boat",642
"4head",641
"clockit",641
"13",640
"birdge",640
"boating",640
"stand",639
"country",638
"honey",638
"acting",637
"facts",637
"gifting",637
"drive",637
"die",636
"k",635
"fired",635
"floppy",635
"sushi",634
"takes",633
"yoink",633
"weather",633
"ayyy",631
"umm",631
"dirty",630
"young",630
"looked",629
"shdd",629
"ma",628
"may",628
"exemsad",628
"anymore",627
"vs",627
"lacy",627
"bought",623
"outfit",622
"post",622
"looool",621
"binoculous",621
"pfft",621
"um",620
"emi",619
"hilarious",619
"usually",618
"king",618
"hmmmm",618
"dentge",618
"oi",617
"jinxlul",616
"blood",615
"hahahah",614
"roll",614
"understand",614
"price",614
"bathroom",613
"beach",613
"taw",613
"energy",612
"viewers",612
"piano",608
"id",607
"morning",607
"paper",606
"sword",605
"frog",604
"gross",604
"wall",601
"kkool",601
"duke",601
"russell",600
"unc",600
"bugs",599
"filipino",599
"boss",598
"dollars",598
"sponsor",598
"wonder",598
"david",598
"each",597
"code",596
"everywhere",596
"heart",595
"slow",595
"office",594
"texime",594
"found",593
"su2",591
"og",590
"rising",589
"ketchup",589
"corner",588
"eye",588
"pokemon",588
"lmaooooooo",588
"dan",588
"exemspin",588
"rizz",587
"doesn",587
"heyguys",586
"susge",586
"julia",586
"burger",585
"mute",585
"supposed",585
"babyrage",585
"universe",585
"comes",584
"sooo",584
"british",584
"oof",583
"clock",583
"lebron",583
"pm",582
"monster",581
"1m",578
"baddie",578
"knutrave",578
"instead",577
"hungry",576
"sun",576
"south",575
"14",573
"cuisine",573
"hahahahaha",573
"jail",573
"dinner",572
"dirt",571
"wwwwwww",571
"excited",571
"lool",571
"started",570
"dam",568
"short",567
"heck",566
"ty",566
"university",566
"cudi",564
"kick",563
"pants",562
"double",561
"heat",561
"letsfuckingshit",560
"picture",559
"traffic",559
"pic",558
"dangerous",557
"kiss",557
"steak",557
"tink",557
"awwwww",556
"boom",556
"legs",556
"nobody",556
"harder",555
"minute",555
"mix",555
"oo",555
"innit",555
"35",554
"clothes",554
"totally",553
"level",552
"piss",552
"wheres",552
"dj",551
"self",551
"yesterday",551
"ddg",551
"emiruclap",551
"pepita",551
"denied",550
"eu",550
"exemsire",550
"rude",549
"sports",549
"makeup",549
"tvu",549
"bong",547
"milli",547
"goooo",545
"hahah",545
"i've",545
"till",545
"slayyyy",545
"cat",544
"hackermans",544
"exemrot",544
"broke",543
"drinks",543
"dumb",543
"nasty",543
"ohh",543
"audio",542
"ptsd",542
"goldplz",542
"travel",541
"women",541
"exemtwerk",541
"alright",540
"scammed",540
"smh",540
"wideravetime",539
"glad",538
"won't",538
"toes",538
"griddygoose",538
"suck",537
"mexicat",537
"hooray",536
"bopbop",535
"happies",534
"exemthonk",534
"tdspoppelumidancing",534
"board",533
"faster",532
"juice",532
"freeeee",532
"special",531
"strong",531
"diablo",531
"yesssss",529
"spain",529
"learn",528
"driving",527
"lmfaooo",527
"soccer",526
"summer",526
"fancytime",526
"yrgbounce",526
"sara",525
"giving",524
"cow",524
"earthlings",524
"calling",523
"emily's",523
"whatever",523
"fly",522
"gave",522
"moving",521
"toilet",521
"skin",520
"ofcourse",519
"1milly",519
"popcorn",518
"aim",517
"hero",516
"shop",516
"exemflex",516
"zugoi",516
"child",515
"football",515
"fiona",515
"crack",514
"chef",514
"19",513
"finish",513
"happens",513
"yayyy",513
"otk",513
"seconds",512
"sell",512
"paige",510
"visit",509
"plane",509
"bleedpurple",509
"photo",508
"prank",508
"sob",508
"honestly",506
"advice",505
"yuh",504
"nature",503
"using",503
"ay",503
"connection",503
"locked",503
"ooc",503
"date",502
"mouth",502
"le",502
"sea",501
"snot",501
"basically",500
"bigger",499
"moment",499
"plan",499
"halo",499
"catch",498
"lord",498
"gamer",497
"model",496
"woooo",496
"alien",496
"ron",496
"art",495
"doctor",495
"feels",495
"natural",495
"ruined",495
"woman",495
"noooooo",495
"deep",494
"download",493
"beans",492
"lie",492
"student",492
"switch",492
"joke",491
"sniper",491
"thinking",490
"wave",490
"badge",489
"tssk",489
"bratchat",489
"xddklat",489
"plant",488
"crowd",487
"join",487
"cock",486
"ooh",486
"shorts",486
"stick",486
"wendy",485
"omggg",484
"style",484
"ocean",484
"sideeye",484
"houston",484
"cursed",483
"byeeee",482
"lollll",482
"bruv",481
"space",481
"spongebob",481
"janitor",480
"glitchlit",480
"pogtasty",479
"nessie",479
"peepoengland",479
"viewer",477
"cleaning",477
"location",476
"pov",476
"shut",474
"erobb",474
"grassy",473
"16",472
"goo",472
"serious",472
"tahaha",472
"sausage",471
"cuteee",471
"during",470
"internet",470
"starting",470
"teach",470
"wooo",470
"building",469
"worked",469
"burn",468
"cares",468
"exemfine",468
"steal",468
"solo",468
"omily",468
"machine",467
"proud",467
"diet",467
"exemangry",466
"hehe",466
"sillychamp",466
"emilyy",465
"grass",465
"winning",465
"birthday",464
"cringe",464
"sour",464
"public",463
"shake",463
"wipe",463
"irler",463
"candy",462
"news",461
"peak",461
"secret",461
"wearing",461
"parang",461
"answer",460
"ears",460
"lucky",460
"peepoyo",460
"manila",460
"scubaa",460
"owl2019was",460
"cry",459
"twice",459
"mall",459
"boys",458
"buddy",458
"fix",458
"island",458
"smoke",458
"soo",458
"delulu",458
"hopefully",457
"ain't",456
"size",456
"ahhh",455
"lowkey",455
"emoly",455
"wars",455
"tech",454
"fried",454
"plop",454
"marcus",454
"wemby",454
"dr",453
"monday",453
"nerd",453
"terrible",453
"nervous",452
"banned",451
"weak",451
"ohnono",451
"arc",450
"asked",450
"bags",450
"data",449
"timing",449
"anyway",448
"bored",447
"ive",447
"push",447
"ignore",447
"where's",447
"bottom",446
"business",446
"count",446
"laugh",446
"tree",446
"exememo",446
"zone",445
"quality",445
"blorp",445
"j",444
"lying",444
"tour",444
"bbq",444
"kitchen",444
"leaf",444
"300",443
"pro",443
"drugs",442
"review",442
"bear",441
"dying",441
"forever",441
"parents",441
"mode",440
"systems",440
"tax",440
"asking",439
"fell",439
"alcohol",439
"peepocute",439
"bandd",439
"matter",438
"horrible",437
"boo",436
"prepffttt",436
"human",435
"places",435
"signal",435
"tall",435
"final",434
"zombies",434
"katchii",434
"apt",433
"neck",433
"sup",433
"pcs",433
"medium",433
"plz",432
"starforge",432
"maj",432
"sez",431
"nmp",431
"xqcl",430
"ayyyy",430
"lovely",429
"teeth",429
"london",429
"hole",428
"coke",428
"period",428
"goodone",428
"kill",427
"peach",427
"emiry",427
"dip",426
"hiiiii",426
"reason",426
"18",425
"book",425
"future",425
"yikes",425
"taxi",425
"couple",424
"important",424
"oil",424
"problem",424
"rate",424
"welp",424
"starforgepc",424
"the5th8icant",424
"bitch",423
"flowers",422
"muted",422
"stupid",422
"lego",422
"state",421
"ashwey",421
"fumetsuhito",420
"emcel",420
"coffee",419
"empty",419
"miles",419
"power",419
"atlanta",419
"essaying",419
"guapo",418
"played",417
"cjerk",416
"dream",415
"farming",415
"loved",415
"yooo",415
"gimbal",415
"frogwide",415
"swim",414
"bottle",413
"i'll",413
"spaghetti",413
"wife",413
"woj",413
"agree",412
"flip",412
"fresh",412
"rocks",412
"earlier",411
"feeling",411
"meant",411
"shopping",411
"logan",411
"fireworks",410
"ugly",410
"uhh",410
"vlog",410
"friendly",409
"it'll",409
"magic",409
"wasnt",409
"wooooo",409
"sold",409
"clear",408
"mmmmm",408
"bang",408
"blindge",408
"fein",408
"1000",407
"22",407
"cmon",407
"ig",407
"jack",407
"marathon",407
"wat",407
"emote",406
"emilying",406
"npc",406
"messi",406
"disney",406
"nmprave",406
"ayy",405
"sushimamiyoda",405
"nmpdanse",405
"joe",404
"coughing",404
"tx",404
"everybody",403
"weeee",403
"case",402
"flying",402
"exemhypers",402
"nmpc",402
"pianotime",402
"brown",401
"honest",401
"somewhere",401
"whos",401
"woof",401
"guitartime",401
"emilyyyyy",401
"packed",400
"calm",400
"goalhype",400
"carry",399
"employee",399
"rare",399
"jordan",399
"allowed",398
"ground",398
"score",398
"sweat",398
"kekwhat",398
"biggest",397
"fart",397
"chug",397
"ripbozo",397
"theagencydance",397
"list",396
"monkalaugh",396
"2026",395
"leg",395
"met",395
"exembanger",395
"ill",394
"cedar",394
"exemtssk",394
"retire",394
"i'd",393
"mess",393
"pc",393
"agents",393
"meditate",393
"bc",392
"bread",392
"thinks",392
"toad",392
"kicked",392
"minion",392
"shesright",392
"legit",391
"buhg",390
"pleaserespond",390
"bout",389
"died",389
"drinking",389
"manager",388
"reading",388
"ain",388
"raining",388
"students",388
"choice",387
"ring",387
"sand",387
"shots",387
"lalala",387
"aaaaa",386
"seat",386
"pepephone",386
"exemoffline",386
"college",385
"flavor",385
"zero",385
"voteyea",385
"morocco",385
"insta",384
"paidchatter",384
"dogs",383
"ghost",383
"gold",382
"mac",382
"holding",381
"john",381
"stuck",381
"wh",381
"wth",381
"mans",381
"words",380
"cars",379
"ravetime",379
"popular",378
"land",378
"subway",378
"knutwalk",378
"larps",377
"60",376
"longer",376
"ewwwww",376
"mulch",376
"instagram",375
"losing",375
"tap",375
"wasn't",375
"oooooooo",375
"raebum",375
"anyways",374
"dicks",374
"piece",374
"practice",374
"san",374
"gta",374
"confused",373
"huhh",373
"soil",373
"theres76dance",373
"1k",372
"event",372
"pressure",372
"socials",372
"stalling",372
"cart",371
"ne",371
"blind",370
"glasses",370
"sitting",370
"warm",370
"wind",370
"fortone",370
"naturepulse",370
"chatter",369
"farm",369
"uhhh",369
"fighting",368
"gurl",368
"hire",368
"exemhalt",368
"eric",368
"fixed",367
"seeing",367
"singing",367
"emirusid",367
"helping",366
"questions",366
"spoons",366
"hug",365
"okok",365
"wouldnt",365
"gas",365
"benben",365
"eduhdzaliendance",365
"film",364
"grow",364
"laughing",364
"record",364
"tuesday",364
"00",363
"showing",363
"bars",362
"beef",362
"key",362
"liked",362
"possible",362
"common",362
"market",362
"butter",361
"dropped",361
"omgggg",361
"pissed",361
"broken",361
"hahahahahaha",361
"10k",360
"17",360
"raw",360
"telling",360
"picky",360
"ending",360
"gum",360
"pitch",360
"alert",359
"changed",359
"waytoodank",359
"pie",359
"feelsbitrateman",359
"helicopter",359
"arm",358
"karaoke",358
"emilyfufu",358
"able",357
"july",357
"nba",357
"workout",357
"ouch",356
"yoshi",356
"george",356
"closer",355
"hiding",355
"gopissgirl",354
"ph",354
"age",353
"cheer200",353
"foot",353
"hang",353
"player",353
"title",353
"misterarther",353
"exemposture",353
"150",352
"1st",352
"arent",352
"fact",352
"cinnarave",352
"nmpfloss",352
"grill",351
"local",351
"lore",351
"nuts",351
"science",351
"isn",351
"mango",351
"mondo",351
"needed",350
"sir",350
"sleeping",350
"actor",350
"mike",349
"movies",349
"mama",349
"americans",349
"bleedpurplehd",349
"salamat",349
"absolutely",348
"build",348
"valid",348
"lmfaoooo",348
"emeleh",348
"multiple",347
"1538",347
"78613",347
"blvd",347
"whitestone",347
"peri",347
"ahead",346
"demon",346
"per",346
"rigged",346
"script",346
"tie",346
"danm",346
"psycatnod",346
"atl",345
"delicious",344
"main",344
"match",344
"mine",344
"glaze",344
"hulu",344
"eats",343
"hella",343
"mrdestructoid",343
"ohhhh",343
"37sandz42",343
"yap",343
"duh",342
"yayyyy",342
"naw",342
"ankle",342
"argentina",342
"single",341
"whoa",341
"announcement",341
"gz",341
"interview",340
"extrae3angry",340
"french",339
"hehehe",339
"imo",339
"salty",339
"barely",338
"gooooo",338
"fax",338
"shush",338
"ban",337
"crash",337
"fav",337
"omegalulfeatextraemily",337
"flow",337
"aurafarming",337
"group",336
"opposite",336
"wwwwwwww",336
"jollibee",336
"potfriend",336
"ole",336
"canadaeh",336
"quiet",335
"rush",335
"spray",335
"spideythwip",335
"ratjam",334
"ittt",334
"extraclassroom",333
"dreamcon",333
"speedlaugh",333
"anime",332
"beast",332
"living",332
"safety",332
"dadfeesadpoo",332
"bunch",331
"counter",331
"vod",331
"diddy",331
"mate",331
"exemrave",331
"bird",330
"eh",330
"meeting",330
"skirt",330
"aren't",329
"emilys",329
"massive",329
"yaaay",329
"26",328
"epic",328
"history",328
"share",328
"soda",328
"gaming",327
"missing",327
"tylil",327
"feaky",327
"who's",326
"juicy",325
"chair",324
"illegal",324
"spam",324
"form",324
"45",323
"choo",323
"hype",323
"wouldn't",323
"nmpd",323
"clanker",323
"neymar",323
"packs",322
"loooool",322
"lololol",322
"bossmansixd",322
"others",321
"peepohey",321
"bug",321
"nyatt",321
"itsmar125freegme",321
"colors",320
"health",320
"react",320
"dat",319
"korean",319
"emcels",319
"popeyes",319
"2nd",318
"delete",318
"wheel",318
"pork",318
"baseball",317
"brand",317
"oooh",317
"views",317
"toy",317
"ran",316
"arrested",316
"yuck",316
"pub",316
"herself",315
"plastic",315
"social",315
"walmart",315
"invite",315
"shi",315
"waga",315
"arms",314
"blubbers",314
"pepper",314
"sim",314
"mona",314
"system",313
"teacher",313
"videos",313
"maxlol",313
"monkaok",313
"court",313
"exemeggroll",313
"following",312
"north",312
"we'll",312
"cheer",312
"library",312
"soap",312
"bomb",311
"character",311
"flower",311
"mayo",311
"moved",311
"online",311
"reallynice",311
"ac",310
"alive",310
"beep",310
"pooping",310
"chills",310
"bts",310
"matcha",310
"cuteeee",309
"tota",309
"cake",308
"river",308
"speaker",308
"exemdance",308
"exemtrash",308
"husband",308
"asf",307
"cover",307
"needle",307
"guaapooo",307
"canadian",306
"soooo",306
"tomato",306
"pogchomp",306
"swimming",306
"eggs",305
"map",305
"non",305
"everyday",304
"flat",304
"stars",304
"weeks",304
"sturdy",304
"jeffy",304
"michael",303
"three",303
"throwing",303
"unless",303
"deserved",303
"nam",303
"rave",303
"reaction",303
"issue",302
"lights",302
"rap",302
"resume",302
"shoe",302
"tag",302
"mhmm",302
"annoying",301
"apartment",301
"risk",301
"y'all",301
"gloves",301
"nixon",301
"vods",300
"worker",300
"weewoo",300
"agal",300
"iamclap",300
"heavy",299
"paying",299
"round",299
"sky",299
"bikes",299
"cutee",299
"90",298
"attention",298
"immortal",298
"pet",298
"press",298
"woo",298
"write",298
"stadium",298
"emirujoy",298
"protein",297
"lift",297
"station",297
"awards",297
"tahahaha",297
"button",296
"bobge",296
"nebraska",295
"sent",295
"server",295
"staying",295
"tvibe",295
"troy",295
"dancing",294
"uwu",294
"foil",294
"virus",294
"charge",293
"menu",293
"pen",293
"benmily",293
"21",292
"80",292
"death",292
"campus",292
"minions",292
"kanel",292
"yugi",292
"brought",291
"evil",291
"homeless",291
"stress",290
"tik",290
"mayacheer",290
"xdding",290
"company",289
"followers",289
"spanish",289
"sum",289
"weight",289
"director",289
"chowder",289
"rotund",289
"theagencycheer",289
"block",288
"excuse",288
"link",288
"moon",288
"you've",288
"quite",288
"alerta",288
"explore",288
"subtember",288
"kurevvbaile",288
"28",287
"act",287
"lookin",287
"unique",287
"yippee",287
"swag",287
"con",286
"lagging",286
"support",286
"flashbang",286
"medicine",286
"emiruo",286
"gifts",285
"ticket",285
"tiny",285
"esfand",285
"theilluminati",285
"mm",285
"vinegar",285
"4th",284
"handle",284
"knees",284
"method",284
"raiders",284
"spend",284
"spice",284
"window",284
"lip",284
"fuslie",284
"popmart",284
"ylorp",284
"average",283
"lives",283
"shrimp",283
"toronto",283
"gorgeous",283
"honk",283
"exemno",282
"glitchcat",282
"patrick",282
"eeeh",282
"baldge",282
"3rd",281
"garden",281
"peas",281
"dollar",280
"past",280
"starts",280
"nom",280
"xie",280
"vivet",280
"ube",280
"field",279
"helps",279
"ego",279
"cowjam",279
"caseoh",279
"customer",278
"daniel",278
"ear",278
"girly",278
"gives",278
"hahahahah",278
"mari",278
"nahh",278
"pepejam",278
"square",278
"gyat",278
"helmet",278
"powerupl",278
"powerupr",278
"decent",277
"photos",277
"racist",277
"scooter",277
"sister",277
"madge",277
"tastes",277
"disguise",277
"nicking",277
"shark",277
"against",276
"killed",276
"passed",276
"background",276
"himself",276
"ragey",276
"storyo27laughing",276
"golden",275
"math",275
"shoot",275
"winter",275
"squid",275
"qr",275
"kaimillion",275
"bless",274
"jam",274
"pepega",274
"plate",274
"winetime",274
"ingest",274
"nooooooo",273
"scan",273
"season",273
"trees",273
"travels",273
"theagencylove",273
"across",272
"patient",272
"labubus",272
"swapped",272
"ants",271
"complete",271
"fashion",271
"snow",271
"ff",271
"tts",271
"soft",271
"cenat",271
"five",270
"seem",270
"thumb",270
"gettingsturdy",270
"rachell",270
"anywhere",269
"info",269
"lunch",269
"scene",269
"burgers",269
"trump",269
"jet",269
"lime",269
"twins",269
"mil",269
"angle",268
"belly",268
"cheaper",268
"posture",268
"respect",268
"socks",268
"songs",268
"youll",268
"elden",268
"hahahahahahaha",268
"thick",268
"parking",268
"hdmi",268
"exemknife",268
"cash",267
"jupijej",267
"exemlurk",267
"brunson",267
"2k",266
"weed",266
"step",266
"yayy",266
"exemwipe",266
"intheirbag",266
"panda",266
"fucked",265
"lazy",265
"ohmydog",265
"older",265
"section",265
"stinky",265
"surprise",265
"tok",265
"fellow",265
"rating",265
"halloumi",265
"supd",265
"cancer",264
"stab",264
"leakily",264
"rimewide",264
"era",263
"plug",263
"asia",263
"exemcinema",263
"editor",263
"lemickey",263
"control",262
"feed",262
"hydration",262
"invited",262
"leaking",262
"oops",262
"reminds",262
"stairs",262
"cafeteria",262
"president",262
"bill",261
"forward",261
"fruit",261
"exemmath",261
"riot",261
"touching",261
"biking",261
"jade",261
"juh",261
"p5",261
"corn",260
"cutscene",260
"ex",260
"inspire",260
"smells",260
"waste",260
"wood",260
"ship",260
"arthur",260
"nihao",260
"poo",259
"rather",259
"avoid",258
"coach",258
"weeeee",258
"discount",258
"ayeee",258
"nahhh",258
"cathug",258
"wormge",258
"isforme",257
"west",257
"yours",257
"mj",257
"plorp",257
"ililolili",257
"23",256
"regular",256
"awe",256
"leslie",256
"grind",255
"league",255
"congratulations",255
"sunset",255
"cungus",255
"ono",255
"goodnight",254
"goofy",254
"jackass",254
"napkin",254
"exclusive",254
"allergies",254
"quest",253
"stopped",253
"track",253
"binoculars",253
"frick",253
"wideyump",253
"noway",253
"rent",253
"trolling",253
"shawarma",253
"chatters",252
"keeps",252
"traveling",252
"peepofat",252
"tuff",252
"bucks",252
"buds",252
"exemhigh",252
"observinghumannature",252
"alaska",251
"band",251
"become",251
"between",251
"cancelled",251
"master",251
"memory",251
"widepeepohappy",251
"itttt",251
"jacket",251
"pogcrazy",251
"setup",250
"wins",250
"lead",250
"forsencd",249
"goated",249
"jk",249
"shows",249
"tough",249
"tacos",249
"kuya",249
"atleast",248
"pace",248
"central",248
"poroagony",248
"improve",247
"perhaps",247
"standing",247
"surprised",247
"lmaoooooooo",247
"dlc",247
"truck",247
"chewsday",247
"waddle",247
"richmond",247
"extrae3wave",247
"ahhhh",246
"treat",246
"sandwich",246
"staring",246
"whattt",246
"eebola",246
"washington",246
"above",245
"cost",245
"swear",245
"yessssss",245
"yonnajw",245
"culture",244
"towel",244
"umbrella",244
"msg",244
"kekinsane",244
"dope",243
"message",243
"outta",243
"reset",243
"winner",243
"glue",243
"gun",243
"prolly",243
"venomr21wembenyama",243
"quit",242
"airport",242
"spiderman",242
"aaa",242
"hoodie",242
"greggs",242
"hiiiiii",242
"click",241
"electric",241
"hahahha",241
"hill",241
"international",241
"taco",241
"z",241
"yapping",241
"claw",241
"correct",240
"professional",240
"slide",240
"wii",240
"peepospeedwalk",240
"catkiss",240
"thonking",240
"breath",239
"japanese",239
"lake",239
"remove",239
"turned",239
"version",239
"comeback",239
"emp",239
"cross",238
"effort",238
"large",238
"tbf",238
"exemnya",238
"mart",238
"wowers",238
"chia",238
"theagencyspin",238
"aquarium",238
"ni",237
"thumbnail",237
"weirdchamp",237
"bites",237
"ranch",237
"steps",237
"bin",237
"jealous",237
"gerald",237
"saywhat",237
"europe",236
"feelsgoodman",236
"steam",236
"tomfoolery",236
"itsmar125really",236
"falling",235
"goin",235
"ayyyyy",235
"spin",235
"soty",235
"bonezone",234
"mf",234
"plus",234
"si",234
"intro",234
"bxsero",234
"girlies",234
"ronaldo",234
"cootie",234
"fam",233
"weee",233
"language",233
"lee",233
"woooooo",233
"bean",232
"fault",232
"hah",232
"skill",232
"cuh",232
"inc",232
"rat",232
"streets",232
"vohiyo",232
"bo",232
"moto",232
"5k",231
"buying",231
"race",231
"museum",231
"solid",231
"bake",231
"flirt",231
"batman",231
"chopped",231
"raph",231
"cinnas",231
"higher",230
"josh",230
"nvm",230
"tub",230
"chick",230
"fil",230
"rub",230
"sprite",230
"loo",230
"meds",230
"redbull",230
"plans",229
"ipad",229
"closing",229
"fifa",229
"boracay",229
"battery",228
"comfy",228
"confirmed",228
"haven't",228
"starbucks",228
"yoooo",228
"wwwwwwwww",228
"known",228
"slop",228
"edm",228
"greet",228
"runnn",228
"giant",227
"mini",227
"none",227
"trouble",227
"core",227
"pose",227
"potato",227
"yayyyyy",227
"lolllll",227
"cube",226
"swap",226
"chorming",226
"easier",225
"harry",225
"workers",225
"worms",225
"healed",225
"nmplol",225
"holiday",225
"agenthype",225
"mill",225
"bgc",225
"aight",224
"except",224
"hits",224
"mcdonalds",224
"mercywing2",224
"pure",224
"text",224
"peel",224
"steerr",224
"yougoodmud",224
"55",223
"along",223
"attack",223
"entire",223
"legend",223
"lower",223
"pocket",223
"seats",223
"omgg",223
"ceo",223
"emiru",223
"exempal",223
"footyellow",223
"freaky",223
"km",223
"randomkid",223
"100k",222
"99",222
"feelsdankman",222
"boxes",222
"van",222
"forehead",222
"grouphugg",222
"awwing",222
"desk",221
"difference",221
"fishing",221
"fits",221
"sec",221
"seriously",221
"tight",221
"shy",221
"auntie",221
"yrgenooo",221
"29",220
"finished",220
"frame",220
"golf",220
"mercywing1",220
"tipped",220
"tips",220
"clm",220
"knight",220
"caitthinking",220
"nicks",220
"tuckk",220
"clockthat",220
"aveziespy",220
"aaaaaa",219
"de",219
"edit",219
"germany",219
"rules",219
"walked",219
"donut",219
"gf",219
"nerds",219
"router",219
"tickets",219
"columbia",218
"dono",218
"nap",218
"okra",218
"osfrog",218
"praying",218
"prediction",218
"strat",218
"singsnote",218
"brasil",218
"pickles",218
"larpily",218
"larpp",218
"michelle",218
"lizzo",218
"cozy",217
"easily",217
"fork",217
"indeed",217
"kim",217
"notes",217
"putting",217
"spider",217
"orders",217
"ummm",217
"pr",217
"slayyyyy",217
"wings",217
"120",216
"fuckin",216
"killing",216
"ow",216
"she'll",216
"speaking",216
"timbs",216
"worries",216
"peeposmile",216
"peepodj",216
"rofl",216
"blushing",216
"ooooooooo",216
"silver",216
"4k",215
"dorm",215
"dragon",215
"mile",215
"mostly",215
"wee",215
"ayeeee",215
"bbl",215
"deadass",215
"guard",215
"creep",215
"goals",215
"picked",215
"mutted",215
"ta",215
"emirucheer",215
"exemskull",215
"burnt",214
"gosh",214
"smooth",214
"brave",214
"psa",214
"000",213
"positive",213
"taylor",213
"worried",213
"feelsbirthdayman",213
"lame",213
"snipers",213
"sodaing",213
"courtney",213
"bald",212
"earth",212
"flex",212
"hr",212
"sketch",212
"adult",211
"amount",211
"blame",211
"return",211
"bal",211
"buggin",211
"pedro",211
"aveziejappahappy",211
"marissapopcorn",211
"mang",211
"comedy",210
"deserve",210
"exem",210
"kapp",210
"lechon",210
"sex",210
"somebody",210
"xqc",210
"downstairs",210
"owner",210
"killthatboy",210
"shayanelhawk",210
"tahahahaha",210
"basic",209
"nut",209
"truth",209
"village",209
"zombie",209
"hyperclap",209
"peepotrip",209
"awwwwww",209
"0161",209
"cereal",208
"finger",208
"horse",208
"pause",208
"rise",208
"toast",208
"wholesome",208
"looooool",208
"widedude",208
"dessert",208
"emirudance",208
"sanitizer",208
"spit",208
"exemsat",208
"poki",208
"doom",208
"iron",208
"wardrobe",208
"cheating",207
"doin",207
"doubt",207
"lies",207
"weekend",207
"snipe",207
"charcoal",207
"couch",207
"fear",207
"training",207
"hypelul",207
"raeblob",207
"unplug",207
"er",206
"finna",206
"peeporiot",206
"pushing",206
"yoo",206
"bully",206
"angelthump",206
"freaking",206
"snake",206
"gregory",206
"portugal",206
"zyzzbass",206
"400",205
"chillin",205
"likely",205
"moves",205
"names",205
"paris",205
"stressed",205
"creepy",205
"curselit",205
"africa",205
"klats",205
"waiguoren",205
"adorable",204
"backpack",204
"meme",204
"pokpikachu",204
"residentsleeper",204
"toxic",204
"tryna",204
"elevator",204
"usd",204
"tactical",204
"watermelon",204
"agent00",204
"baddies",204
"breaking",203
"dive",203
"especially",203
"extraemilyy",203
"pics",203
"smoking",203
"dear",203
"pt",203
"balance",202
"cutie",202
"ding",202
"disgusting",202
"expect",202
"fingers",202
"note",202
"threw",202
"therapist",202
"louder",202
"bait",202
"flu",202
"twin",202
"andy",201
"breathe",201
"force",201
"haters",201
"washed",201
"stfu",201
"nmpe",201
"databaseedm",201
"diabetes",201
"omggggg",201
"ouuu",201
"runnnn",201
"thumbnails",201
"trogalfire",201
"deez",200
"humans",200
"monkahmm",200
"noise",200
"salad",200
"singer",200
"chess",200
"exciting",200
"exemfollow",200
"byeeeee",200
"exemrun",200
"tangerine",200
"rings",200
"havent",199
"jake",199
"mmmmmm",199
"gaypride",199
"lmaooooooooo",199
"lmfaooooo",199
"stains",199
"robot",199
"comms",199
"desktop",199
"dodgers",199
"paul",199
"split",198
"spread",198
"they'll",198
"wut",198
"peeposit",198
"caughtin4k",198
"pesos",198
"born",197
"diff",197
"generosity",197
"goodbye",197
"kappapride",197
"monkaeyes",197
"fs",197
"southern",197
"belgium",197
"exemfu",197
"70",196
"bank",196
"mark",196
"spamming",196
"james",196
"guns",196
"noooooooo",196
"rp",196
"emilaya",196
"atm",195
"booty",195
"drip",195
"lick",195
"skills",195
"pictures",195
"widepeepohigh",195
"wowww",195
"ellum",195
"prices",195
"asians",194
"chain",194
"lines",194
"pounds",194
"showed",194
"thoughts",194
"emilia",194
"extraemilyclips",194
"mirror",194
"cable",194
"laggy",194
"leaves",194
"lobster",194
"goon",194
"rlorp",194
"bonneh",194
"32",193
"stage",193
"fbtouchdown",193
"spy",193
"bloodtrail",193
"blowing",193
"sabaping",193
"hitchhiking",193
"lips",192
"thankegg",192
"cod",192
"allergic",192
"salmon",192
"dick",191
"figure",191
"hop",191
"hows",191
"lighter",191
"myself",191
"freedom",191
"billyapprove",191
"leaks",191
"dim",191
"wetherspoons",191
"geeg",191
"27",190
"animals",190
"chaos",190
"gn",190
"moons",190
"players",190
"towards",190
"hood",190
"birds",190
"feelslagman",190
"ouu",190
"crystal",190
"exemshock",190
"chud",190
"prom",190
"cannot",189
"numbers",189
"stall",189
"reacting",189
"gravy",189
"hacked",189
"trauma",189
"growl",189
"larpers",189
"marlon",189
"chuckepoggers",188
"east",188
"foods",188
"goooooo",188
"promo",188
"snack",188
"dust",188
"protect",188
"squeex",188
"washing",188
"tawww",188
"comment",187
"hitting",187
"mental",187
"omfg",187
"accepted",187
"choose",187
"cyr",187
"smil",187
"sphere",187
"tourist",187
"bull",186
"current",186
"edge",186
"geese",186
"triple",186
"buh",186
"grandma",186
"pbm",186
"saturn8x",186
"venomr21spurs",186
"07",185
"dig",185
"uhhhh",185
"cinnahii",185
"ting",185
"united",185
"130",185
"ended",184
"horror",184
"mod",184
"mountain",184
"tom",184
"catnodding",184
"ewwwwww",184
"peepos",184
"cutesit",184
"sticky",184
"watchtime",184
"katchii10",184
"dreams",183
"given",183
"mail",183
"often",183
"pepemeltdown",183
"private",183
"wr",183
"wrap",183
"breakfast",183
"emirulw",183
"grilled",183
"brooo",183
"goood",183
"shayaneemgentlife",183
"trae",183
"inasal",183
"34",182
"anxiety",182
"dw",182
"thread",182
"troll",182
"zhang",182
"monitor",182
"parasocialfrenn",182
"peepopunch",182
"quid",182
"salted",182
"lotr",182
"360",181
"gotten",181
"emiruvibe",181
"exercise",181
"naurr",181
"nmpballer",181
"dayum",180
"stomach",180
"milly",180
"penalty",180
"33",179
"cosplay",179
"delay",179
"learned",179
"pulling",179
"apply",179
"married",179
"riggler",179
"dissapointed",179
"lane",179
"laundry",179
"vini",179
"suki",179
"donce",179
"bell",178
"bros",178
"should've",178
"thicc",178
"wasn",178
"touched",178
"ahahaha",178
"strip",178
"buses",178
"sahur",178
"christmas",177
"enjoying",177
"hmmmmm",177
"sip",177
"soul",177
"third",177
"user",177
"byeeeeeee",177
"meesterkeem",177
"direction",176
"poggies",176
"sweaty",176
"therapy",176
"tongue",176
"drug",176
"selfie",176
"twerk",176
"exemwiggleparty",176
"growth",176
"shift",176
"eee",176
"emilyyyyyy",176
"heh",176
"humidity",176
"extraemilyvod",176
"t10rave",176
"jose",175
"sport",175
"emirulove",175
"ada",175
"zoi",175
"hydrate",174
"karen",174
"mentioned",174
"pot",174
"pulled",174
"zoom",174
"changing",174
"allergy",174
"itt",174
"flako",174
"account",173
"booth",173
"hugs",173
"monkasteer",173
"rubbing",173
"runs",173
"schedule",173
"smaller",173
"strawberry",173
"treasure",173
"updated",173
"dealer",173
"phones",173
"38",172
"center",172
"chinatown",172
"daily",172
"jumped",172
"scream",172
"snacks",172
"target",172
"twerking",172
"monkers",172
"anonymous",172
"canes",172
"cleaner",172
"trueing",172
"shabang",172
"bee",171
"coolcat",171
"hearing",171
"kidding",171
"kekg",171
"plenty",171
"obsession",171
"opening",171
"retirement",171
"sticker",171
"paprik6kekw",171
"nmpblankies",171
"amazon",170
"august",170
"cheeks",170
"felt",170
"fill",170
"forced",170
"gon",170
"muscles",170
"shape",170
"ayooo",170
"raintime",170
"dallas",170
"snitch",170
"djmarkoxeq",170
"florida",169
"grown",169
"odyssey",169
"op",169
"enjoyed",169
"bonjour",169
"cardio",169
"fff",169
"respectful",169
"2025",169
"monkagasp",169
"pst",169
"states",169
"farts",168
"meh",168
"unlocked",168
"father",168
"sale",168
"temu",168
"chan",168
"tissues",168
"itsmar125saywhaaaat",168
"bringing",167
"nintendo",167
"pig",167
"spots",167
"daughter",167
"sunny",167
"hydrated",167
"stompkek",167
"kissabestie",167
"paracetamol",167
"seafood",167
"dustin",167
"31",166
"apparently",166
"bass",166
"clue",166
"creator",166
"dare",166
"diss",166
"insurance",166
"shout",166
"suit",166
"unfortunately",166
"watches",166
"guide",166
"bruno",166
"catching",166
"knife",166
"pregnant",166
"tan",166
"brainrot",166
"romantic",166
"oscs",166
"chilling",165
"chipotle",165
"general",165
"lfg",165
"upload",165
"mindset",165
"poppin",165
"4weird",165
"stolen",165
"cinna8head",165
"downtown",165
"accurate",164
"brick",164
"naked",164
"tp",164
"buns",164
"shirley",164
"blah",164
"built",164
"oooooooooo",164
"outro",164
"yrgedance",164
"tiger",164
"couldnt",163
"ohp",163
"raise",163
"rough",163
"ttours",163
"ahhhhh",163
"neither",163
"clubs",163
"hao",163
"exemsus",163
"colour",162
"confident",162
"draw",162
"hrs",162
"jeans",162
"june",162
"range",162
"saturday",162
"skinny",162
"actors",162
"ambessalove",162
"clocked",162
"connect",162
"yippeee",162
"emiruwashers",162
"105",161
"adhd",161
"california",161
"credit",161
"deserves",161
"explain",161
"gettin",161
"impossible",161
"impressive",161
"messed",161
"overrated",161
"pineapple",161
"plates",161
"scoots",161
"weeeeee",161
"newest",161
"yah",161
"backrooms",161
"beyond",161
"favourite",161
"luv",161
"basement",161
"bodyguard",161
"wwwwwwwwww",161
"trainer",161
"warlock",161
"bussin",160
"combo",160
"mobile",160
"riding",160
"sourpls",160
"screaming",160
"customers",160
"alveuslove",160
"heyyy",160
"knowledge",160
"legal",160
"drats",160
"jerseys",160
"li",160
"mog",160
"sleepover",160
"bright",159
"frozen",159
"genius",159
"locals",159
"rabbit",159
"saving",159
"sis",159
"stayed",159
"ugh",159
"merch",159
"noodle",159
"tyla",159
"begging",158
"ho",158
"mother",158
"root",158
"relaxing",158
"ded",158
"checkout",158
"itll",158
"nahhhh",158
"bangerr",158
"mbappe",158
"legos",158
"delayed",157
"pretend",157
"reverse",157
"ruin",157
"stole",157
"filipinos",157
"handsome",157
"ol",157
"potpls",157
"alley",157
"tissue",157
"muga",157
"teams",157
"chorm",157
"epicptg",157
"accept",156
"bay",156
"breaks",156
"bs",156
"cancel",156
"children",156
"freeze",156
"keeping",156
"mention",156
"pasta",156
"similar",156
"taken",156
"yolo",156
"glizzy",156
"selling",156
"spoilers",156
"officer",156
"diva",156
"qtcparty",156
"retired",156
"rides",156
"smiledog",156
"raeoda",156
"samwitchsob",156
"surfin",156
"butts",155
"finals",155
"garbage",155
"restaurants",155
"sa",155
"scare",155
"sweating",155
"production",155
"sniff",155
"volume",155
"aaaaaaa",155
"cult",155
"ohhhhh",155
"stealing",155
"yeh",155
"jeff",155
"jerky",155
"strokes",155
"widespeedlemon",155
"knutn",155
"negative",154
"original",154
"singsmic",154
"filming",154
"thankyou",154
"base",153
"couldn't",153
"gl",153
"grip",153
"jelly",153
"mexican",153
"opinion",153
"ramen",153
"fadedthanaho",153
"roads",153
"cksxkekw",153
"broccoli",152
"immediately",152
"lighting",152
"reach",152
"you'd",152
"dudes",152
"dave",152
"chew",152
"xddnerd",152
"hypehype",152
"circle",151
"princess",151
"search",151
"talented",151
"til",151
"yoinked",151
"alienpls",151
"tied",151
"typical",151
"auto",151
"booo",151
"metal",151
"exempirate",151
"parties",151
"bellini",151
"al",150
"classes",150
"limit",150
"mars",150
"notice",150
"prefer",150
"woke",150
"115",150
"glass",150
"mustard",150
"pin",150
"smiling",150
"assistant",150
"jmclar14",150
"loot",150
"rages",150
"awful",149
"value",149
"hanging",149
"stranger",149
"toadcheck",149
"gigaemily",149
"tmi",149
"cheerstothat",149
"denzhydance",149
"7cinema",149
"clutch",148
"forsen",148
"fortnite",148
"included",148
"offline",148
"somehow",148
"yooooo",148
"spreading",148
"entrance",148
"yh",148
"booger",148
"emilyyyyyyy",148
"frat",148
"thatscrazy",148
"databasemhm",148
"fomo",148
"books",147
"cum",147
"cya",147
"hater",147
"joking",147
"judge",147
"reveal",147
"shall",147
"ahahahah",147
"application",147
"booooo",147
"crime",147
"poke",147
"votenay",147
"gary",147
"drops",147
"network",147
"coconut",147
"rcdkek",147
"addicted",146
"battle",146
"cactus",146
"captain",146
"checking",146
"closes",146
"episode",146
"gen",146
"justin",146
"obviously",146
"paddle",146
"plays",146
"swift",146
"willy",146
"beats",146
"millionaire",146
"pjsugar",146
"ultramad",146
"wouldn",146
"sides",146
"robbed",146
"yrgehaha",146
"catfish",146
"antonio",145
"bone",145
"convo",145
"counts",145
"friday",145
"loss",145
"alienunpleased",145
"female",145
"nmprich",145
"thru",145
"ffff",145
"peepogaze",145
"niceee",145
"2x",144
"angel",144
"backwards",144
"coast",144
"excellent",144
"finding",144
"knowing",144
"series",144
"switched",144
"damnnn",144
"dawg",144
"treatment",144
"mo",144
"exemhowdy",144
"tram",144
"blacklivesmatter",144
"reloadedtoad",144
"connor",144
"brb",143
"clearly",143
"computer",143
"confidence",143
"ends",143
"he'll",143
"kpop",143
"shiny",143
"wowwww",143
"ant",143
"lmfaoooooo",143
"nearby",143
"ordering",143
"stores",143
"alveusnod",143
"caroline",143
"awee",143
"girlll",143
"joshua",143
"rack",143
"scored",143
"ritties",143
"expelled",143
"chip",142
"degrees",142
"emotes",142
"expected",142
"pieces",142
"purpose",142
"viral",142
"ignored",142
"ppoverheat",142
"sexy",142
"grandpa",142
"mud",142
"soy",142
"trap",142
"wednesday",142
"guest",142
"overstimulated",142
"36",141
"compared",141
"damage",141
"failfish",141
"jokes",141
"kidnapped",141
"lean",141
"minecraft",141
"ordered",141
"wide",141
"wiggle",141
"snap",141
"biblethump",141
"ariana",141
"sharks",141
"mouse",141
"shungite",141
"sunscreen",141
"ermington",141
"ult",141
"cinna's",141
"afraid",140
"flag",140
"ish",140
"lay",140
"letting",140
"turning",140
"jinny",140
"cinnaclap",140
"abs",140
"asmon",140
"safer",140
"strike",140
"tipping",140
"qbanjo",140
"campaign",140
"aren",139
"boooo",139
"hawaii",139
"hurts",139
"imma",139
"ooooh",139
"runn",139
"wooooooo",139
"ba",139
"cookies",139
"pillow",139
"alvin",139
"hall",139
"katchi",139
"mayahis",139
"pepescream",139
"pusseh",139
"sponsors",139
"website",139
"skydiving",139
"snoworries",139
"yrgeyrg",139
"pike",139
"angry",138
"jumping",138
"lettuce",138
"partner",138
"thai",138
"update",138
"podcast",138
"flash",138
"porosad",138
"250",138
"boi",138
"dish",138
"hated",138
"weirdo",138
"ewwwwwww",138
"ermmm",138
"manny",138
"jamgie",138
"taho",138
"tuktuk",138
"offside",138
"bowl",137
"clout",137
"iconic",137
"india",137
"lolololol",137
"ma'am",137
"repeat",137
"rid",137
"status",137
"exemchesting",137
"ffs",137
"kaicsturdyy",137
"peepopopcorn",137
"cope",137
"deck",137
"killer",137
"mics",137
"humid",137
"ironmousesaberdance",137
"kitty",137
"lissen",137
"nat",137
"aha",136
"ahaha",136
"animal",136
"belt",136
"checked",136
"christ",136
"crap",136
"growing",136
"knock",136
"nuggets",136
"packing",136
"spoon",136
"chop",136
"audience",136
"emisturdy",136
"smoketime",136
"aweee",136
"cheffrank",136
"firsttimechadder",136
"typeshit",136
"sonion",136
"swamp",136
"95",135
"action",135
"awake",135
"cameras",135
"hacking",135
"normally",135
"personal",135
"despairge",135
"heaven",135
"instant",135
"authentic",135
"cuppa",135
"finallyy",135
"aka",134
"boyfriend",134
"coin",134
"mommy",134
"hola",134
"jr",134
"lsd",134
"dubdance",134
"eyelash",134
"girlie",134
"loose",134
"yesssssss",134
"ginger",134
"hidden",134
"proper",134
"youuu",134
"notrea6967",134
"600",133
"boba",133
"cent",133
"impressed",133
"iphone",133
"noice",133
"noodles",133
"pepothink",133
"pussy",133
"ryan",133
"slip",133
"spent",133
"tetris",133
"youtuber",133
"strap",133
"throat",133
"yyjwiggle",133
"dior",133
"orophia",133
"paint",133
"sharing",133
"nando's",133
"perchance",133
"pops",133
"staresus",133
"yolk",133
"interstellar",133
"freak",132
"ladies",132
"lived",132
"melted",132
"phew",132
"pray",132
"recently",132
"swing",132
"technically",132
"15k",132
"rule",132
"curious",132
"everyones",132
"hotdog",132
"shoulda",132
"deer",132
"talks",132
"cinnahop",132
"dew",132
"tesco",132
"jit",132
"auditions",132
"dontai",132
"hasnt",131
"jar",131
"kept",131
"nooooooooo",131
"path",131
"q",131
"wise",131
"wot",131
"yelling",131
"coronas",131
"cx",131
"homie",131
"kekbye",131
"roof",131
"stinkycheese",131
"3mili",131
"3milly",131
"exploring",131
"reunion",131
"shipper",131
"evelyn331twins",131
"louisville21kentucky",131
"pacific",131
"t10nat",131
"xaxfro",131
"afford",130
"bubble",130
"certain",130
"elon",130
"fully",130
"joined",130
"movement",130
"pound",130
"probs",130
"sat",130
"themselves",130
"wasted",130
"hats",130
"bucket",130
"gentleman",130
"doors",130
"patience",130
"tank",130
"bloody",130
"cheeky",130
"grasslord",130
"ibuprofen",130
"mickey",130
"giovawni",130
"suburb31blobfish",130
"37",129
"added",129
"completely",129
"drank",129
"humble",129
"minimum",129
"shoulder",129
"sponsored",129
"timer",129
"wig",129
"ahahahaha",129
"wayyy",129
"ayee",129
"catclap",129
"curry",129
"eximenerd",129
"juan",129
"maam",129
"mixed",129
"quarter",129
"shovel",129
"stinkyglitch",129
"tai",129
"clam",129
"peepoburnmoney",129
"peepopaint",129
"xddrowning",129
"badgec1w",129
"l3wgw",129
"access",128
"edt",128
"employees",128
"ethernet",128
"official",128
"shaking",128
"woww",128
"fever",128
"goggles",128
"bisexualpride",128
"dansi",128
"gg's",128
"haunted",128
"omendaos",128
"rdcdreamgang",128
"badgec1go",128
"75",127
"email",127
"further",127
"hack",127
"literal",127
"sounded",127
"uni",127
"ways",127
"yell",127
"blonde",127
"el",127
"strangers",127
"tables",127
"tastebuds",127
"buff",127
"cooler",127
"danger",127
"announced",127
"crowded",127
"doo",127
"hai",127
"vape",127
"prize",127
"rossi",127
"gdolphswing",127
"ferry",127
"trogalsplat",127
"absolute",126
"ayoo",126
"bush",126
"compare",126
"everytime",126
"hm",126
"how's",126
"results",126
"stories",126
"vid",126
"yayyyyyy",126
"helped",126
"basedgod",126
"exemhuh",126
"exposed",126
"hahahahha",126
"mlady",126
"pit",126
"corpa",126
"worldwide",126
"diffblrave",126
"wideraintime",126
"32afyge7",126
"onelink",126
"s1my",126
"alki",126
"chooo",125
"comments",125
"daddy",125
"ideas",125
"mary",125
"massage",125
"slam",125
"speedrun",125
"uses",125
"sidewalk",125
"athlete",125
"breast",125
"clipped",125
"fridge",125
"peaceful",125
"spawn",125
"younger",125
"closet",125
"emilie",125
"mrakirby",125
"nikki",125
"nomnom",125
"password",125
"plsss",125
"yapper",125
"nevano1nevaluflol",125
"thailand",125
"olivia",125
"kaceyicant",125
"german",124
"goodness",124
"shame",124
"slightly",124
"st",124
"concert",124
"fk",124
"garlic",124
"nt",124
"oldest",124
"donksass",124
"jeez",124
"talked",124
"faze",124
"henlothere",124
"ooooooooooo",124
"bubblet",124
"fumbled",124
"librarian",124
"yoonfr1weehee",124
"gunna",123
"memories",123
"nightmare",123
"pads",123
"rapper",123
"request",123
"shouldn't",123
"shade",123
"damnn",123
"fi",123
"award",123
"buttdance",123
"exemnails",123
"pokémon",123
"russ",123
"kimknihi",123
"wagyu",123
"crep",123
"anti",122
"asap",122
"consent",122
"yeahhh",122
"shii",122
"veggies",122
"gimble",122
"murica",122
"smorc",122
"peepoblushglizzy",122
"chormjam",122
"20k",121
"43",121
"boobs",121
"champ",121
"disappointed",121
"dunno",121
"issues",121
"longest",121
"para",121
"restart",121
"shouldve",121
"spill",121
"calories",121
"liberty",121
"seal",121
"abc",121
"emirulaughingatyou",121
"emiruyump",121
"exemfeeling",121
"professors",121
"album",120
"bop",120
"hahaa",120
"hook",120
"luggage",120
"national",120
"tape",120
"ayeeeee",120
"boxing",120
"loser",120
"teaching",120
"aaaaaaaa",120
"heyyyy",120
"honesty",120
"sink",120
"ts",120
"lisa",120
"sybau",120
"caseohdailydoodlestwerk",120
"watashiwastar",120
"australia",119
"bunny",119
"caffeine",119
"chats",119
"contacts",119
"incredible",119
"matters",119
"named",119
"shell",119
"silent",119
"struggling",119
"sunday",119
"wa",119
"bombs",119
"cookie",119
"frfr",119
"hotdogs",119
"urself",119
"cdt",119
"donkwalk",119
"ds",119
"hitch",119
"tooo",119
"toys",119
"maid",119
"kai's",119
"micticome",119
"110",118
"asleep",118
"blanket",118
"conversation",118
"crispy",118
"dump",118
"exemgood",118
"forest",118
"hart",118
"hoe",118
"holes",118
"hypee",118
"ing",118
"intense",118
"option",118
"sean",118
"simple",118
"raremonkey",118
"broo",118
"hahahahahahahaha",118
"holyyy",118
"lad",118
"lashes",118
"adventure",118
"ref",118
"sooooo",118
"crisps",118
"gooner",118
"groupstripp",118
"indym",118
"matost",118
"nmpwiggle",118
"nymncorn",118
"stalker",118
"dih",118
"homecoming",118
"700",117
"abt",117
"adapt",117
"bud",117
"crocs",117
"cuter",117
"doctors",117
"hating",117
"mission",117
"myth",117
"picks",117
"pump",117
"report",117
"barrel",117
"blocking",117
"dankhug",117
"lala",117
"naur",117
"noidontthinkso",117
"upstairs",117
"process",117
"ohio",117
"pear",117
"saddies",117
"dizzy",117
"gregged",117
"clown",116
"cousin",116
"feelsamazingman",116
"friendship",116
"gotchu",116
"keys",116
"korea",116
"pred",116
"suppose",116
"turbo",116
"vinyl",116
"walks",116
"warning",116
"interaction",116
"chin",116
"ittttt",116
"puke",116
"rainy",116
"omaha",116
"cafe",116
"dennis",116
"emiruwaving",116
"fry",116
"mogging",116
"nando",116
"rot",116
"stubborn",116
"cutegrave",116
"tagalog",116
"suburb",116
"39",115
"axe",115
"ima",115
"jackson",115
"joy",115
"kanye",115
"liquid",115
"lobby",115
"outfits",115
"pepehands",115
"poster",115
"spine",115
"whoever",115
"copy",115
"mega",115
"onions",115
"signs",115
"trueee",115
"arrest",115
"awwwwwww",115
"gardens",115
"groot",115
"peepoflower",115
"stressing",115
"bi",115
"neat",115
"iamthejoeker",115
"phillipines",115
"rdc",115
"trogalboom",115
"jimothy",115
"101",114
"escape",114
"eventually",114
"prison",114
"reality",114
"taxes",114
"thx",114
"twist",114
"ﾉ",114
"tiktoks",114
"teh",114
"chicago",114
"hahahahahah",114
"cc",114
"filet",114
"load",114
"pride",114
"syrup",114
"ayoooo",114
"hospital",114
"mystery",114
"polite",114
"taller",114
"bedbugs",114
"celebrity",114
"extraleakily",114
"toadclap",114
"angles",114
"shayanesayit",114
"sisig",114
"skeleton",114
"imakai1lizardkek",114
"3k",113
"42",113
"climb",113
"deeper",113
"expert",113
"filter",113
"fookin",113
"meta",113
"pair",113
"parts",113
"pb",113
"picking",113
"wing",113
"donuts",113
"emirupog",113
"sauces",113
"stanley",113
"strength",113
"10pm",113
"apuyump",113
"hmmpolice",113
"pranked",113
"reviews",113
"runnnnn",113
"serve",113
"je",113
"papoy",113
"tongs",113
"katchiicheer",113
"asmr",112
"blocked",112
"distance",112
"fail",112
"followed",112
"monkagiga",112
"release",112
"whenever",112
"wonderful",112
"segments",112
"cutting",112
"exemcomfy",112
"italian",112
"kicking",112
"speaks",112
"speakers",112
"tower",112
"express",112
"ofcc",112
"sabering",112
"ahahah",111
"default",111
"dressed",111
"eaten",111
"failed",111
"knee",111
"kobe",111
"ms",111
"peeposhy",111
"personality",111
"punch",111
"sees",111
"shooting",111
"yasss",111
"amanda",111
"bend",111
"bones",111
"cruise",111
"milkshake",111
"stronge",111
"widehardo",111
"4evil",111
"naah",111
"peepowow",111
"pilot",111
"th",111
"visibility",111
"bork",111
"cuteeeee",111
"dre",111
"guyed",111
"kais",111
"onion",111
"streammm",111
"tabbytab",111
"ananonymousgifter",111
"emirugun",111
"wipeout",111
"65",110
"comfortable",110
"facebook",110
"followage",110
"girlfriend",110
"hasn't",110
"monkagun",110
"options",110
"partyhat",110
"rejected",110
"rly",110
"wdym",110
"woohoo",110
"net",110
"wayyyy",110
"aaaaaaaaaa",110
"buss",110
"gate",110
"lash",110
"sodawave",110
"venmo",110
"wine",110
"byeeeeee",110
"shops",110
"sjelefwewo",110
"slayyyyyy",110
"squid2",110
"oro",110
"ashley",110
"gabby",110
"address",109
"appreciate",109
"ong",109
"planet",109
"problems",109
"convention",109
"eater",109
"haven",109
"lied",109
"pridelaugh",109
"wit",109
"noticed",109
"dried",109
"exemgun",109
"exemrocker",109
"gigawake",109
"situation",109
"stain",109
"toe",109
"wwwwwwwwwww",109
"ermm",109
"exemphone",109
"pjsalt",109
"rayasiww",109
"reggie",109
"theres76noedancing",109
"hachuscanned",109
"48",108
"boots",108
"cheering",108
"contact",108
"due",108
"ed",108
"emmm",108
"etc",108
"ivy",108
"percent",108
"pinoy",108
"stance",108
"fffff",108
"mold",108
"danseparty",108
"lounge",108
"machines",108
"nyat",108
"sjelefrainbow",108
"skizzouk",108
"slayyyyyyy",108
"stable",108
"dock",108
"editors",108
"kat",108
"pshadydumper",108
"grubby",108
"lipstick",108
"bounce",107
"bruhhh",107
"burning",107
"dropping",107
"greatest",107
"heyy",107
"jobs",107
"legendary",107
"lid",107
"offer",107
"realize",107
"reference",107
"simulator",107
"slowly",107
"strange",107
"turkey",107
"woooooooo",107
"youuuu",107
"scripted",107
"dada",107
"flies",107
"nmpo",107
"setting",107
"shock",107
"wrist",107
"44",107
"midnight",107
"pi",107
"posted",107
"crew",107
"spreader",107
"toftbodance",107
"timtomlnomamasway",107
"beginning",106
"calls",106
"comfort",106
"rolls",106
"sarah",106
"tos",106
"uncle",106
"whatchamp",106
"competition",106
"dipping",106
"law",106
"meals",106
"scaring",106
"bf",106
"hahahhaha",106
"ohtani",106
"mhmmm",106
"molly",106
"sickness",106
"catsigh",106
"tdspopdancing3",106
"49",105
"anybody",105
"billion",105
"clouds",105
"diving",105
"jimmy",105
"mattress",105
"performance",105
"phase",105
"ssssss",105
"streamed",105
"windows",105
"describe",105
"lmaooooooooooo",105
"melt",105
"stickers",105
"thursday",105
"exit",105
"gyattt",105
"nop",105
"sticks",105
"devious",105
"ouuuu",105
"vedalwave",105
"spitthetruth",105
"brush",104
"co",104
"exist",104
"gambling",104
"loving",104
"lyrics",104
"peepoleave",104
"print",104
"reacts",104
"thirsty",104
"omgggggg",104
"proof",104
"broooo",104
"jus",104
"pffft",104
"pizzatime",104
"prove",104
"splash",104
"cr",104
"below",104
"plot",104
"stone",104
"susfrench",104
"tbangel",104
"vodka",104
"weatherspoons",104
"womp",104
"the5th8peepogiggles",104
"125",104
"audition",104
"agreed",103
"grapes",103
"onto",103
"rooms",103
"runner",103
"shocked",103
"sponge",103
"egypt",103
"shouldnt",103
"upset",103
"itself",103
"popping",103
"thin",103
"yumm",103
"emilly",103
"ohnalert",103
"uno",103
"citi",103
"hiiiiiii",103
"napkins",103
"recording",103
"robert",103
"strikes",103
"ohshit",103
"verbs",103
"yoxic",103
"fishh",103
"raecheer",103
"chairs",102
"compliment",102
"familiar",102
"painschamp",102
"potter",102
"rope",102
"tha",102
"deluxe",102
"aliendance",102
"cooksuxkekw",102
"furry",102
"gachibass",102
"gona",102
"mister",102
"ahhhhhh",102
"chatgpt",102
"dicktone",102
"scoop",102
"silence",102
"sized",102
"buttonmash",102
"oooooooooooo",102
"smiley",102
"beyondthevale",102
"btvcomic",102
"rae7",102
"vale",102
"weeeeeee",102
"keems",102
"ddgemotefineshyt",102
"69",101
"evening",101
"four",101
"germs",101
"heads",101
"instantly",101
"poll",101
"position",101
"scuffed",101
"strict",101
"trick",101
"wasting",101
"yoga",101
"leader",101
"peeposcared",101
"alveus",101
"coco",101
"member",101
"puta",101
"sunflower",101
"ummmm",101
"yummm",101
"buildings",101
"dankread",101
"fuswtf",101
"hellooo",101
"miami",101
"sadly",101
"shipping",101
"hachuw",101
"puzzles",101
"elote",101
"charizard",101
"tbpeanutanimpeanut",101
"2020",100
"800",100
"amen",100
"analysis",100
"countries",100
"example",100
"feelsbadman",100
"hunger",100
"mvp",100
"partying",100
"remind",100
"sm",100
"sniped",100
"wtfff",100
"pad",100
"chaotic",100
"mat",100
"valkyrae",100
"adults",100
"deaf",100
"faith",100
"hockey",100
"oopsie",100
"otw",100
"refreshing",100
"skipping",100
"fufuggboom",100
"gays",100
"myyy",100
"sparkles",100
"rowing",100
"41",99
"7k",99
"apart",99
"bruhh",99
"bullshit",99
"choke",99
"foul",99
"mild",99
"perfectly",99
"product",99
"sales",99
"showering",99
"slippers",99
"truly",99
"yee",99
"spinning",99
"420",99
"nmp7",99
"alcoholic",99
"busted",99
"regret",99
"agent's",99
"carried",99
"crashing",99
"diarrhea",99
"legends",99
"matches",99
"mrtac0head",99
"rosi",99
"twith",99
"waiter",99
"woahhh",99
"drooler",99
"1milli",99
"bacon",98
"beating",98
"crashed",98
"grade",98
"liver",98
"marvel",98
"overall",98
"prince",98
"turns",98
"tweet",98
"usual",98
"wedding",98
"would've",98
"talent",98
"clears",98
"complain",98
"grey",98
"impression",98
"obvious",98
"thumbs",98
"allo",98
"fence",98
"mass",98
"alveusblue",98
"exemtime",98
"ppeh",98
"trail",98
"whatttt",98
"1mil",98
"aime",98
"emilyo",98
"334",98
"whale",98
"xander",98
"canceled",97
"chest",97
"collabs",97
"crush",97
"dis",97
"festival",97
"overlay",97
"remote",97
"session",97
"thighs",97
"tim",97
"vacation",97
"false",97
"italy",97
"global",97
"mariodumper",97
"caps",97
"hospitality",97
"lemonade",97
"lmfaooooooo",97
"rareparrot",97
"aaah",97
"idiot",97
"log",97
"mp",97
"nmphands",97
"trapped",97
"applausebreak",97
"girll",97
"goblinjam",97
"icecream",97
"kaicnaenae",97
"liverpool",97
"seee",97
"knick",97
"exemawards",97
"brisket",97
"landing",97
"babies",96
"basket",96
"coins",96
"degree",96
"fights",96
"follower",96
"genuinely",96
"kelly",96
"peanut",96
"simply",96
"six",96
"smoked",96
"smol",96
"sore",96
"standard",96
"theory",96
"vanilla",96
"within",96
"opened",96
"pepegaphone",96
"bussers",96
"restroom",96
"slur",96
"alveuscheer",96
"drag",96
"kayak",96
"conniac1",96
"engagement",96
"escort",96
"explains",96
"rawkout",96
"sample",96
"seasoning",96
"timezone",96
"plunderground",96
"sorority",96
"asuna120whiteheart",96
"carlos",96
"granville",96
"01",95
"50k",95
"koncha",95
"major",95
"matching",95
"moly",95
"monkax",95
"prepared",95
"refund",95
"steve",95
"ton",95
"tru",95
"slap",95
"undercover",95
"casino",95
"howdy",95
"fanumlittnesss",95
"meee",95
"remembers",95
"success",95
"teddy",95
"vegetables",95
"alveusdance",95
"dengel2laffs",95
"height",95
"kumusta",95
"dorms",95
"djmarkoxrave",95
"april",94
"artist",94
"brazilian",94
"camp",94
"events",94
"ka",94
"showers",94
"specific",94
"tail",94
"testing",94
"separate",94
"acid",94
"chunky",94
"cigrip",94
"decision",94
"floating",94
"liar",94
"mrkeemsturdy",94
"wtff",94
"bigbrother",94
"canal",94
"hehehehe",94
"perfume",94
"ribs",94
"dramatic",94
"var",94
"bonkk",94
"mamdani",94
"qtcinderella",94
"yrgethisguy",94
"rug",94
"springs",94
"christ1447turnitup",94
"benjy",94
"eyebrows",93
"pays",93
"progress",93
"sayin",93
"understandable",93
"talkin",93
"rats",93
"begins",93
"elite",93
"grew",93
"jolibee",93
"nowhere",93
"portuguese",93
"recognize",93
"resident",93
"sassy",93
"victim",93
"clone",93
"zoizoichan",93
"alveusyellow",93
"cities",93
"crunchy",93
"fanta",93
"okayyy",93
"receiver",93
"recommend",93
"shoutout",93
"t10stare",93
"yassss",93
"jalen",93
"mabuhay",93
"shakira",93
"guitar",93
"bxhonccircle",93
"3pm",92
"5th",92
"alt",92
"delish",92
"duty",92
"exposure",92
"fantasy",92
"ik",92
"moments",92
"nike",92
"otherwise",92
"pikachu",92
"theme",92
"unlimited",92
"x2",92
"di",92
"fountain",92
"nmplul",92
"bra",92
"signed",92
"stray",92
"alveuspurple",92
"chonkbob",92
"infinite",92
"networking",92
"royal",92
"shippers",92
"wooow",92
"wordle",92
"ffzw",92
"hitchhike",92
"oatmeal",92
"allow",91
"bother",91
"burned",91
"crumbs",91
"gain",91
"heading",91
"ily",91
"letter",91
"naturally",91
"zoo",91
"survive",91
"6th",91
"keepo",91
"ot",91
"spotted",91
"wtffff",91
"arcade",91
"blend",91
"sisters",91
"snitched",91
"abg",91
"atp",91
"cups",91
"fearless",91
"plague",91
"pookie",91
"skull",91
"theagency5head",91
"theagencyagnc1",91
"boogers",91
"oma",91
"tews",91
"toll",91
"christ1447clockitt",91
"jkinsjedi",91
"burp",90
"chad",90
"cinnamon",90
"exemdab",90
"fps",90
"multi",90
"properly",90
"sending",90
"tells",90
"tmrw",90
"torture",90
"trend",90
"arrived",90
"ayyyyyy",90
"peepoawesome",90
"bon",90
"yyjhey",90
"effect",90
"gear",90
"hahaball",90
"trade",90
"amd",90
"horns",90
"jerry",90
"ooooooooooooo",90
"otter",90
"palette",90
"sjelefsway",90
"titanium",90
"vitamins",90
"ebike",90
"edc",90
"fluid",90
"dandink",90
"interact",90
"pudgie",90
"billy",89
"creative",89
"dab",89
"entertaining",89
"exact",89
"itchy",89
"nearly",89
"purse",89
"regardless",89
"ten",89
"flights",89
"banter",89
"cherry",89
"destroy",89
"diego",89
"luddy",89
"tube",89
"wym",89
"cleaned",89
"hypecheer",89
"peaches",89
"santa",89
"scratch",89
"squeeze",89
"waves",89
"aliensilly",89
"helly",89
"kkrikey",89
"oki",89
"pill",89
"rooting",89
"runnnnnn",89
"sidemen",89
"takingnotes",89
"berniesandersnocap",89
"pedal",89
"pokigoldcheer",89
"yrg",89
"idkk",89
"kimkniparty",89
"sets",89
"javi",89
"1080p",89
"oushit",89
"dammit",88
"extremely",88
"henry",88
"moms",88
"nailed",88
"nicer",88
"planning",88
"potential",88
"scores",88
"stack",88
"gorilla",88
"attached",88
"baited",88
"giveplz",88
"miz",88
"shirts",88
"yorker",88
"corgiderp",88
"doll",88
"samsung",88
"subprise",88
"vietnam",88
"woow",88
"emirusturdy",88
"exemcaught",88
"hpa",88
"raehi",88
"whenthelatinagyatclapsandjiggles",88
"windy",88
"yappin",88
"boooooo",88
"imtyping",88
"yourragegaming",88
"blackb159bblaugh",88
"artsyc4joker",88
"celebrate",87
"crunch",87
"falls",87
"handed",87
"hips",87
"jsut",87
"levels",87
"modern",87
"pulls",87
"term",87
"yessssssss",87
"carrying",87
"feelings",87
"shits",87
"aaaaaaaaa",87
"cement",87
"fusion",87
"grub",87
"hentai",87
"interested",87
"m8",87
"malena",87
"melting",87
"noises",87
"chewing",87
"damnnnn",87
"dates",87
"fanfjam",87
"granny",87
"meeee",87
"necklace",87
"raeclaps",87
"shyt",87
"motor",87
"peepoflute",87
"toadwide",87
"carbs",87
"freakyy",87
"ollie",87
"accidentally",86
"bury",86
"drowning",86
"dub",86
"float",86
"fumetsu",86
"keyboard",86
"marketing",86
"poison",86
"pour",86
"role",86
"youve",86
"holyyyy",86
"omw",86
"forks",86
"feelsokayman",86
"feelsweakman",86
"vitamin",86
"advil",86
"anal",86
"ar",86
"athletic",86
"clap2",86
"cramps",86
"fox",86
"mau5",86
"mole",86
"peepositgamer",86
"pillows",86
"squid4",86
"stool",86
"backkk",86
"dumplings",86
"rivals",86
"t10run",86
"crine",86
"glorpdance",86
"holidaytree",86
"tequila",86
"travis",86
"widedank",86
"emiruyay",86
"raedance",86
"extrae3cry",86
"999",85
"assume",85
"begwan",85
"boston",85
"desert",85
"design",85
"directions",85
"ems",85
"fires",85
"gooooooo",85
"project",85
"randomly",85
"realized",85
"shorter",85
"slug",85
"sunshine",85
"tears",85
"vote",85
"whose",85
"branch",85
"cardboard",85
"critic",85
"js",85
"owns",85
"truee",85
"cinnajam",85
"fatty",85
"pressed",85
"strays",85
"chase",85
"holidaysanta",85
"ovo",85
"seatbelt",85
"raewoo",85
"vroom",85
"bola",85
"benched",85
"stanle99sideeyestan",85
"breathing",84
"defense",84
"hereee",84
"indian",84
"ninja",84
"odd",84
"roasted",84
"rocket",84
"sleepy",84
"sober",84
"sort",84
"spike",84
"stacked",84
"related",84
"tunnel",84
"brings",84
"faces",84
"stock",84
"witch",84
"drivers",84
"glowing",84
"technique",84
"theyll",84
"007",84
"carrots",84
"connected",84
"exemnopers",84
"greece",84
"greg",84
"license",84
"mandarin",84
"petunia",84
"waters",84
"busge",84
"cinnasturdy",84
"guidance",84
"wave0",84
"traysowhat",84
"luds",84
"charm",83
"disease",83
"edits",83
"elephant",83
"gray",83
"hired",83
"items",83
"page",83
"presentation",83
"stressful",83
"study",83
"wha",83
"exbcgiggle",83
"moist",83
"stink",83
"suits",83
"85",83
"heyyyyy",83
"manure",83
"roach",83
"taht",83
"emirunoted",83
"herb",83
"naaah",83
"ragebaiting",83
"renndogclappi",83
"toilets",83
"vintage",83
"youu",83
"aired",83
"maple",83
"wherethebootyat",83
"parent",83
"army",82
"awhile",82
"cali",82
"cats",82
"champion",82
"continue",82
"folks",82
"quickly",82
"site",82
"yr",82
"bestie",82
"casual",82
"emm",82
"feelsweirdman",82
"mustache",82
"plain",82
"beaches",82
"colombia",82
"los",82
"mature",82
"skipped",82
"stabbed",82
"suite",82
"3mily",82
"besh",82
"damm",82
"footgoal",82
"girllll",82
"host",82
"ironic",82
"nicee",82
"ooop",82
"reporting",82
"usb",82
"yanited",82
"moneyrain",82
"montreal",82
"sting",82
"thugshaker",82
"blackr206sashapanic",82
"flonase",82
"jbl",82
"rimeyoink",82
"60fps",82
"miammhype2",82
"bold",81
"boop",81
"changes",81
"doc",81
"editing",81
"generic",81
"hers",81
"kills",81
"mistake",81
"mood",81
"np",81
"rolling",81
"sheets",81
"shitty",81
"sigh",81
"pretending",81
"bru",81
"fold",81
"zelda",81
"afternoon",81
"aliens",81
"education",81
"moo",81
"native",81
"palace",81
"african",81
"bah",81
"centre",81
"cloudy",81
"filmed",81
"hush",81
"peer",81
"samples",81
"tapped",81
"tourists",81
"tracking",81
"waitress",81
"haileenoapproves",81
"nasal",81
"exotic",81
"quack",81
"nicropog",81
"beauty",80
"became",80
"bieber",80
"chose",80
"covered",80
"deleted",80
"doggo",80
"dot",80
"edition",80
"fumetsuforvip",80
"secs",80
"sheeesh",80
"squad",80
"stays",80
"weren't",80
"wore",80
"wendys",80
"lamonting",80
"wwwwwwwwwwww",80
"wwwwwwwwwwwww",80
"abort",80
"frank",80
"rob",80
"vegas",80
"yyjl",80
"bla",80
"elp",80
"greetings",80
"homework",80
"loooooool",80
"mh",80
"pushed",80
"boiled",80
"hotspot",80
"influencer",80
"kay",80
"lizard",80
"mmmmmmm",80
"mushy",80
"plss",80
"snitching",80
"applied",80
"bricks",80
"evelyn331shakethat",80
"lin",80
"riots",80
"tuk",80
"peking",80
"zyrtec",80
"46",79
"accident",79
"active",79
"cents",79
"edible",79
"fantastic",79
"fo",79
"hail",79
"mayor",79
"mermaid",79
"planned",79
"plants",79
"woahh",79
"underground",79
"wideamogus",79
"areas",79
"greek",79
"immune",79
"lmaoooooooooooo",79
"se",79
"someones",79
"yard",79
"brainslug",79
"vegan",79
"2010",79
"crossing",79
"duet",79
"euro",79
"feelsbeanman",79
"feelsvi",79
"guessing",79
"holyy",79
"icecreamsogood",79
"siblings",79
"streamm",79
"theagencycry",79
"kittyjam",79
"ryancomebackhome",79
"saturn",79
"teasing",79
"turtle",79
"vlogs",79
"08",78
"balcony",78
"bears",78
"becoming",78
"category",78
"cracked",78
"exemsmh",78
"passing",78
"possibly",78
"roommate",78
"stopping",78
"stops",78
"tries",78
"yeahh",78
"doritos",78
"millions",78
"cab",78
"folded",78
"hahahahahahah",78
"huhhh",78
"ou",78
"primeme",78
"spa",78
"storm",78
"aa",78
"dehydrated",78
"frogs",78
"products",78
"shotgun",78
"trikool",78
"depressing",78
"flop",78
"pleaseeee",78
"pvp",78
"tasting",78
"waited",78
"wallahi",78
"alittle",78
"balances",78
"bribe",78
"cad",78
"sobwide",78
"yamidn",78
"nepo",78
"smokey",78
"tomahawk",78
"bottles",77
"butterfly",77
"donate",77
"helpful",77
"llol",77
"murder",77
"painting",77
"pogslide",77
"scammer",77
"smash",77
"bench",77
"drummer",77
"bun",77
"halloween",77
"item",77
"october",77
"potatoes",77
"shhhh",77
"carefull",77
"duckerz",77
"gasp",77
"glove",77
"inch",77
"joker",77
"loaded",77
"arch",77
"baiting",77
"dbz",77
"dishes",77
"ebriusrex",77
"firsttimechatter",77
"halftime",77
"pan",77
"ratings",77
"shhh",77
"surelyurjokingmrfeynman",77
"grand",77
"jean",77
"markusking",77
"nolan",77
"portland",77
"dansocute",77
"eggplant",77
"tbpeanutpeanutfulldance",77
"theagencygift",77
"queens56eating",77
"sierra130fineshyt",77
"milkkrage",77
"47",76
"blocks",76
"consistent",76
"delusional",76
"embarrassing",76
"hint",76
"hoes",76
"laptop",76
"mon",76
"mushroom",76
"scamming",76
"struggle",76
"throws",76
"werent",76
"glodge",76
"aah",76
"brooklyn",76
"crisp",76
"cus",76
"darn",76
"emma",76
"jinx",76
"merci",76
"premium",76
"swiftrage",76
"wondering",76
"ducks",76
"gamerwheels01",76
"hahhaha",76
"hairy",76
"oven",76
"rays",76
"serioussloth",76
"activities",76
"crashout",76
"dasani",76
"diabolical",76
"lollllll",76
"queens",76
"thst",76
"vaping",76
"alveusnote",76
"nascar",76
"nostril",76
"diabetic",76
"emilyccandimissyou",76
"suitcase",76
"kaicfiremgm",76
"06",75
"59",75
"aswell",75
"bat",75
"bathtub",75
"bland",75
"brothers",75
"choking",75
"collect",75
"dentist",75
"extreme",75
"fed",75
"gates",75
"gifters",75
"held",75
"invest",75
"lsf",75
"peepocomfy",75
"petition",75
"platform",75
"ripped",75
"slayer",75
"switzerland",75
"vrlc96",75
"yeet",75
"zoomers",75
"fool",75
"spare",75
"sperm",75
"crabpls",75
"flavors",75
"lmfaoooooooo",75
"microwave",75
"sue",75
"behavior",75
"bleach",75
"echo",75
"flew",75
"stroke",75
"agenttt",75
"coool",75
"cursing",75
"din",75
"engine",75
"factory",75
"kittyhype",75
"mena",75
"mikeintheuk",75
"nugget",75
"pagbounce",75
"timeee",75
"tpfufun",75
"vice",75
"visiting",75
"2020snacking",75
"balright",75
"nyanpls",75
"waldo",75
"swollen",75
"stalemate",75
"54",74
"86",74
"checks",74
"decide",74
"distracted",74
"elegiggle",74
"enter",74
"hee",74
"information",74
"noooooooooo",74
"overheating",74
"present",74
"scott",74
"taught",74
"tearglove",74
"walls",74
"poooound",74
"survived",74
"weirdos",74
"ankles",74
"cuuute",74
"lesson",74
"parasocial",74
"peepohappier",74
"powder",74
"spank",74
"thrown",74
"tripping",74
"tyler",74
"yuhhh",74
"aaaaaaaaaaaaa",74
"bacteria",74
"carpet",74
"exemnotlikethis",74
"giga",74
"mizkifcow",74
"motionlesscleanladieshassaanchop",74
"toss",74
"crust",74
"engaged",74
"ermmmm",74
"fairy",74
"links",74
"madagascar",74
"niceeee",74
"nigel",74
"peoples",74
"prettyyy",74
"reallybruh",74
"samham2w",74
"silky",74
"tofu",74
"emirae",74
"ewing",74
"lechuga",74
"philippine",74
"tang",74
"thatboumark",74
"debpchew",74
"rdclogo",74
"salts",74
"30k",73
"53",73
"babe",73
"context",73
"couldn",73
"exemjam",73
"gah",73
"geez",73
"goddamn",73
"mcdonald",73
"miller",73
"topic",73
"uncomfortable",73
"yoooooo",73
"abit",73
"blush",73
"exem5head",73
"ultra",73
"embrace",73
"juicer",73
"myavatar",73
"puppies",73
"revenge",73
"shiii",73
"fella",73
"fishy",73
"poisoning",73
"que",73
"queue",73
"texan",73
"alo",73
"devil",73
"imglitch",73
"nooba",73
"rainbow",73
"shiet",73
"spirit",73
"t10danse",73
"tism",73
"vat",73
"wc",73
"zetai1",73
"90s",73
"motorcycle",73
"bungee",73
"verde",73
"pd",73
"deme",73
"fatteh",73
"dweeb",73
"bgoatditto",73
"98",72
"bots",72
"divine",72
"est",72
"farting",72
"financial",72
"ft",72
"jello",72
"lolxd",72
"promise",72
"relationship",72
"replace",72
"research",72
"sketchy",72
"that'll",72
"vibing",72
"jan",72
"cheek",72
"agane",72
"diamond",72
"gud",72
"innocent",72
"un",72
"walkin",72
"brutal",72
"budget",72
"dans",72
"defo",72
"drown",72
"hahahahahha",72
"mizkifnow",72
"shrek",72
"amex",72
"asss",72
"bravo",72
"emilyyyyyyyy",72
"outdoor",72
"pharmacy",72
"soonerlater",72
"thirst",72
"threads",72
"trafford",72
"yupp",72
"aaaah",72
"deodorant",72
"mijo",72
"misssh49aliens",72
"oink",72
"refs",72
"ski",72
"capmaggot",72
"dimsum",72
"imax",72
"pancit",72
"djmarkoxball",72
"bora",72
"05",71
"android",71
"chances",71
"creators",71
"delivery",71
"depressed",71
"filled",71
"holland",71
"package",71
"raven",71
"reflection",71
"signature",71
"useless",71
"asks",71
"7tv",71
"protection",71
"socka",71
"bare",71
"brokeback",71
"bruhmm",71
"dox",71
"fu",71
"lll",71
"scroll",71
"snakes",71
"technology",71
"thr",71
"bst",71
"fluent",71
"fumble",71
"gar",71
"hiiiiiiii",71
"planes",71
"wink",71
"oooooooooooooo",71
"raeletsgo",71
"sheanomonch",71
"winniehuh",71
"boats",71
"kamusta",71
"boost",70
"costs",70
"dino",70
"dye",70
"glod",70
"hopping",70
"irish",70
"overwhelmed",70
"rick",70
"tmr",70
"tons",70
"whys",70
"youd",70
"omegaluliguess",70
"awareness",70
"crab",70
"hasan",70
"peepotalk",70
"popo",70
"available",70
"backk",70
"baseg",70
"bees",70
"blew",70
"bonus",70
"catsit",70
"expecting",70
"minus",70
"serial",70
"underwater",70
"bih",70
"dan53ca",70
"ggg",70
"gps",70
"greens",70
"hike",70
"jb",70
"nmpfat",70
"optional",70
"serving",70
"theagencyjump",70
"76",70
"contagious",70
"hiking",70
"itsmar125aurafarm",70
"lightning",70
"lookings",70
"maxxing",70
"hygiene",70
"cutegdiamond",70
"sennykdance",70
"vikings",70
"emirubonk",70
"redcard",70
"celinfrank",70
"gio",70
"ownership",70
"blu9chatparty",70
"03",69
"09",69
"bday",69
"becomes",69
"cheat",69
"condom",69
"glitch",69
"kawaii",69
"messing",69
"mount",69
"prep",69
"prepare",69
"reliable",69
"scams",69
"studying",69
"thousands",69
"tummy",69
"tune",69
"liek",69
"dogjam",69
"alerts",69
"ash",69
"borrow",69
"chemicals",69
"feeding",69
"hypepopcorn",69
"kirby",69
"liking",69
"voices",69
"bbc",69
"clancy",69
"exemtrap",69
"forsenpls",69
"gaga",69
"gut",69
"pogg",69
"slice",69
"stalking",69
"syndrome",69
"connections",69
"emirulook",69
"eve",69
"fame",69
"marry",69
"messyyy",69
"pastry",69
"rail",69
"surf",69
"whattaahfuck",69
"yummmm",69
"hyperjammyw",69
"navy",69
"nelly",69
"seahawks",69
"raebum2",69
"ddooyamusic",69
"djokahype",69
"ahah",68
"ambulance",68
"blast",68
"dumbass",68
"everyone's",68
"finishing",68
"fist",68
"flick",68
"gimme",68
"globe",68
"ham",68
"komodohype",68
"miserable",68
"spoiled",68
"spoke",68
"starving",68
"stoppp",68
"upper",68
"upside",68
"woods",68
"exemmald",68
"yeahhhh",68
"loop",68
"diesofcringe",68
"destination",68
"laughed",68
"mascot",68
"tops",68
"cartoon",68
"choices",68
"coded",68
"daaamn",68
"gods",68
"instructions",68
"leek",68
"pleaseee",68
"stands",68
"tht",68
"uhhhhh",68
"weebs",68
"contract",68
"fent",68
"giveaway",68
"shared",68
"shine",68
"sidequest",68
"survival",68
"valley",68
"alveushey",68
"baang",68
"elismodcheck",68
"markusss",68
"tahahah",68
"vlogger",68
"funnel",68
"rageee",68
"viking",68
"widesink",68
"rdcwes",68
"tiana",68
"jessica",68
"8k",67
"activity",67
"avatar",67
"bb",67
"costume",67
"created",67
"criminal",67
"dating",67
"drool",67
"elbow",67
"epicthegamer15",67
"finale",67
"funniest",67
"holder",67
"image",67
"pokimane",67
"rank",67
"scrolling",67
"sf",67
"thousand",67
"removed",67
"answers",67
"kicks",67
"poopy",67
"snatched",67
"woooow",67
"footage",67
"gene",67
"looooooool",67
"lungs",67
"porn",67
"sharp",67
"tested",67
"clubbing",67
"emz",67
"heli",67
"megaconsume",67
"okayy",67
"plssss",67
"theagencyflashbang",67
"upgrade",67
"plottime",67
"emirupls",67
"lawyer",67
"edges",67
"soaking",67
"seaweed",67
"lever",67
"puto",67
"lint",67
"knutmoney",67
"dexa",67
"addiction",66
"birth",66
"bitches",66
"bot",66
"exists",66
"goooooooo",66
"jumpscare",66
"karma",66
"oooooh",66
"terms",66
"tomatoes",66
"vision",66
"waht",66
"wears",66
"wrote",66
"youtu",66
"heal",66
"5g",66
"besides",66
"cape",66
"joining",66
"kong",66
"mam",66
"nonono",66
"wo",66
"cuck",66
"dodge",66
"gamble",66
"hose",66
"lambo",66
"lion",66
"potting",66
"rlytho",66
"stamina",66
"towels",66
"violintime",66
"1million",66
"collection",66
"coughs",66
"jtw",66
"knutdance",66
"nmpwut",66
"piccadilly",66
"whiskey",66
"woahhhh",66
"cinnadance",66
"counselor",66
"fslr",66
"katchiiclap",66
"petite",66
"theres76lmao",66
"fritter",66
"lune",66
"mraxp",66
"endurance",66
"okada",66
"wub",66
"christ1447timeout",66
"sprouts",66
"mookie",66
"ee4su2",66
"84",65
"anthem",65
"belong",65
"charged",65
"doordash",65
"entertainment",65
"exchange",65
"government",65
"helll",65
"overthinking",65
"puts",65
"ruining",65
"trailer",65
"bananas",65
"seemed",65
"wendy's",65
"personally",65
"ayooooo",65
"charging",65
"chefs",65
"cos",65
"feast",65
"fighter",65
"kaicenat",65
"pikaomg",65
"texture",65
"aisle",65
"austinshow",65
"beard",65
"bent",65
"hmmcouncil",65
"lads",65
"male",65
"noone",65
"nooooooooooo",65
"reactions",65
"successful",65
"sureee",65
"backkkk",65
"glazed",65
"hol",65
"keeem",65
"petpet",65
"stopp",65
"streammmm",65
"theagencypanic",65
"widetime",65
"wowmom",65
"kpoplove",65
"periodddddd",65
"vanderz7",65
"yo's",65
"yyjcycling",65
"itskatchii",65
"broth",65
"aquino",65
"mufasa",65
"hoco",65
"02",64
"1v1",64
"51",64
"adds",64
"ahhhhhhh",64
"ari",64
"backyard",64
"badges",64
"brows",64
"complaining",64
"considered",64
"darker",64
"dash",64
"detected",64
"graduated",64
"lemme",64
"ops",64
"painful",64
"pronounced",64
"scenic",64
"straw",64
"subathon",64
"we've",64
"neondance",64
"actress",64
"incident",64
"paranoid",64
"peeing",64
"positivity",64
"powerful",64
"te",64
"choppy",64
"clover",64
"cocaine",64
"emirusubs",64
"russle",64
"sennykwiggle",64
"starter",64
"trolley",64
"youdontsay",64
"11pm",64
"beatles",64
"bonita",64
"bubbles",64
"bump",64
"chewy",64
"cokeshakey",64
"davies",64
"kaileighfranjam",64
"kekvibe",64
"motel",64
"nail",64
"nmpnmp",64
"notebook",64
"soooooo",64
"spectrum",64
"theagencylaugh",64
"alveus4k",64
"camerman",64
"frosty",64
"kylie",64
"markussss",64
"mewing",64
"ottawa",64
"zendaya",64
"crib",64
"lavender",64
"siebe",64
"vr",64
"tpain",64
"djmarkoxfire2",64
"lilbbt1pika",64
"cinnareverse",64
"castle",63
"could've",63
"destroyed",63
"dm",63
"easiest",63
"ey",63
"frogwalk",63
"headphones",63
"mushrooms",63
"passion",63
"puppy",63
"ritz",63
"speech",63
"streamelements",63
"ups",63
"smokes",63
"cried",63
"gaslight",63
"grocery",63
"hahha",63
"meth",63
"scammers",63
"hazard",63
"hotels",63
"lmfaooooooooo",63
"opp",63
"sock",63
"adrian",63
"ahahahahah",63
"ap",63
"brudda",63
"earthy",63
"ebay",63
"edging",63
"emceehammer",63
"flavour",63
"midol",63
"pills",63
"pudding",63
"sjelefyehaw",63
"tylenol",63
"cinnaforeheaddance",63
"hustle",63
"pinky",63
"mound",63
"trek",63
"lumpia",63
"leorio",63
"backup",62
"bigbaby",62
"bruhhhh",62
"buffet",62
"cycle",62
"dies",62
"direct",62
"exemcozy",62
"fuk",62
"highest",62
"mistakes",62
"nfl",62
"ohhhhhh",62
"physical",62
"respond",62
"thingy",62
"vids",62
"explode",62
"powers",62
"encore",62
"bias",62
"bust",62
"chickens",62
"cloned",62
"disaster",62
"infront",62
"nahhhhh",62
"rolled",62
"shouldn",62
"stronger",62
"bullying",62
"goto",62
"hachuwave",62
"joever",62
"justice",62
"weeb",62
"13k",62
"abobadespair",62
"acquired",62
"bouncer",62
"braindead",62
"crossed",62
"funnn",62
"glow",62
"goats",62
"magnet",62
"mee",62
"momoplushtailwag",62
"pa",62
"propaganda",62
"sang",62
"snitches",62
"squid3",62
"ther",62
"welll",62
"zesty",62
"nj",62
"nuggepi",62
"onn",62
"tawwww",62
"cholesterol",62
"grace",62
"russels",62
"laiiilwigglecat",62
"christ1447shakethembones",62
"ccr",62
"emirugaze",62
"aaaaaaaaaaaa",61
"apps",61
"backflip",61
"bathrooms",61
"blessed",61
"corrupt",61
"das",61
"drum",61
"factor",61
"hallo",61
"healthcare",61
"init",61
"iq",61
"journey",61
"laying",61
"meanwhile",61
"mondays",61
"portion",61
"raided",61
"slept",61
"spring",61
"stan",61
"wassup",61
"yayyyyyyy",61
"mcdonald's",61
"jebasted",61
"willysilog",61
"kappaross",61
"burself",61
"commercial",61
"district",61
"pedestrian",61
"pika",61
"plush",61
"pole",61
"bins",61
"ewwwwwwww",61
"hawks",61
"ome",61
"spoiler",61
"stinks",61
"teen",61
"1am",61
"booooooo",61
"cone",61
"emgents",61
"gem",61
"heyyyyyy",61
"l0l",61
"olympics",61
"polom",61
"smiles",61
"swarmed",61
"vamos",61
"voyage",61
"2027",61
"canadians",61
"cherie",61
"dancaught",61
"kendrickpls",61
"lostlisteningtomusic",61
"janitors",61
"bwynn2bwcaughtin4k",61
"funnymike",61
"adobo",61
"novagraciejig",61
"hachumap",61
"ellysa",61
"jessica49crymeariver",61
"9pm",60
"controller",60
"difficult",60
"farted",60
"fave",60
"generation",60
"highway",60
"hip",60
"hundred",60
"lately",60
"logo",60
"lurk",60
"pridepog",60
"route",60
"shoulders",60
"sixstringbrian",60
"smelly",60
"stamp",60
"suspicious",60
"adios",60
"emilio",60
"flashbacks",60
"gaslighting",60
"gawd",60
"mixing",60
"mug",60
"ohno",60
"pouring",60
"sneaky",60
"snorlax",60
"beg",60
"ern",60
"et",60
"excuses",60
"roast",60
"screwed",60
"stemheading",60
"travelling",60
"720p",60
"agentttt",60
"besties",60
"concentrate",60
"crazyyy",60
"discovery",60
"draft",60
"extralife",60
"haga",60
"jamaican",60
"kapow",60
"ko",60
"limited",60
"messages",60
"moana",60
"oz",60
"picadilly",60
"unhealthy",60
"variant",60
"debt",60
"divorce",60
"ermbased",60
"gentle",60
"jerbeargirl",60
"squidward",60
"wuhan",60
"comedyritty2",60
"keem's",60
"santi",60
"aozami",60
"purple1280bleh",60
"pirate",60
"christ1447moveit",60
"entrapment",60
"theres76freakyduck",60
"2000",59
"2500",59
"4pm",59
"6k",59
"baller",59
"blink",59
"cell",59
"characters",59
"cloud",59
"dryer",59
"figured",59
"generous",59
"higa",59
"january",59
"mi",59
"okayyyy",59
"puzzle",59
"suffering",59
"teachers",59
"thee",59
"hihi",59
"sentence",59
"sleeves",59
"concrete",59
"dancer",59
"fck",59
"investment",59
"mizkifhypers",59
"rains",59
"slime",59
"aaaaaaaaaaa",59
"caring",59
"chopper",59
"comin",59
"exemdank",59
"exemdeadge",59
"happiness",59
"helloooo",59
"lethimcook",59
"nick's",59
"pixels",59
"soaked",59
"triangle",59
"understands",59
"7pm",59
"bands",59
"bitter",59
"crumble",59
"demonic",59
"emmmm",59
"exemyeet",59
"kissed",59
"pho",59
"scuba",59
"tahts",59
"tommy",59
"123",59
"berticusswarning",59
"deeps1n",59
"offset",59
"raecool",59
"recap",59
"skims",59
"720",59
"glucose",59
"hobbit",59
"peepositpizza",59
"andrew",59
"badgec1leg",59
"kwek",59
"christ1447lmaooo",59
"ludwigtantrum",59
"pitching",59
"3d",58
"episodes",58
"flirting",58
"follows",58
"here's",58
"judging",58
"losers",58
"lover",58
"meaning",58
"obama",58
"radio",58
"sight",58
"spell",58
"yu",58
"spitting",58
"andrea",58
"condition",58
"copiumtruck",58
"dedicated",58
"emo",58
"fitting",58
"grande",58
"inches",58
"letsgooo",58
"overpriced",58
"owned",58
"twisted",58
"asmongold",58
"camping",58
"crreamawk",58
"eagle",58
"fbblock",58
"loses",58
"pity",58
"potty",58
"sleeve",58
"typing",58
"wayy",58
"behave",58
"cane",58
"ceiling",58
"char",58
"chomper",58
"dooo",58
"energetic",58
"fought",58
"hahahaa",58
"hyped",58
"intimate",58
"ksi",58
"manners",58
"military",58
"sureeee",58
"viseryscount",58
"wi",58
"wouldve",58
"amour",58
"gpt",58
"mountains",58
"mrsweetemcel",58
"comedyritty1",58
"gj",58
"mrajedi",58
"rage's",58
"reverb",58
"yrgeslow",58
"emirucurl",58
"frankerz",58
"180",57
"8pm",57
"activated",57
"alll",57
"bouncing",57
"cockroach",57
"collecting",57
"drove",57
"engineering",57
"european",57
"exemclown",57
"fee",57
"gracias",57
"graywall",57
"halfway",57
"lactose",57
"nicki",57
"pepegadriving",57
"showered",57
"spending",57
"tab",57
"wowee",57
"zooming",57
"raising",57
"singers",57
"childhood",57
"esfandpls",57
"imdonelol",57
"muffin",57
"purchase",57
"towns",57
"wayyyyy",57
"yorkers",57
"gallons",57
"hahhahaha",57
"inception",57
"itttttt",57
"jerk",57
"jim",57
"smarter",57
"taiwan",57
"bartender",57
"beers",57
"beside",57
"bottled",57
"bricked",57
"cray",57
"create",57
"davidcada",57
"ell",57
"fineee",57
"frugal",57
"katchiinom",57
"lotion",57
"madam",57
"med",57
"obsessed",57
"rng",57
"souvenir",57
"theater",57
"trains",57
"waving",57
"writing",57
"bridges",57
"clippers",57
"doable",57
"emirujam",57
"hoppers",57
"jeremy",57
"mew",57
"obese",57
"poudii",57
"tims",57
"tire",57
"uncs",57
"vampire",57
"accountability",57
"edward",57
"mandamireumhm",57
"emleh",57
"pabili",57
"rotten",57
"135",57
"catali49picklepoke",57
"aggressive",56
"blown",56
"career",56
"facetime",56
"forms",56
"hardest",56
"houses",56
"hunter",56
"les",56
"misses",56
"peeps",56
"plugged",56
"remix",56
"screw",56
"tear",56
"ヮ",56
"ancient",56
"buffalo",56
"cyrd",56
"dmca",56
"enemy",56
"hardly",56
"helloo",56
"nypd",56
"wwwwwwwwwwwwwww",56
"2023",56
"billionaire",56
"ffffff",56
"lifting",56
"manual",56
"squid1",56
"tony",56
"yaay",56
"yepp",56
"aldentge",56
"attitude",56
"becareful",56
"coz",56
"fate",56
"helppp",56
"infected",56
"motionnn",56
"mraboo",56
"palate",56
"pier",56
"relatable",56
"surry",56
"teaaa",56
"tracks",56
"uppp",56
"wowwwww",56
"clapping",56
"curfew",56
"hihand",56
"jays",56
"pz",56
"s00n",56
"z0weemama",56
"dedication",56
"snotily",56
"emilyisnthere",56
"imbibed",56
"protest",56
"bats",56
"cuffem",56
"skytrain",56
"97",55
"9k",55
"aunt",55
"balloon",55
"bish",55
"chili",55
"drift",55
"emotional",55
"fatpanda",55
"lack",55
"letsgoooo",55
"lurkin",55
"lvl",55
"parks",55
"raisin",55
"rated",55
"refresh",55
"remembered",55
"respectfully",55
"shaved",55
"she'd",55
"strats",55
"tanoshikatta94",55
"updates",55
"youuuuu",55
"yrs",55
"2014",55
"channels",55
"52",55
"2222",55
"approved",55
"baked",55
"creamy",55
"croissant",55
"homies",55
"logic",55
"mercy",55
"oml",55
"penis",55
"pew",55
"pint",55
"recognized",55
"waffle",55
"wahoo",55
"911",55
"burns",55
"compost",55
"construction",55
"flush",55
"hypenom",55
"knocked",55
"members",55
"overtime",55
"starlink",55
"ted",55
"affordable",55
"bnrlmao",55
"busses",55
"compliments",55
"desserts",55
"exemstare",55
"fest",55
"glazing",55
"grumpy",55
"hacker",55
"mai",55
"oda",55
"scooters",55
"sims",55
"supermarket",55
"timed",55
"yaaa",55
"amo",55
"deansocool",55
"jeremiah",55
"pranks",55
"someone's",55
"ufc",55
"shaped",55
"coals",55
"skeletal",55
"frodo",55
"vader",55
"pizzaaaaappgdance",55
"didhe",55
"5000",54
"believed",54
"cmonbruh",54
"comp",54
"confusing",54
"exempray",54
"filling",54
"gravity",54
"hoping",54
"monsters",54
"okey",54
"port",54
"practicing",54
"raptors",54
"shadow",54
"shave",54
"shook",54
"sucked",54
"toddler",54
"trippin",54
"aroni",54
"cuuuute",54
"gooood",54
"nicest",54
"nuggies",54
"popped",54
"yello",54
"adding",54
"brooooo",54
"buried",54
"crusty",54
"dairy",54
"device",54
"ferrari",54
"guru",54
"imaginary",54
"lakers",54
"mayas",54
"menace",54
"periods",54
"trunk",54
"wishes",54
"yyjbloodtrail",54
"cameramen",54
"chi",54
"emileh",54
"gynechiatrist",54
"hittin",54
"horsing",54
"lessons",54
"mainly",54
"ping",54
"prettyyyy",54
"supreme",54
"tooth",54
"vocals",54
"babyme2papaya",54
"bail",54
"bills",54
"directors",54
"edited",54
"huzz",54
"nasasparkle",54
"suspicion",54
"tabarnak",54
"exembook",54
"goonie",54
"primatepaige",54
"paraguay",54
"djx",54
"blu9eee",54
"percentile",54
"monorail",54
"bikemogged",54
"anus",53
"apologize",53
"apples",53
"cmfp41",53
"fbi",53
"ghosts",53
"gif",53
"hogwarts",53
"iced",53
"mc",53
"mint",53
"nod",53
"octopus",53
"perform",53
"profit",53
"rod",53
"savings",53
"sneeze",53
"sweater",53
"tis",53
"youtubers",53
"wooooooooo",53
"costa",53
"hahahahhaha",53
"indoor",53
"muy",53
"odds",53
"sodium",53
"zip",53
"anytime",53
"balloons",53
"dud",53
"fkn",53
"idiots",53
"lens",53
"lowes",53
"playlist",53
"responsible",53
"tin",53
"unsafe",53
"cookin",53
"enri211",53
"exemflipped",53
"flashback",53
"gtfo",53
"hundreds",53
"lyft",53
"mili",53
"pubs",53
"suree",53
"whattttt",53
"bahhh",53
"christ1447lgbtq",53
"donkjam",53
"emiruddr",53
"looncrow",53
"mightavibeout",53
"pheonixelg10",53
"sultan",53
"elisstranglingchorm",53
"genetic",53
"leeked",53
"stableronaldo",53
"stunning",53
"gabswiggle",53
"giggles",53
"noah",53
"earl",53
"rageeee",53
"djmarkoxpengy",53
"soju",53
"lilmol3hearthands",53
"jojo",53
"tren",53
"sukiimglitch",53
"ivars",53
"04",52
"10000",52
"confirm",52
"economy",52
"flavored",52
"lbs",52
"ludwigs",52
"pockets",52
"register",52
"russian",52
"settings",52
"whip",52
"username",52
"slick",52
"boutta",52
"facial",52
"raiding",52
"reads",52
"whaaat",52
"wierd",52
"yesssssssss",52
"embarrassed",52
"backseat",52
"blabbering",52
"inhale",52
"inner",52
"lok",52
"matt",52
"rotate",52
"safely",52
"seeds",52
"wheels",52
"wizard",52
"accents",52
"ayyyyyyy",52
"blinked",52
"flame",52
"hereeee",52
"hong",52
"leaveee",52
"merica",52
"nd",52
"oooooooooooooooo",52
"sahara",52
"stopppp",52
"surrounded",52
"theagencymickey",52
"twitchlit",52
"uuu",52
"yeaa",52
"chaivibez",52
"competitive",52
"earthquake",52
"mahal",52
"marriage",52
"spawned",52
"stylist",52
"yonose",52
"ark",52
"mayahiok",52
"bbygir12edmmusic",52
"catali49dj",52
"tonk",52
"sheltonvibin",52
"caviar",52
"lions",52
"1mill",52
"graceful",52
"whales",52
"bens",52
"viperusw",52
"hastings",52
"fizzeepop",52
"cannonball",52
"custom",51
"directly",51
"exemarm1",51
"fuel",51
"genes",51
"goodluck",51
"joseph",51
"monkey",51
"netflix",51
"poops",51
"quiz",51
"recent",51
"rlly",51
"smith",51
"spilled",51
"stretch",51
"tests",51
"underneath",51
"yass",51
"4love",51
"annoyed",51
"appears",51
"clothing",51
"corruption",51
"crazyyyy",51
"hd",51
"magical",51
"maker",51
"opportunity",51
"opps",51
"temp",51
"autopilot",51
"badass",51
"brits",51
"emoji",51
"finds",51
"frequencies",51
"genuine",51
"hahahahahahha",51
"infection",51
"peed",51
"ruh",51
"swallow",51
"symptoms",51
"tk",51
"wade",51
"500k",51
"cooks",51
"dgaf",51
"dogshit",51
"droidoptix",51
"eminem",51
"hahahhaa",51
"hobby",51
"jasontheween",51
"kia",51
"kit",51
"mentality",51
"omggggggg",51
"shithole",51
"spoil",51
"applying",51
"gdolphboom",51
"h0rst1",51
"mentos",51
"pilipins",51
"registration",51
"riggla",51
"shotojam",51
"stomped",51
"t1",51
"yaaaa",51
"highfive",51
"spatula",51
"croatia",51
"embryo",51
"atmopshere0",51
"benji",51
"bryce",51
"peepospain",51
"blu9chicken",51
"celebration",50
"chasing",50
"church",50
"ditch",50
"gotcha",50
"heated",50
"highschool",50
"ikr",50
"jonnykcheer",50
"lotta",50
"pepog",50
"predict",50
"recipe",50
"september",50
"stood",50
"useful",50
"wallet",50
"2012",50
"sunlight",50
"approach",50
"ca",50
"closest",50
"courage",50
"dining",50
"drawing",50
"exemdies",50
"ftw",50
"hollywood",50
"kfc",50
"meeeee",50
"saiyan",50
"scale",50
"slurp",50
"snotty",50
"tennis",50
"trusting",50
"wipes",50
"yoyo",50
"attacked",50
"awwwwwwww",50
"capybara",50
"cider",50
"doxxed",50
"headed",50
"hswp",50
"kung",50
"saves",50
"scoliosis",50
"source",50
"surgery",50
"task",50
"tripod",50
"warriors",50
"weights",50
"wwe",50
"80s",50
"alr",50
"assss",50
"auraaa",50
"aweeee",50
"bae",50
"blunt",50
"catgroove",50
"crosswalk",50
"denzhypride",50
"dial",50
"fanfslay",50
"generally",50
"girlllll",50
"ishowspeed",50
"jinxed",50
"meats",50
"nothin",50
"phonge",50
"recreate",50
"tattoo",50
"wil",50
"alveuscorn",50
"cheerleader",50
"emergency",50
"fatfanho",50
"filipina",50
"intros",50
"mmadeoc",50
"prada",50
"raemhm",50
"tsk",50
"yelp",50
"claire",50
"debussy",50
"deshae",50
"therea5116bigws",50
"ww5",50
"pdt",50
"yan",50
"christ1447tweek",50
"unreliable",50
"a5",50
"t10pain",50
"tvus",50
"bedbug",50
"2021",49
"56",49
"alligator",49
"assist",49
"counting",49
"display",49
"expired",49
"fastest",49
"invested",49
"kansas",49
"kekwait",49
"lu",49
"metro",49
"musk",49
"pogyou",49
"sheep",49
"stats",49
"switching",49
"senior",49
"cooksuxchamp",49
"corners",49
"exemarm2",49
"exemcool",49
"kart",49
"lmaaooo",49
"loooooooooool",49
"noooooooooooo",49
"soggy",49
"thug",49
"thunder",49
"plank",49
"consider",49
"digital",49
"forsure",49
"funeral",49
"goku",49
"holds",49
"hooligan",49
"pitcher",49
"replaced",49
"runners",49
"scamba",49
"tt",49
"aussie",49
"celebrating",49
"dc",49
"dna",49
"ginge",49
"innn",49
"katchiiplotting",49
"lasted",49
"lolllllll",49
"ofccc",49
"partytime",49
"pony",49
"portal",49
"roblox",49
"rocky",49
"rooftop",49
"runny",49
"sensitive",49
"somthing",49
"tokyo",49
"tyla212",49
"woulda",49
"bod",49
"consuelaa",49
"cte",49
"injured",49
"interviews",49
"locations",49
"models",49
"peepofoil",49
"retro",49
"spidey",49
"trips",49
"wu",49
"coochie",49
"megamind",49
"angkas",49
"disowned",49
"toftboclaps",49
"bonding",49
"emilyccwut",49
"1080",49
"lovercrybaby2",49
"playable",49
"fanfrope",49
"beaver",48
"charity",48
"khaled",48
"march",48
"maze",48
"nicrobless",48
"november",48
"pat",48
"playin",48
"reply",48
"shambles",48
"teleport",48
"unlucky",48
"variety",48
"whens",48
"ages",48
"cyrshook",48
"matrix",48
"hoo",48
"ir",48
"peek",48
"pricey",48
"proto",48
"bowling",48
"ab",48
"blud",48
"bugging",48
"cpicsdance",48
"loads",48
"lolo",48
"tehepelo",48
"tuned",48
"users",48
"40k",48
"andmyeyesgoinandoutininandoutnowdoalittleshakyshakywowwowwow",48
"champions",48
"cuteeeeee",48
"dangerdance",48
"dora",48
"ehh",48
"emiy",48
"fanumsaucy",48
"flake",48
"froze",48
"fruits",48
"futbol",48
"grats",48
"honor",48
"lawd",48
"meetup",48
"messyyyy",48
"nicetry",48
"pointing",48
"takenrg",48
"understood",48
"unfortunate",48
"venue",48
"viva",48
"weapon",48
"wowie",48
"cheapily",48
"definatly",48
"emilyccrun",48
"empoa",48
"glitter",48
"jordyn",48
"smth",48
"sodamhm",48
"heels",48
"mrarave",48
"davisss",48
"exembaker",48
"vietnamese",48
"emirugiga",48
"moba",48
"pos",48
"bendadon",48
"barton",48
"cornwood",48
"jennie",48
"puget",48
"3am",47
"57",47
"according",47
"boot",47
"carlsmile",47
"decided",47
"dipped",47
"helllo",47
"idc",47
"ingredients",47
"it'd",47
"jolly",47
"leaderboard",47
"mfs",47
"myyyy",47
"nowww",47
"penguin",47
"shrooms",47
"slipped",47
"splits",47
"tracker",47
"translate",47
"warn",47
"kidnap",47
"fucks",47
"222",47
"ahahahahaha",47
"damnnnnn",47
"happend",47
"inb4",47
"lmfaoooooooooo",47
"moa",47
"mph",47
"rinse",47
"sht",47
"yuhh",47
"asshole",47
"cleans",47
"commit",47
"deny",47
"digits",47
"esfandlul",47
"gal",47
"mizkifspray",47
"okkk",47
"parasite",47
"sideways",47
"spiders",47
"squat",47
"storage",47
"woop",47
"corporate",47
"cucumber",47
"cuts",47
"depression",47
"destiny",47
"djmissilebop",47
"eraser",47
"faded",47
"healthier",47
"hometown",47
"jet2",47
"limp",47
"org",47
"passcode",47
"pickled",47
"piggy",47
"rose",47
"russia",47
"shoo",47
"squeaky",47
"sweets",47
"tender",47
"ultimate",47
"walkable",47
"yippe",47
"yuuh",47
"convenient",47
"holddd",47
"holdddd",47
"kd",47
"roo",47
"claws",47
"fetus",47
"haskell",47
"mt",47
"tito",47
"rocktime",47
"shayanetriplet",47
"guzustop",47
"meester",47
"incline",47
"3000",46
"4am",46
"aid",46
"charlie",46
"continues",46
"crow",46
"cutest",46
"demons",46
"doe",46
"farmers",46
"funnier",46
"gm",46
"hunt",46
"letters",46
"listened",46
"luigi",46
"musical",46
"rescue",46
"savage",46
"shh",46
"tuck",46
"willing",46
"wisdom",46
"worlds",46
"yessir",46
"alarm",46
"chic",46
"drives",46
"flour",46
"harsh",46
"limoner",46
"permission",46
"wya",46
"freaks",46
"cheapest",46
"crop",46
"dem",46
"emotions",46
"increase",46
"material",46
"nono",46
"nyo",46
"papa",46
"physics",46
"privacy",46
"recorded",46
"tapeworm",46
"trashcan",46
"typed",46
"advantage",46
"consistency",46
"cvs",46
"fineeee",46
"gota",46
"hachu",46
"insert",46
"laggg",46
"leaveeee",46
"mrarat",46
"mrashy",46
"partyyy",46
"pricing",46
"ra",46
"yookay",46
"cowboys",46
"curly",46
"emiruspin",46
"firsttimeaboba",46
"jbsplawstream",46
"larped",46
"metlife",46
"nurse",46
"rayasianboy",46
"stirthepot",46
"manilla",46
"typhoon",46
"goalie",46
"jester",46
"djmarkoxcookie",46
"godfather",46
"bishop",46
"expelling",46
"smoky",46
"seaplane",46
"blake",46
"aug",45
"bets",45
"deaths",45
"foreign",45
"grinding",45
"income",45
"lonely",45
"owe",45
"policy",45
"racism",45
"response",45
"sake",45
"sweetie",45
"universal",45
"veggie",45
"yoinking",45
"error",45
"hearts",45
"mob",45
"sings",45
"asl",45
"baggy",45
"billie",45
"chatt",45
"comic",45
"demand",45
"dots",45
"drone",45
"monkastop",45
"property",45
"redo",45
"rep",45
"scenes",45
"sudden",45
"upp",45
"waist",45
"cardi",45
"emirumarch",45
"f1",45
"fing",45
"goober",45
"lagg",45
"lily",45
"lmaoooooooooooooo",45
"poropls",45
"reload",45
"terrifying",45
"trained",45
"uniform",45
"winners",45
"booms",45
"boooooooo",45
"ccp",45
"cigarettes",45
"classy",45
"crushed",45
"doomed",45
"esim",45
"eyebrow",45
"fireee",45
"frying",45
"gaf",45
"inn",45
"ja",45
"mum",45
"offici2495w",45
"panamagames",45
"philly",45
"plugs",45
"rah",45
"tart",45
"twilight",45
"watcher",45
"yyjcheerhype",45
"za",45
"alveusoo",45
"bball",45
"jungkook",45
"motivation",45
"nepotism",45
"outfitters",45
"passionate",45
"shack",45
"skyline",45
"uv",45
"uy",45
"vegeta",45
"algae",45
"claude",45
"clouted",45
"farmed",45
"russel's",45
"markers",45
"yrgelfg",45
"stove",45
"yrgeok",45
"tobey",45
"majestic",45
"malek",45
"bidet",45
"jif",45
"mooba",45
"a1c",45
"fiber",45
"sodawajaja",45
"mariners",45
"statefarm",45
"wheezy37ban",45
"tolls",45
"999k",45
"elinabongo",45
"14k",44
"24hr",44
"30s",44
"80k",44
"announce",44
"assuming",44
"dinosaur",44
"disturbing",44
"dusty",44
"effects",44
"exemthink",44
"frost",44
"gorl",44
"guaranteed",44
"include",44
"involved",44
"kissahomie",44
"lololololol",44
"pleasure",44
"ratio",44
"sells",44
"seven",44
"squirrel",44
"unreal",44
"written",44
"2am",44
"9th",44
"ridiculous",44
"13th",44
"chat's",44
"clinton",44
"floors",44
"influence",44
"obv",44
"plushie",44
"rubber",44
"upppp",44
"yaaaay",44
"yeee",44
"yessssssssss",44
"zaza",44
"advertising",44
"au",44
"autism",44
"bark",44
"cinnakekw",44
"forsenss",44
"lawn",44
"packaging",44
"redacted",44
"several",44
"wojitoo",44
"wwwwwwwwwwwwww",44
"16k",44
"alveusscared",44
"armor",44
"birmingham",44
"chillgirl",44
"citibank",44
"congratz",44
"cure",44
"deans",44
"disco",44
"fudge",44
"hay",44
"letsgoo",44
"mafiathon",44
"mogs",44
"mraclassic",44
"myy",44
"northern",44
"ome44",44
"oy",44
"pdf",44
"priderise",44
"ragebaited",44
"rubbery",44
"slang",44
"styles",44
"teens",44
"timeeee",44
"trial",44
"tuna",44
"warned",44
"zenben88",44
"2024",44
"butler",44
"firework",44
"healing",44
"hollon",44
"horny",44
"kita",44
"manage",44
"montewrapitup",44
"resting",44
"rizzing",44
"sensor",44
"stir",44
"warming",44
"3fa7j5nknhtqzadz5",44
"cousins",44
"gle",44
"jkinsdance",44
"pens",44
"utensils",44
"walton",44
"kimkniwow",44
"mikes",44
"natalie",44
"balot",44
"ipa",44
"touchofsalt",44
"cinnaluv",44
"tacoma",44
"arravgklatarrav",44
"mythology",44
"airpod",44
"bemilyyy",44
"fatlander",44
"cicadas",44
"elinabubu",44
"elinacheer",44
"58",43
"7th",43
"b4",43
"bouta",43
"darkmode",43
"dmv",43
"entered",43
"fyi",43
"gameplay",43
"gamers",43
"handles",43
"kissing",43
"mafia",43
"mash",43
"masters",43
"matty",43
"oregon",43
"pacing",43
"pooped",43
"skiing",43
"slower",43
"suffer",43
"supply",43
"vegetable",43
"watchin",43
"gachigasm",43
"npcs",43
"addict",43
"arigato",43
"bien",43
"boob",43
"dong",43
"guy's",43
"luka",43
"pixel",43
"snort",43
"statue",43
"trueeee",43
"yaaaaay",43
"94",43
"earthday",43
"f'd",43
"guy'd",43
"hahahahhaa",43
"jacked",43
"joint",43
"junk",43
"larry",43
"lolz",43
"nor",43
"nuisance",43
"orlando",43
"peter",43
"risky",43
"semi",43
"sits",43
"types",43
"wakewil",43
"30min",43
"accepting",43
"artificial",43
"bam",43
"beanz",43
"blinking",43
"darkxialionftw",43
"djmissilecheer",43
"docks",43
"dough",43
"dramaaa",43
"forming",43
"hallway",43
"leather",43
"lowk",43
"mol",43
"offering",43
"oliver",43
"photoshoot",43
"reds",43
"slaying",43
"sniping",43
"swagon",43
"theagencynervous",43
"ti",43
"turtles",43
"villenthessis",43
"1hr",43
"adopt",43
"ahahahahha",43
"bao",43
"cinco",43
"kane",43
"largest",43
"manhattan",43
"markuss",43
"overthink",43
"parade",43
"paybaeheart",43
"stepped",43
"wives",43
"colours",43
"mayaaa",43
"otv",43
"runaway",43
"shallow",43
"skies",43
"khan",43
"glizzies",43
"kith",43
"balm",43
"reggy",43
"drums",43
"feathers",43
"miammwave2",43
"kona",43
"mignon",43
"307",43
"leander",43
"5pm",42
"abuse",42
"acts",42
"anniversary",42
"attempt",42
"believers",42
"cola",42
"dads",42
"dodged",42
"focused",42
"hammer",42
"itsweeeeno",42
"jumps",42
"kingdom",42
"meep",42
"nevermind",42
"nowadays",42
"pogey",42
"previous",42
"raised",42
"rapping",42
"required",42
"resort",42
"sheeeesh",42
"spark",42
"waking",42
"fraud",42
"400k",42
"anthony",42
"cashier",42
"cinnashock",42
"copiumshipment",42
"crackhead",42
"eyed",42
"feelslateman",42
"hahahahaa",42
"hyperjammies",42
"marker",42
"momma",42
"pile",42
"sureeeee",42
"zoomin",42
"ayoooooo",42
"beware",42
"bum",42
"coo",42
"ewwwwwwwww",42
"lamb",42
"liner",42
"liquor",42
"potentially",42
"rental",42
"sanasnuggle",42
"tee",42
"wildin",42
"amusement",42
"angryginge",42
"auraful",42
"ave",42
"bangers",42
"beta",42
"chonk",42
"cracking",42
"crowds",42
"daaaamn",42
"definition",42
"denial",42
"details",42
"engineer",42
"gains",42
"hahahhahaha",42
"hiiiiiiiii",42
"hirono",42
"katchiit",42
"lemoney",42
"lerolero0",42
"moreee",42
"mrahappy",42
"ninaaa",42
"ohjiminycricketsitsextraemilyhuntingyouatopthefrozentundraimmediatelyshieldyourheadandvitalorgans",42
"portable",42
"rates",42
"raves",42
"reader",42
"sh",42
"singapore",42
"tamer",42
"thisss",42
"tradition",42
"xtra",42
"yey",42
"adam",42
"arena",42
"cooksux",42
"creamin",42
"fumbling",42
"jorts",42
"keeper",42
"philipines",42
"raehappi",42
"sneakers",42
"vigor",42
"waterpark",42
"aluminum",42
"pisquared",42
"skydive",42
"wigs",42
"arts",42
"cave",42
"holo",42
"lockin",42
"misty",42
"djmarkoxdjspin",42
"175",42
"joyride",42
"tara",42
"a2guapjam",42
"lofi",42
"kasi",42
"overheated",42
"bennn",42
"upblow",42
"supdk",42
"uwajimaya",42
"chumming",42
"airplane",41
"bakery",41
"biscuit",41
"bottoms",41
"bowser",41
"cared",41
"companies",41
"completed",41
"costco",41
"expectations",41
"fourth",41
"gullible",41
"hotter",41
"improvement",41
"industry",41
"ip",41
"lovers",41
"mop",41
"motto",41
"nights",41
"ps5",41
"relaxed",41
"reward",41
"shore",41
"smelling",41
"suddenly",41
"surprisingly",41
"thang",41
"tweogan2",41
"woot",41
"dose",41
"labor",41
"scanner",41
"creed",41
"exemtalk",41
"jazzieyazzie",41
"2022",41
"ayeeeeee",41
"century",41
"ehhh",41
"hurting",41
"integrity",41
"jog",41
"kool",41
"loooooooool",41
"mukbang",41
"psycho",41
"scent",41
"traditional",41
"prezoh",41
"bedroom",41
"burying",41
"carts",41
"cyrxd",41
"designed",41
"fog",41
"glitchnrg",41
"holly",41
"huhhhh",41
"injury",41
"llll",41
"lmaooooooooooooo",41
"oscar",41
"pallet",41
"processed",41
"roh",41
"sade",41
"stank",41
"suss",41
"thoughtful",41
"whooo",41
"wtfffff",41
"711",41
"capitalism",41
"chant",41
"chrisn56dougie",41
"connecting",41
"debate",41
"deffo",41
"du",41
"emilyyyyyyyyy",41
"ethiopia",41
"hen",41
"heyheyguys",41
"kebab",41
"latesave",41
"leftovers",41
"legally",41
"mramods",41
"offended",41
"ooooooooooooooo",41
"os",41
"paradise",41
"runnnnnnn",41
"sandz",41
"sayyy",41
"shwarma",41
"stat",41
"toooo",41
"ure",41
"waittt",41
"wawa",41
"woahhhhh",41
"yeaaa",41
"yippieee",41
"emilycc",41
"icecreamwithluftwaffles",41
"idol",41
"sakkrum",41
"secure",41
"shirtless",41
"shoerack",41
"watdasith",41
"blade",41
"bubonnie",41
"databasekekw",41
"floppyjimblumogus",41
"mosquito",41
"catcher",41
"sinatra",41
"suburbbaby",41
"tampons",41
"elephants",41
"nmpcrazy",41
"pokcharizard",41
"bullies",41
"chicalaugh",41
"ouuuuu",41
"waka",41
"binondo",41
"cai",41
"screamsheart",41
"northwest",41
"pepegapatriotwide",41
"bellingham",41
"soul47zororage",41
"bane",41
"wideduckass",41
"cava",41
"tevin",41
"10mins",40
"aside",40
"australian",40
"breaker",40
"buttons",40
"crickets",40
"former",40
"honeysmoonlight",40
"jones",40
"mrbeast",40
"nipple",40
"olds",40
"organized",40
"payment",40
"population",40
"por",40
"predictions",40
"represent",40
"smirk",40
"snail",40
"sorta",40
"spins",40
"subbed",40
"unit",40
"visited",40
"worn",40
"darkness",40
"guessed",40
"alivege",40
"brokey",40
"dubai",40
"dunk",40
"grease",40
"guests",40
"ly",40
"polynesian",40
"stomp",40
"thicker",40
"washer",40
"yas",40
"ahahhaha",40
"bandwagon",40
"boarding",40
"bozo",40
"causing",40
"cells",40
"cinnahuh",40
"disrespectful",40
"emirudespair",40
"emiruwhat",40
"fixing",40
"hills",40
"inhaled",40
"insanely",40
"kewl",40
"masks",40
"pickup",40
"raccattack",40
"sana",40
"steph",40
"wmily",40
"7d",40
"backkkkk",40
"bev",40
"downloaded",40
"eli",40
"emirupray",40
"en",40
"forbeszeee",40
"heyyyyyyy",40
"hooked",40
"ignoring",40
"j20",40
"manifesting",40
"muslim",40
"offense",40
"omegadancebutfast",40
"pale",40
"pecking",40
"pk",40
"shucks",40
"steaks",40
"titanic",40
"trucks",40
"vest",40
"wheelchair",40
"woohooo",40
"yeo",40
"binoculoustogether",40
"djmarkoxspeaker2",40
"gators",40
"generational",40
"gme",40
"jeeez",40
"modelo",40
"nabs",40
"pagmandance",40
"peepocoffee",40
"poser",40
"quebec",40
"rdcwater",40
"selected",40
"surfing",40
"tent",40
"weeeeeeee",40
"woolzpolice",40
"yaaaaaa",40
"cooling",40
"cuddy",40
"druskidance",40
"sack",40
"bonnie's",40
"fragile",40
"getthatbread",40
"badgec1train",40
"chickenjockey",40
"m04choomer",40
"duterte",40
"itsmar125sweaty",40
"misspurpwavey",40
"horsege",40
"leet",40
"mrkeemokurt",40
"lud's",40
"armadillo",40
"ojay",40
"666",39
"9am",39
"afterwards",39
"badly",39
"choco",39
"considering",39
"deals",39
"decade",39
"determined",39
"ethan",39
"experiment",39
"farmer",39
"feature",39
"laws",39
"nation",39
"opens",39
"recover",39
"reported",39
"require",39
"seek",39
"someday",39
"somethin",39
"tano",39
"tilt",39
"tropical",39
"tyler1",39
"units",39
"weeno",39
"woooooooooo",39
"yooooooo",39
"goooood",39
"spooky",39
"grad",39
"weiner",39
"abandoned",39
"admit",39
"anxious",39
"chik",39
"deff",39
"druski",39
"fren",39
"highly",39
"immersion",39
"manga",39
"muttonclaw",39
"receipt",39
"relate",39
"rockefeller",39
"sponser",39
"surface",39
"traumatized",39
"allen",39
"bonnies",39
"catjamparty",39
"cinematic",39
"closeee",39
"es",39
"escaped",39
"exemaware",39
"eyelashes",39
"fanboy",39
"gentlemen",39
"jungle",39
"minik",39
"moar",39
"passenger",39
"peasy",39
"produce",39
"slim",39
"sodadink",39
"sunburn",39
"sync",39
"ticks",39
"unknown",39
"approve",39
"assept",39
"awwwwwwwww",39
"carrot",39
"cleanser",39
"defending",39
"erob",39
"handshake",39
"hasn",39
"hendrix",39
"jewelry",39
"lap",39
"marijuana",39
"nominated",39
"pivo",39
"rejection",39
"rhyzcheeks",39
"secrets",39
"sk",39
"swings",39
"vpn",39
"wawacn",39
"weren",39
"yaps",39
"yeees",39
"yyjscam",39
"anunoby",39
"biased",39
"camerawoman",39
"deadly",39
"dramaaaa",39
"grape",39
"helicopters",39
"lamo",39
"macys",39
"neighbors",39
"ninjagrumpy",39
"soulja",39
"creek",39
"djapol1lasers",39
"fathers",39
"microsoft",39
"yonnas",39
"brake",39
"kimkniheart",39
"duhhh",39
"elischeer",39
"nations",39
"lengua",39
"lilsou7shake",39
"walgreens",39
"dussy",39
"112",38
"2016",38
"64",38
"6am",38
"betting",38
"bigfrog",38
"blessing",38
"bonk",38
"challenges",38
"clickbait",38
"concern",38
"cuties",38
"earn",38
"entertain",38
"ezz",38
"graduate",38
"happier",38
"improving",38
"jacobs",38
"lifetime",38
"nicro",38
"owners",38
"poe",38
"screens",38
"seals",38
"shining",38
"significantly",38
"sometime",38
"superstar",38
"via",38
"peepo",38
"whyyyy",38
"yasssss",38
"layer",38
"people's",38
"angels",38
"answered",38
"baguette",38
"boneless",38
"cfa",38
"chuck",38
"como",38
"correctly",38
"coulda",38
"craziest",38
"hmmmmmm",38
"hostage",38
"kaicsturdy",38
"naruto",38
"plushies",38
"reasonable",38
"rebel",38
"sadgebusiness",38
"stretching",38
"transition",38
"tweaker",38
"twitchcon",38
"yeaaaa",38
"ahahahha",38
"berry",38
"buys",38
"climbing",38
"exhausted",38
"finest",38
"hairs",38
"macarena",38
"mist",38
"mmhm",38
"nay",38
"oxygen",38
"perma",38
"possessed",38
"robo",38
"simp",38
"underwear",38
"zoomer",38
"900",38
"aciebounce",38
"agentt",38
"agenttttt",38
"arguing",38
"brownie",38
"byeeeeeeee",38
"chanel",38
"ciao",38
"crackers",38
"currant",38
"cuute",38
"dammm",38
"elo",38
"finee",38
"fw",38
"heinz",38
"helpppp",38
"ick",38
"ireland",38
"kaleidoskopeyes",38
"lawrence",38
"letsgooooo",38
"letsss",38
"lr",38
"lush",38
"morroco",38
"oneee",38
"panicbasket",38
"partypopper",38
"pleaseeeee",38
"printed",38
"puff",38
"retail",38
"reviewer",38
"scotland",38
"sweden",38
"tay",38
"vangardklatchester",38
"xxx",38
"autograph",38
"biker",38
"brow",38
"buckle",38
"bunnytjam",38
"commentary",38
"djmarkoxspeaker3",38
"fanfans",38
"gosling",38
"lenny",38
"offered",38
"pradas",38
"reeves",38
"routine",38
"sibling",38
"suppycapybara",38
"tick",38
"tvs",38
"whoop",38
"widespeed",38
"yrgenerd",38
"booked",38
"nmpcringe",38
"sicko",38
"xhxcxpeterx",38
"tide",38
"aux",38
"mkod",38
"signatures",38
"tcg",38
"badgec1red",38
"jeepney",38
"momo",38
"sailor",38
"taro",38
"misssh49dance",38
"oysters",38
"bertram",38
"laundrybasket",38
"mink",38
"seaworld",38
"7am",37
"8th",37
"aaaaaaaaaaaaaa",37
"campfire",37
"chang",37
"cheated",37
"chemistry",37
"circles",37
"concept",37
"cubes",37
"december",37
"depending",37
"diaper",37
"differently",37
"fbcatch",37
"fendull",37
"flo",37
"ii",37
"languages",37
"luckily",37
"manifest",37
"patch",37
"peepoarrive",37
"pets",37
"pressing",37
"rawr",37
"served",37
"sips",37
"slaps",37
"speeding",37
"spelling",37
"surprising",37
"thanos",37
"ull",37
"wack",37
"worthy",37
"gooooooooo",37
"pj",37
"yeahhhhh",37
"equipment",37
"fur",37
"adventures",37
"brah",37
"emcells",37
"fffffff",37
"ghetto",37
"mizkifhey",37
"norwegian",37
"offensive",37
"ohmigosh",37
"sprint",37
"swearing",37
"watchers",37
"adjust",37
"armpit",37
"baths",37
"beds",37
"broooooo",37
"digging",37
"entry",37
"environment",37
"gyatttt",37
"hunting",37
"meaty",37
"pointy",37
"rotting",37
"shipped",37
"som",37
"wherever",37
"yyjpuke",37
"capping",37
"chubby",37
"collector",37
"cooool",37
"cotton",37
"danfight",37
"dramaa",37
"fields",37
"freakin",37
"freezing",37
"git",37
"hahahahahahahah",37
"jakev47",37
"jigglin",37
"lafufu",37
"lovee",37
"maxing",37
"merenir",37
"michellin",37
"outtt",37
"pronounce",37
"recommendations",37
"returning",37
"rider",37
"righttt",37
"rk",37
"servers",37
"ships",37
"snatch",37
"sneaking",37
"swiss",37
"whaaaat",37
"whites",37
"10th",37
"applications",37
"bikini",37
"bryant",37
"ckwanicant",37
"emely",37
"hentaivirus",37
"malls",37
"mayaaaa",37
"miammjam2",37
"parked",37
"pts",37
"raeeye",37
"reasons",37
"tricycle",37
"banff",37
"jkinspunch",37
"vaccines",37
"dictator",37
"eem",37
"magnets",37
"neighbor",37
"auction",37
"drenched",37
"ralph",37
"rellik4partytime",37
"wabe",37
"fishmoley",37
"forsenparty",37
"nmpdrink",37
"christ1447dance",37
"conch",37
"olympic",37
"m4rivibe",37
"stewart",37
"jkinssmirk",37
"john's",37
"column",37
"ocky",37
"bwaithglow",37
"hushpuppies",37
"68",36
"89",36
"boomer",36
"browser",36
"callmoiq",36
"complicated",36
"contest",36
"couldve",36
"define",36
"drain",36
"flexing",36
"galaxy",36
"haul",36
"impatient",36
"install",36
"latte",36
"mansion",36
"mediashare",36
"miguel",36
"mines",36
"one's",36
"parkour",36
"plum",36
"realistic",36
"recommended",36
"redeem",36
"result",36
"rex",36
"roadtrip",36
"seaside",36
"sexual",36
"slots",36
"steady",36
"sweats",36
"teleported",36
"victoria",36
"volleyball",36
"widepeeposad",36
"larger",36
"screenshot",36
"hulk",36
"peeposad",36
"avoiding",36
"disrespect",36
"disturbed",36
"donkey",36
"jazzie",36
"jfc",36
"luxury",36
"mrkeemblah",36
"nicely",36
"nmpl",36
"pies",36
"rusty",36
"sandy",36
"victims",36
"violent",36
"buddies",36
"bulk",36
"dual",36
"dumpling",36
"flopping",36
"hahahahahahahahaha",36
"moss",36
"operation",36
"partyparrot",36
"pinch",36
"pp",36
"slapped",36
"suge",36
"transport",36
"wanting",36
"wonky",36
"aunty",36
"bid",36
"bluetooth",36
"canon",36
"cocktail",36
"denzhycake",36
"deported",36
"dodgy",36
"emilyyyyyyyyyy",36
"exemshimmy",36
"exemsmack",36
"halal",36
"humanity",36
"intel",36
"keen",36
"lang",36
"letmein",36
"looll",36
"ng",36
"nuke",36
"okie",36
"pepsi",36
"pong",36
"pridepaint",36
"quicker",36
"raspberry",36
"renndogesso",36
"repeats",36
"rosie",36
"salford",36
"sjelefharty",36
"urs",36
"walkers",36
"whilst",36
"ability",36
"cannon",36
"escaping",36
"gooning",36
"haircut",36
"hid",36
"hypelove1",36
"jiggle",36
"kinoleif",36
"mrkeemhmm",36
"nun",36
"raelisten",36
"reached",36
"sofa",36
"terminator",36
"ut",36
"williamwrs",36
"doooo",36
"parachute",36
"porsche",36
"selfish",36
"waymo",36
"hentie",36
"th3d0rkkn1ght",36
"boil",36
"chrisnxtdoor",36
"palabok",36
"amaze",36
"toward",36
"yagoo",36
"ch",36
"wala",36
"kpoptt",36
"marcze6lighterwave",36
"notrea69scuba",36
"shingles",36
"youwhy",36
"cerian1look",36
"exemskate",36
"query",36
"pitbully",36
"jasont2aznlm",36
"stingray",36
"auditorium",36
"lilbbt1roll",36
"poem",36
"wendol6w",36
"quarterjade",36
"2020forward",35
"20s",35
"88",35
"accountage",35
"appointment",35
"awh",35
"begin",35
"celebrities",35
"complex",35
"constantly",35
"covers",35
"description",35
"floyd",35
"hahasweat",35
"incase",35
"interest",35
"invalid",35
"mb",35
"momentum",35
"officially",35
"pepemods",35
"posting",35
"racing",35
"secretly",35
"seed",35
"sleeps",35
"solution",35
"souls",35
"stiff",35
"throwback",35
"wb",35
"whisper",35
"roller",35
"5min",35
"certified",35
"cleared",35
"cringing",35
"dwayne",35
"farther",35
"frickin",35
"jinnytty",35
"mia",35
"preach",35
"revealed",35
"rollercoaster",35
"terrified",35
"touches",35
"whyyy",35
"buzz",35
"nmpfence",35
"waytooextra",35
"bodies",35
"bonathan",35
"brace",35
"chjoheeman",35
"chunks",35
"clogged",35
"county",35
"crazier",35
"dank",35
"downloading",35
"dragging",35
"garage",35
"gna",35
"hahaah",35
"harmless",35
"he'd",35
"humor",35
"kindledstranger",35
"melon",35
"mmhmm",35
"nawww",35
"ooof",35
"protected",35
"ram",35
"rarely",35
"shameless",35
"sinus",35
"society",35
"tutorial",35
"ummmmm",35
"vu",35
"advanced",35
"c'mon",35
"cia",35
"claim",35
"cobra",35
"dookie",35
"dresses",35
"eachother",35
"futureman",35
"goodies",35
"homer",35
"innnn",35
"instinct",35
"kethuon",35
"landed",35
"lmaoaoa",35
"messsy",35
"omd",35
"overcooked",35
"pfffft",35
"pip",35
"robots",35
"seeee",35
"sjelefmane",35
"ssssssplode",35
"standards",35
"string",35
"studio",35
"sweattime",35
"uuuu",35
"wemily",35
"wooooow",35
"300k",35
"babyme2foxysticks",35
"ben's",35
"blurry",35
"championship",35
"dnd",35
"dorito",35
"flipped",35
"hallooo",35
"highlights",35
"himmm",35
"itsmar125rizz",35
"larpmaxxing",35
"liam",35
"lightning0",35
"offstream",35
"oj",35
"overstimulating",35
"rises",35
"robe",35
"saliva",35
"siam",35
"tabernak",35
"wayne",35
"ween",35
"whst",35
"yeahbuddytaytay",35
"cinnaspin",35
"coughed",35
"crosswarrior03",35
"djapol1rainbowlaser",35
"koalap7water",35
"r6",35
"terry",35
"tuffah",35
"caseohwiijams",35
"emilyccnugget",35
"ralpherz",35
"theannabanannas",35
"w5",35
"fermented",35
"giftas",35
"totem",35
"hopia",35
"menthol",35
"sala",35
"ceviche",35
"sparklers",35
"tbpeanutpeanutdance",35
"1600",35
"bennnn",35
"bellevue",35
"anum",35
"explosive",35
"gecko",35
"chefjohnbates",35
"oftbdxdqxpkvdvwz",35
"recessive",35
"cinnathon",35
"200k",34
"30mins",34
"buck",34
"capacity",34
"cracks",34
"cutscenes",34
"extended",34
"fitness",34
"gee",34
"irs",34
"kiddo",34
"ligma",34
"macy's",34
"memes",34
"minds",34
"movin",34
"pandas",34
"performing",34
"rekt",34
"sci",34
"sheet",34
"shitting",34
"specifically",34
"tat",34
"timeout",34
"unlock",34
"vomit",34
"yessers",34
"colorful",34
"ucan",34
"busters",34
"bk",34
"br",34
"bullet",34
"dense",34
"dms",34
"hotpokket",34
"neighborhood",34
"they'd",34
"threat",34
"yummers",34
"yyjcreep",34
"yyjpog",34
"zones",34
"bruce",34
"dududu",34
"bending",34
"cheddar",34
"crawling",34
"disagree",34
"emirugasp",34
"guilt",34
"jaws",34
"layout",34
"lolw",34
"moderation",34
"mozzarella",34
"pores",34
"reckless",34
"ripping",34
"slander",34
"valkyraid",34
"wallpaper",34
"xl",34
"abba",34
"atmosphere",34
"careeee",34
"cheesecake",34
"christian",34
"cinheimer",34
"contrast",34
"coolest",34
"favor",34
"fizz",34
"fook",34
"freckles",34
"frogpog",34
"gap",34
"hangout",34
"hectic",34
"hellooooo",34
"holdd",34
"holidays",34
"itsmar125noticing",34
"kaicyougoodmud",34
"medical",34
"muh",34
"ninaaaa",34
"nohitjspin",34
"nomerc55pain",34
"olive",34
"portions",34
"rubbish",34
"sia",34
"sjelefnodders",34
"streammmmm",34
"t10cheer",34
"that'd",34
"transgenderpride",34
"tweakin",34
"wire",34
"yyjcheer",34
"yyjrun",34
"103",34
"becky",34
"bleed",34
"dawnpswiftahh",34
"djmarkoxlgf",34
"fade",34
"gems",34
"ilmarcusil",34
"jessica49rahh",34
"kappaclaus",34
"locking",34
"rivers",34
"sajjj",34
"scoring",34
"waygp",34
"zaxbys",34
"byebye",34
"extrasnotily",34
"kpopheart",34
"nmpapprove",34
"palawan",34
"selena",34
"zara",34
"kissinger",34
"maroon",34
"raes",34
"tong",34
"vas",34
"fanfan's",34
"kurt",34
"earplugs",34
"makati",34
"cinnawow",34
"ninaaaaa",34
"arther's",34
"trogalshield",34
"elina",34
"yuzu",34
"gator",34
"metabolic",34
"kingro77patrickscheming",34
"beechers",34
"corteezy",34
"3x",33
"72",33
"8am",33
"ace",33
"baka",33
"brian",33
"cage",33
"certainly",33
"colorado",33
"crown",33
"endless",33
"failing",33
"gucci",33
"highlight",33
"horses",33
"however",33
"including",33
"kinds",33
"marks",33
"microwaved",33
"nicrogamer",33
"overload",33
"overwhelming",33
"pardon",33
"presence",33
"robbery",33
"shhhhh",33
"skit",33
"superior",33
"thatraisintho",33
"whether",33
"convert",33
"delivered",33
"steel",33
"blackpink",33
"cloth",33
"dum",33
"gallon",33
"hahahaah",33
"looooooooool",33
"mirrors",33
"opinions",33
"scissors",33
"slippery",33
"sonic",33
"trynna",33
"uhhhhhh",33
"yer",33
"celeb",33
"cliff",33
"cybertruck",33
"emil",33
"emiruwicked",33
"joel",33
"kayaking",33
"kratos",33
"luffy",33
"mas",33
"needa",33
"panicking",33
"slimy",33
"superman",33
"supervisor",33
"thon",33
"unlikely",33
"vehicle",33
"5mins",33
"autistic",33
"blues",33
"bu",33
"cena",33
"chillguy",33
"coloring",33
"cuteeeeeee",33
"dendiface",33
"duhh",33
"dukede2amp",33
"ekkochest",33
"embarassing",33
"extend",33
"fallen",33
"flakes",33
"fro",33
"funn",33
"holddddd",33
"interactions",33
"isss",33
"leaky",33
"lennon",33
"loveee",33
"mgm",33
"msp2x",33
"od",33
"ohhhhhhh",33
"peepoblushpoint",33
"poutine",33
"records",33
"roaches",33
"slumber",33
"stake",33
"stations",33
"sweeet",33
"thigh",33
"unattended",33
"waga0",33
"wap",33
"yalll",33
"151",33
"2020maskup",33
"abrac4dave",33
"bruise",33
"christ1447didyouseethat",33
"clark",33
"copiumoverdose",33
"creaming",33
"dice109tv",33
"knower",33
"pjs",33
"poles",33
"raving",33
"shaq",33
"surfer",33
"suspension",33
"t10",33
"walid",33
"nmpallergies",33
"penthouse",33
"pickleballs",33
"poh",33
"swab",33
"violin",33
"215",33
"jawhn",33
"tennessee",33
"foundation",33
"phun",33
"sparkling",33
"waiver",33
"gummies",33
"drifting",33
"ikea",33
"ferris",33
"lung",33
"ropes",33
"penalties",33
"conway",33
"darth",33
"dds",33
"hapag",33
"honeyy51itsava",33
"misssh49patty",33
"totalynormaldudekappa",33
"70mm",33
"omnomnom",33
"trogalaxe",33
"dragonite",33
"ijustl5goldw",33
"bgoattimrave",33
"blu9woo",33
"pnw",33
"baibai1dub",33
"10x",32
"560",32
"arbys",32
"assholes",32
"brighter",32
"casually",32
"charger",32
"cheesy",32
"converted",32
"grabbed",32
"heheheh",32
"lab",32
"leo",32
"measure",32
"nutz",32
"pal",32
"peepokiss",32
"percentage",32
"reminder",32
"roasting",32
"ryndiahmm",32
"shelf",32
"sounding",32
"speedrunning",32
"stuffed",32
"tasted",32
"territory",32
"yuhhhh",32
"apocalypse",32
"womens",32
"111",32
"apology",32
"appearance",32
"brenda",32
"demontiming",32
"disappointment",32
"enjoyers",32
"entering",32
"genetics",32
"goods",32
"johnson",32
"nyooo",32
"suga",32
"trolls",32
"wan",32
"armpits",32
"bale",32
"brit",32
"bullied",32
"cha",32
"colored",32
"critical",32
"dee",32
"desperate",32
"disc",32
"dominos",32
"dood",32
"existing",32
"experienced",32
"giants",32
"hangry",32
"headache",32
"ion",32
"kidney",32
"kink",32
"ming",32
"origin",32
"protects",32
"settle",32
"shove",32
"tote",32
"weeeeeeeee",32
"wolf",32
"adapter",32
"addy",32
"believes",32
"bosh",32
"buddhabar",32
"cameo",32
"causes",32
"cheeers",32
"cinnawhy",32
"deltoonz",32
"dice",32
"earned",32
"efficient",32
"emmmmm",32
"ermmmmm",32
"evidence",32
"ewwwwwwwwww",32
"expressions",32
"finance",32
"freee",32
"gng",32
"gurlll",32
"hp",32
"hut",32
"impress",32
"ina",32
"invented",32
"invites",32
"jayzjam",32
"lollllllll",32
"mayahicheer",32
"pansexualpride",32
"profile",32
"pup",32
"rachel",32
"red40",32
"seasons",32
"smokers",32
"spying",32
"strem",32
"strim",32
"sur",32
"tanks",32
"tournament",32
"twicegood",32
"umbrellas",32
