"word","frequency"
"speed",84997
"w",65582
"lol",60313
"the",52739
"is",43423
"ww",42105
"bratchat",37353
"you",37353
"messi",34924
"a",34847
"i",33670
"to",30494
"goalhype",30478
"lul",29596
"bro",28918
"it",22393
"twitchconhype",21791
"no",20796
"he",19112
"in",19013
"ishowspeedgang",17208
"go",17134
"u",16917
"ronaldo",16597
"yes",16414
"son",15917
"ishowspeed",15684
"on",15311
"and",15254
"for",15252
"this",14544
"www",14465
"lo",14388
"ishowspeedsg",14276
"dinodance",14119
"notlikethis",13686
"do",13505
"that",13024
"jamal",12708
"hi",12540
"1",12131
"3",12036
"yo",11737
"what",11686
"babyrage",11547
"seemsgood",11472
"me",11395
"gg",11379
"wwww",11145
"bigsad",11116
"with",10428
"67",10408
"l",10365
"my",10301
"https",10163
"chat",10107
"kai",10097
"now",9973
"not",9918
"vhagarchamp",9555
"are",9460
"game",9442
"we",9420
"wutface",9409
"wwwww",9405
"s",9328
"your",9055
"so",9028
"get",8900
"punchtrees",8693
"up",8599
"can",8572
"was",8430
"goat",8285
"play",8234
"ssssss",8122
"subscribe",7899
"its",7735
"good",7609
"wtf",7553
"pewpewpew",7303
"wave",7125
"better",7120
"of",7084
"him",7023
"just",7002
"wwwwww",6984
"like",6757
"love",6753
"kreygasm",6720
"here",6663
"2",6580
"lmao",6469
"say",6422
"they",6388
"pogchamp",6319
"stream",6248
"got",6145
"goatemotey",6095
"be",6054
"tv",6052
"why",5976
"twitch",5901
"football",5883
"green",5774
"spideythwip",5739
"subs",5694
"at",5689
"voteyea",5598
"dont",5306
"have",5275
"residentsleeper",5120
"has",5077
"subtember",5057
"huh",5033
"spid",5019
"watch",5019
"ur",4999
"0",4943
"wwwwwww",4837
"imglitch",4813
"siptime",4723
"ll",4720
"sleep",4654
"time",4633
"out",4596
"yagoo",4570
"prime",4553
"popnemo",4536
"his",4484
"o7",4467
"need",4451
"im",4437
"t",4405
"who",4360
"how",4350
"from",4338
"brazil",4296
"back",4291
"streameru2026",4287
"kappa",4241
"buy",4232
"twith",4184
"well",4169
"show",4147
"ass",4104
"man",4092
"aura",4074
"lock",4074
"gonna",4062
"please",4055
"watching",4006
"one",3999
"there",3995
"footgoal",3973
"portugal",3970
"will",3962
"5",3959
"hello",3951
"lets",3950
"she",3928
"apple",3918
"did",3916
"cr7",3902
"where",3872
"heyguys",3862
"kid",3858
"world",3797
"squid2",3763
"cmonbruh",3749
"smorc",3739
"store",3702
"jump",3697
"dans",3681
"official",3653
"merch",3645
"win",3624
"too",3602
"pls",3598
"all",3576
"see",3538
"oh",3503
"if",3482
"wwwwwwww",3466
"free",3417
"going",3374
"theilluminati",3367
"let",3359
"omg",3338
"gaypride",3326
"sub",3294
"ad",3283
"bruh",3274
"goldplz",3249
"japan",3219
"ads",3196
"make",3170
"subscribed",3168
"shit",3141
"yooo",3090
"holy",3070
"stop",3070
"damn",3062
"oooo",3050
"bad",2996
"when",2974
"her",2968
"nah",2960
"rip",2893
"trihard",2883
"spiid",2875
"first",2865
"saywallahi",2864
"or",2860
"gay",2834
"come",2820
"scuba",2796
"cup",2769
"speedvibe",2757
"give",2707
"take",2707
"degloved",2702
"know",2699
"mijo",2682
"look",2660
"4",2659
"more",2653
"cap",2628
"watchtime",2618
"hours",2606
"m",2592
"big",2582
"best",2577
"hey",2574
"10",2572
"france",2565
"streams",2544
"marlon",2523
"jinxlul",2520
"goal",2510
"d",2508
"yeah",2499
"call",2481
"way",2481
"down",2469
"yoo",2466
"wwwwwwwww",2458
"streak",2447
"hes",2441
"watched",2423
"thats",2419
"dad",2414
"vohiyo",2404
"eat",2397
"right",2397
"but",2390
"spent",2383
"woah",2377
"amazon",2361
"water",2344
"slipz",2342
"usa",2329
"yoooo",2312
"guy",2309
"crazy",2299
"skip",2291
"myavatar",2284
"help",2276
"yyjcheer",2266
"ez",2253
"consecutive",2238
"lmfao",2230
"sparked",2229
"hell",2228
"subprise",2223
"new",2217
"died",2199
"name",2181
"am",2129
"wallahi",2123
"some",2115
"guys",2112
"it's",2108
"start",2102
"off",2084
"ok",2077
"f",2047
"tier",2029
"speeed",2026
"dwerk",2016
"o",2009
"cheer1",1998
"kids",1994
"fan",1957
"bloodtrail",1937
"7",1933
"dead",1932
"said",1904
"doing",1900
"us",1899
"live",1898
"wwwwwwwwww",1894
"kappapride",1883
"rudi",1880
"daddy",1875
"ohmydog",1865
"larp",1860
"neymar",1859
"shush",1853
"beat",1845
"about",1841
"yall",1840
"them",1838
"meet",1835
"boy",1831
"saj",1817
"tf",1807
"still",1803
"killthatboy",1802
"6",1799
"i'm",1792
"song",1785
"don",1777
"than",1777
"been",1771
"cant",1771
"again",1767
"don't",1767
"discord",1760
"ishowspeedlaugh",1760
"next",1754
"ggs",1749
"gta",1743
"leak",1735
"want",1730
"backflip",1716
"dude",1714
"day",1713
"lmaooo",1705
"yt",1699
"brasil",1692
"kill",1692
"even",1690
"today",1688
"nice",1677
"wow",1670
"footyellow",1664
"only",1653
"gifted",1634
"chill",1633
"black",1625
"real",1624
"mins",1612
"dance",1610
"think",1594
"osfrog",1591
"leaked",1580
"xd",1574
"squid3",1562
"yesss",1559
"use",1558
"cooked",1556
"last",1555
"much",1547
"over",1547
"team",1543
"ahh",1538
"nooo",1537
"clap",1534
"greenapple",1534
"an",1533
"muted",1531
"votenay",1531
"put",1523
"as",1521
"then",1519
"god",1516
"run",1513
"ofc",1508
"food",1506
"glitchcat",1501
"by",1499
"whattt",1497
"playing",1494
"imtyping",1492
"girl",1490
"never",1484
"leave",1483
"noooo",1476
"fr",1474
"ai",1473
"coolcat",1473
"roblox",1469
"yess",1466
"wwwwwwwwwww",1463
"hard",1462
"audio",1454
"match",1449
"seed",1448
"ayo",1446
"should",1445
"ishowspeeddance",1431
"kfc",1428
"argentina",1427
"yea",1426
"widebe2penaldo",1425
"die",1420
"people",1415
"anotherrecord",1411
"yooooo",1402
"score",1392
"hold",1389
"tell",1361
"days",1351
"wedidthat",1351
"penaldo",1350
"easy",1340
"ome44",1338
"save",1336
"r",1333
"meat",1332
"diamond",1331
"link",1330
"lil",1328
"100",1325
"squid4",1316
"maxlol",1314
"e",1313
"left",1310
"apples",1305
"glitchlit",1305
"ending",1303
"end",1295
"keep",1295
"youtube",1294
"sped",1292
"fbtouchdown",1286
"mexico",1286
"30",1279
"let's",1276
"yyjw",1265
"fucking",1262
"would",1261
"cinema",1258
"spam",1252
"lmaoooo",1245
"wwwwwwwwwwww",1244
"red",1241
"does",1239
"squid1",1234
"bark",1226
"behind",1208
"mhm",1207
"congo",1207
"speeds",1202
"lag",1198
"iron",1197
"speeddemon",1197
"getting",1192
"try",1191
"sui",1185
"follow",1182
"y",1180
"wait",1176
"pessi",1176
"someone",1175
"wanna",1166
"rblxpip",1166
"n",1164
"mods",1159
"hit",1157
"aj",1153
"looks",1149
"gotta",1145
"powerupr",1130
"already",1127
"noo",1120
"stay",1118
"gng",1117
"jason",1116
"20",1115
"la",1112
"brother",1102
"washed",1100
"wwwwwwwwwwwww",1096
"happy",1093
"whats",1090
"check",1087
"curselit",1087
"g",1085
"rizz",1084
"jebasted",1080
"nigga",1078
"louis",1070
"norway",1066
"he's",1065
"turn",1064
"dih",1062
"yessss",1060
"lmaoo",1055
"colombia",1055
"powerupl",1053
"fat",1051
"life",1050
"boss",1046
"fight",1046
"widespeedlaugh",1046
"mbappe",1046
"komodohype",1042
"vs",1037
"mom",1035
"winning",1035
"camera",1033
"hear",1026
"gooo",1024
"celine",1019
"ewccrush",1018
"cry",1011
"elegiggle",1011
"saying",1010
"warden",1010
"henry",1007
"pixelbob",1002
"hahaha",1001
"da",999
"fake",996
"streamer",995
"gang",992
"uuh",992
"clip",989
"widespeednod",988
"break",983
"loll",983
"birthday",982
"rn",982
"fine",979
"baby",978
"same",976
"jesus",975
"tho",973
"wake",972
"aint",969
"feelsvi",969
"austria",965
"btw",964
"50",963
"tota",957
"everyone",956
"old",952
"shi",952
"haha",945
"violet",944
"cristiano",944
"money",943
"really",943
"newrecord",938
"gym",937
"join",937
"soonerlater",937
"flip",935
"cmon",934
"gift",932
"minecraft",930
"wsp",929
"ishowspeedshock",928
"spiiid",924
"x",919
"cute",914
"fifa",910
"p",909
"af",908
"slow",908
"twitchunity",907
"these",901
"pizzatime",900
"nooooo",895
"king",894
"brokeback",893
"rlytho",888
"spiiiid",885
"socials",884
"mad",883
"goals",882
"travis",880
"were",878
"trash",874
"dumb",870
"side",870
"coming",863
"goo",860
"after",858
"suck",857
"hswp",855
"st",851
"fans",848
"jr",848
"poor",848
"popcorn",848
"wwwwwwwwwwwwww",844
"top",840
"ishowspeedclap",837
"close",834
"scored",832
"sob",831
"sound",831
"suiii",830
"always",826
"lolll",826
"yoooooo",826
"goooo",825
"re",825
"caught",821
"widespeedlaugh6",820
"tomorrow",818
"dog",817
"nahh",815
"siuuuu",814
"shout",812
"min",810
"speed1",810
"ts",810
"delay",809
"ome32",809
"fut",809
"ya",807
"schizo",805
"speeeed",805
"hands",804
"fortnite",803
"fire",802
"months",802
"head",800
"brooo",799
"ye",799
"crying",797
"jynxzi",797
"that's",795
"shut",794
"junior",791
"read",791
"hiii",790
"music",789
"9",787
"broo",787
"stfu",786
"xoxcrazy",781
"de",777
"shirt",776
"cock",769
"other",767
"sonion",765
"move",764
"night",763
"wash",762
"8",761
"coolstorybob",759
"saw",759
"cool",757
"h",757
"long",757
"lost",756
"rigged",754
"darren",753
"hahahaha",753
"lose",753
"pizza",753
"b",749
"tuff",748
"needheal",747
"speedy",747
"asf",745
"drink",745
"before",743
"fast",743
"eating",742
"find",741
"vamos",740
"wrong",740
"ask",739
"suiiii",738
"because",737
"bros",735
"kinda",735
"yyjhey",734
"bye",733
"lll",731
"didnt",730
"bed",729
"sure",729
"okay",728
"bluelight",722
"500",720
"gayge",719
"hat",718
"needs",718
"joined",717
"games",715
"minutes",713
"speeeeed",712
"caitthinking",710
"mercywing1",710
"cancer",707
"chicken",707
"many",707
"phone",707
"mute",706
"won",705
"cheergi",705
"face",704
"feverfighter",704
"another",702
"pre",701
"wants",700
"pick",699
"yugheyy",699
"double",698
"had",698
"hachuwave",698
"k",696
"irl",694
"speak",694
"true",693
"ever",691
"fils",690
"classic",688
"press",688
"every",687
"ohsome1flower",687
"blue",686
"llll",686
"wwwwwwwwwwwwwww",683
"could",676
"omgbruh",676
"missed",675
"dumbass",673
"little",673
"funny",669
"talk",669
"tired",669
"country",667
"ball",666
"car",666
"hii",665
"sucks",665
"can't",664
"omegalul",662
"talking",662
"15",661
"sorry",661
"mrdestructoid",661
"calm",655
"mercywing2",655
"lmaooooo",654
"waka",654
"something",652
"adds",651
"polish",651
"11",649
"around",647
"hope",645
"happened",644
"sweden",643
"called",640
"v",640
"work",640
"looking",639
"security",639
"whole",639
"sup",638
"yesssss",637
"speedlaugh",636
"geeg",636
"ngl",635
"following",634
"ragebait",634
"clem",633
"banana",633
"those",632
"stinkyglitch",631
"ekkochest",630
"hate",630
"white",626
"yunihey",625
"thank",620
"senegal",619
"germany",618
"wsg",618
"sabaping",616
"40",614
"both",613
"almost",612
"listening",612
"followage",611
"touch",610
"hot",606
"hide",605
"soccer",605
"virtualhug",605
"diamonds",605
"dick",603
"ah",602
"lllll",602
"times",599
"pay",595
"stupid",595
"thing",595
"made",594
"streaming",594
"finally",592
"wspeed",592
"widespeeddance",591
"any",590
"batchest",590
"kekw",590
"luck",588
"scared",587
"siuuu",587
"ew",586
"suiiiii",586
"wwwwwwwwwwwwwwww",586
"actually",585
"shift",585
"tree",585
"cheating",584
"feel",584
"wins",584
"full",582
"6767",579
"miss",578
"gooooo",577
"rudy",577
"tom",577
"marzzgg",576
"half",575
"race",575
"rakai",575
"boots",575
"poooound",574
"latwogang",570
"nether",570
"being",569
"netherlands",569
"noooooo",567
"pic",567
"wth",567
"darkmode",566
"you're",565
"they've",564
"crack",563
"message",562
"lollll",561
"band",561
"dai",561
"yooooooo",560
"raiders",557
"hour",556
"ishowspeedwow",555
"screen",555
"suayreportugal",555
"years",553
"prank",552
"suayrelaugh",552
"penalty",551
"carlos",551
"glitchnrg",550
"cenat",548
"number",547
"12",546
"away",546
"mean",546
"expedia",546
"caseohlockincaseoh",545
"very",544
"ishow",542
"mr",542
"transgenderpride",542
"send",541
"nothing",539
"mf",538
"hair",536
"what's",534
"great",533
"broooo",532
"ewwww",532
"copper",530
"high",529
"friend",528
"shower",528
"cam",525
"hiiii",525
"bet",523
"search",523
"200",521
"fix",520
"sus",520
"fortone",516
"rp",516
"sad",516
"home",515
"police",515
"mogged",514
"shakira",514
"ben",513
"fall",512
"block",510
"bajs",510
"rt",507
"brainslug",506
"xdd",506
"stadium",506
"ewww",503
"offside",503
"fixed",503
"weird",502
"house",501
"secs",501
"1k",501
"done",500
"jah",500
"ksi",500
"sydney",500
"checkpoint",499
"arthur",498
"ay",497
"their",497
"unc",497
"marzzlesgo",497
"holidaysanta",496
"idk",496
"llllll",496
"spiiiiid",496
"production",494
"speedddd",494
"lagging",493
"yet",493
"messsi",493
"uh",490
"suiiiiii",490
"beautiful",489
"year",489
"haaland",487
"monka",486
"widespeedlaugh7",485
"ouu",485
"uzbekistan",485
"peak",484
"xqc",484
"react",484
"blacklivesmatter",482
"em",482
"pc",482
"jersey",481
"minglee",481
"ggg",480
"pansexualpride",480
"mmm",478
"modlove",478
"speedd",478
"boi",477
"horror",477
"noway",477
"plz",477
"yamal",477
"bitch",476
"pickaxe",476
"carlsmile",475
"speeddd",474
"bike",474
"thought",473
"walahi",473
"maybe",471
"leva2k",471
"hand",468
"lesbianpride",468
"shot",468
"sword",468
"ishowspeedpfft",466
"video",465
"loud",462
"lava",461
"allah",459
"flag",459
"receba",459
"test",457
"c",456
"kick",456
"straight",455
"bald",454
"kapow",454
"ready",453
"faster",451
"trying",451
"focus",450
"grown",450
"que",449
"india",449
"walk",448
"push",447
"crreamawk",447
"hahahahaha",446
"two",446
"stonelightning",446
"feet",445
"shoot",444
"1000",444
"frankerz",443
"luffy",443
"under",443
"trick",441
"mine",440
"lima",440
"change",439
"cook",439
"fnaf",439
"gone",439
"na",438
"sing",438
"takenrg",438
"4head",437
"camysldubss",437
"ooo",437
"armor",436
"rest",436
"trust",436
"z",436
"edm",436
"scam",436
"ralpherz",433
"j",431
"nahhh",431
"tour",431
"locked",430
"bring",429
"giveplz",429
"hola",429
"pee",429
"zidane",429
"balls",427
"chest",427
"dawg",427
"sybau",427
"tpfufun",427
"type",427
"spiiiiiid",427
"dansgame",425
"grasslord",424
"remember",424
"fanum",424
"cause",423
"english",423
"homeless",423
"player",422
"started",422
"eyes",421
"tiktok",421
"ref",421
"canada",421
"bread",420
"channel",420
"q",420
"speeeeeed",420
"suii",420
"zesty",418
"caseohripted",418
"knows",417
"loool",417
"french",416
"wwwwwwwwwwwwwwwww",416
"tiger",416
"ambessalove",415
"fun",415
"random",415
"ayooo",414
"cameraman",414
"far",413
"sign",412
"morphintime",412
"champions",411
"taw",410
"tehepelo",410
"bopbop",410
"gorilla",410
"gold",409
"open",409
"tracker",409
"annoying",408
"hahaball",408
"wedding",407
"rascal44l",407
"speed21",406
"piece",405
"tung",405
"cinheimer",404
"giveheal",404
"el",403
"into",403
"doesnt",402
"seen",402
"gon",401
"korea",400
"minute",400
"place",400
"kaimillion",399
"cheater",398
"shes",397
"drone",397
"might",396
"month",396
"entropywins",394
"school",392
"14",391
"lmaoooooo",390
"pjsalt",390
"wall",390
"bust",389
"mod",389
"suayreww",389
"aware",387
"everybody",387
"word",387
"aga",386
"james",386
"nooooooo",386
"lockin18ws",385
"eww",384
"boring",383
"steak",382
"mayor",382
"delayed",381
"hay",381
"against",380
"les",380
"lllllll",380
"second",380
"cut",379
"dat",379
"literally",379
"ole",379
"also",378
"field",378
"finna",378
"whos",378
"1v1",377
"awww",376
"fax",376
"meme",376
"person",376
"siuuuuu",376
"ain",375
"elder",374
"ro",374
"wood",374
"aww",373
"party",373
"believe",372
"belka",371
"corgiderp",370
"goon",369
"woof",369
"wc",369
"insane",368
"loves",368
"draw",367
"wwwwwwwwwwwwwwwwww",367
"island",366
"cringe",365
"played",365
"wassup",365
"yoooooooo",365
"foul",365
"luva",364
"wheres",363
"shark",363
"fly",362
"making",362
"randomkid",362
"parad",362
"fiona",362
"deleted",361
"job",361
"mau5",361
"viva",361
"england",361
"16",360
"drake",360
"anything",359
"sick",359
"since",359
"perrablol",359
"dang",358
"twin",358
"ig",357
"dxcat",356
"kekvibe",356
"hooray",356
"nyc",356
"goooooo",355
"fries",354
"ice",354
"kappu",354
"pause",353
"york",353
"death",352
"german",352
"lool",352
"soon",351
"knicks",351
"ayoo",350
"dig",350
"point",350
"bru",349
"care",349
"messiiii",348
"late",347
"room",347
"muga",346
"idiot",345
"mutted",345
"vai",345
"went",345
"yessssss",345
"siuuuuuu",345
"bisexualpride",344
"ha",344
"horse",344
"sleeping",344
"ain't",343
"part",343
"shii",343
"wither",343
"children",342
"most",341
"youre",341
"oliver",341
"didn",340
"egypt",340
"lee",340
"lmfaooo",340
"poland",340
"thanks",340
"cuz",339
"ishowspeedpfft2",339
"listen",339
"pass",339
"holidaypresent",338
"vini",338
"clean",337
"lot",337
"rage",337
"snoworries",337
"weak",337
"scary",336
"suiiiiiii",336
"boat",334
"early",334
"facts",334
"mouth",333
"buddy",332
"men",332
"theres",332
"gwenne3popcorn",332
"wwwwwwwwwwwwwwwwwww",331
"ahhh",329
"answer",329
"while",329
"bout",328
"wish",328
"larper",328
"build",326
"lazy",326
"theagencywhands",326
"less",325
"ppl",325
"beast",324
"own",324
"yep",324
"hacked",324
"monkaw",323
"pen",323
"wont",322
"676767",321
"biggest",321
"bop",321
"mj",321
"nope",321
"js",320
"griddygoose",319
"pussy",319
"quit",319
"timer",319
"messiii",319
"pogba",319
"unsub",319
"imagine",318
"ni",318
"oi",318
"widespeedlemon",318
"com",318
"fioonaax",318
"meow",317
"earthday",317
"60",317
"enough",316
"hahahah",316
"paraguay",316
"fart",315
"zlatan",315
"anyone",314
"ohio",314
"relax",314
"says",314
"prediction",314
"card",313
"probably",313
"begwan",312
"everything",312
"smell",312
"speeddddd",312
"burger",311
"support",311
"spain",311
"wavin",311
"bit",310
"pack",310
"hungry",309
"ticket",309
"didn't",307
"lying",307
"ooooo",307
"our",307
"arsonnosexy",306
"ayoooo",306
"chinese",306
"ishowspeedsped",306
"zombies",306
"ayyy",305
"final",304
"rich",304
"south",304
"siren",304
"alpha",303
"different",303
"feelssunnyman",303
"respect",303
"swiftrage",303
"africa",302
"atprtsd",302
"gun",302
"shoutout",302
"worst",302
"wowmidnight",302
"17",301
"goated",301
"happening",301
"hurry",301
"jamall",301
"low",301
"alienpls3",301
"came",300
"ron",300
"speeeeeeed",300
"watkins",300
"body",299
"brooooo",299
"lmfaoo",299
"serioussloth",299
"ray",298
"wearing",298
"brazilian",297
"guess",297
"careful",296
"gwenne3sing",295
"22",294
"du",294
"mouse",294
"sold",294
"took",294
"view",294
"wwwwwwwwwwwwwwwwwwww",294
"smxkesomeyt",294
"city",293
"bless",292
"bucket",292
"dragon",291
"kevinturtle",291
"zombie",291
"dancing",290
"hesright",290
"together",290
"000",289
"18",289
"deal",289
"such",289
"areyouseriousrightneow",288
"jebaited",288
"later",288
"hah",288
"doin",287
"looool",287
"sit",287
"yooooooooo",287
"dam",286
"ghana",286
"shake",286
"content",285
"favorite",285
"max",285
"milk",285
"season",285
"fbspiral",284
"safe",284
"phasmophobia",284
"john",283
"goblinjam",283
"strong",282
"waiting",282
"amazing",281
"waytoodank",281
"futureman",280
"heard",280
"whit",280
"chant",280
"small",279
"spamming",279
"wideprespeedlaugh",279
"oil",278
"noooooooo",277
"trolling",277
"tryna",277
"which",277
"baddie",276
"family",276
"gggg",276
"lamine",276
"lowkey",276
"million",276
"nahhhh",276
"soul",276
"troll",276
"space",276
"24",275
"hiiiii",275
"must",275
"running",275
"si",275
"voice",275
"yellow",275
"keepo",275
"jujusjeff",275
"isnt",274
"fbcatch",273
"spped",273
"omegle",271
"fairs",270
"told",270
"ve",270
"lucia",270
"kaka",270
"ooxt",269
"tearglove",269
"yesterday",269
"famous",269
"ny",269
"ripepperonis",269
"drop",268
"kaicenat",268
"lolol",268
"losing",268
"nga",268
"ome5",268
"sir",268
"stuff",268
"understand",268
"chance",267
"cheer",267
"community",267
"makes",267
"raccattack",267
"smh",267
"wild",267
"inuyoface",267
"failfish",267
"bcwarrior",266
"farm",266
"fk",266
"lmfaoooo",265
"punoko",265
"ayywelit",265
"iamclap",264
"le",264
"ohh",264
"air",263
"pull",263
"wwe",263
"slips",263
"suiiiiiiii",263
"ishowspeedslipz",262
"guardian",262
"cat",261
"fit",261
"hahah",261
"lolllll",261
"tonight",261
"widespeedlaugh19",261
"houston",261
"bieber",261
"ups",261
"fish",260
"pretty",260
"stand",260
"crowd",260
"animal",259
"bigger",259
"human",259
"10k",259
"justin",259
"shield",259
"northeast",259
"21",258
"cum",258
"es",258
"server",258
"25",257
"ishowspeedreally",257
"marathon",257
"palestine",257
"larping",257
"hugo1sonic",257
"broke",256
"ong",256
"yesssssss",256
"click",255
"ma",255
"mid",255
"ayy",254
"bleedpurplehd",254
"energy",254
"llllllll",254
"nooooooooo",254
"stare",254
"y'all",254
"carl",254
"buns",253
"incoming",253
"level",253
"papi",253
"columbia",253
"aye",252
"yyjcheerhype",252
"ate",251
"sounds",251
"siuuuuuuu",251
"mc",251
"belgium",251
"gyatt",250
"mans",250
"mi",250
"feelsstrongman",249
"switch",249
"69",248
"sister",248
"six",248
"tie",248
"cuffem",248
"supervinlin",248
"boys",247
"currently",247
"form",247
"picture",247
"row",247
"yh",247
"r9",247
"girls",246
"hahahahah",246
"legs",246
"lmaooooooo",246
"nobody",246
"yyjjam",246
"jamaica",246
"sb198780s",246
"clone",245
"noob",245
"singing",245
"visit",245
"russian",245
"forever",244
"gooooooo",244
"laugh",244
"scott",244
"taking",244
"question",243
"legend",242
"smelt",242
"mcat",242
"cheese",241
"prayge",241
"saved",241
"speed2",241
"bang",241
"acting",240
"awwww",240
"koncha",240
"lady",240
"lebron",240
"likes",240
"ayaya",240
"tbangel",240
"who's",239
"bleedpurple",239
"bussin",238
"portal",238
"drive",237
"huge",237
"vibe",237
"collab",237
"goallll",237
"addd",236
"trailer",236
"widespeedcall",236
"paypal",236
"fried",235
"heart",235
"omggg",235
"pjsugar",235
"viewers",235
"gol",235
"677",234
"president",234
"total",234
"widespeeddesert",234
"unsane",234
"potato",234
"ears",233
"morning",233
"blocks",233
"neekdudance",233
"else",232
"farming",232
"gifting",232
"ishowspeed's",232
"leg",232
"golden",232
"sspeed",232
"dying",231
"nasty",231
"poll",231
"salad",231
"super",231
"ames",231
"saint",231
"light",230
"lord",230
"om",230
"pants",230
"siu",230
"without",230
"wtfff",230
"freakinstinkin",230
"tiki",230
"goalll",230
"applegreen",230
"plsss",229
"shrek",229
"throw",229
"mesi",229
"67676767",228
"feed",228
"power",228
"13",227
"eh",227
"goes",227
"players",227
"ride",227
"table",227
"where's",227
"working",227
"square",227
"kaicfiremgm",227
"ohhh",226
"rude",226
"ugly",226
"bora",226
"obsidian",226
"ayyyy",225
"glaze",225
"ome",225
"until",225
"yup",225
"mamdani",225
"axe",224
"calling",224
"cheer100",224
"she's",224
"rebeca",224
"maarten",224
"craft",223
"hurt",223
"ishowspeedflip",223
"flow",223
"chloe",223
"golem",223
"using",222
"underwater",222
"cattime2",222
"dr",221
"hahahahahaha",221
"walking",221
"wear",221
"joe",221
"youdontsay",221
"messii",221
"sell",220
"smart",220
"yugclap",220
"gets",219
"lmaao",219
"oo",219
"pro",219
"se",219
"normal",219
"ff",219
"village",219
"cheated",218
"doesn",218
"mommy",218
"55",217
"7cinema",217
"finish",217
"noooooooooo",217
"hattrick",217
"lemme",216
"attack",215
"crine",215
"dayum",215
"fc",215
"forgot",215
"gigachad",215
"seconds",215
"26",214
"caseohdailydoodlestwerk",214
"gooning",214
"tacos",214
"though",214
"fox",214
"brain",213
"bully",213
"moving",213
"nomnom",213
"racist",213
"un",213
"words",213
"sonic",213
"messiiiii",213
"smc",213
"ishowspeedpop",212
"least",212
"te",212
"through",212
"ey",212
"ronaldooo",212
"private",212
"wwwwwwwwwwwwwwwwwwwww",211
"stone",211
"america",210
"cream",210
"doesn't",210
"meee",210
"pog",210
"ring",210
"sadge",210
"spanish",210
"turtle",210
"ouuu",210
"slackedshake",210
"ivory",210
"comes",209
"hype",209
"quick",209
"ttours",209
"drunk",209
"voxy",209
"damage",208
"kind",208
"photo",208
"yourself",208
"sand",208
"ssssssplode",208
"teegri1bron",208
"aw",207
"blabbering",207
"fbpass",207
"moment",207
"near",207
"sleeep",207
"stinkycheese",207
"wtff",207
"clear",206
"evil",206
"killed",206
"portuguese",206
"welcome",206
"fbblock",206
"speedw",206
"reps",206
"crep",206
"banger",205
"yugdance",205
"arms",204
"copium",204
"dream",204
"lucky",204
"skin",204
"yoooooooooo",204
"ome9",204
"cinna",204
"bag",203
"copy",203
"inside",203
"og",203
"five",203
"caseoh",203
"morocco",203
"email",203
"arm",202
"fanumdembow",202
"motion",202
"vamosleo",202
"fam",201
"poop",201
"speedstressed",201
"suiiiiiiiii",201
"asexualpride",200
"cave",200
"itt",200
"mee",200
"mode",200
"sweating",200
"messimessi",200
"2026",199
"box",199
"choice",199
"having",199
"woman",199
"cooking",198
"dogface",198
"siuuuuuuuu",198
"fortress",198
"pepe",198
"canihaveadollar",198
"donate",197
"ik",197
"middle",197
"earrings",197
"coal",197
"23",196
"ago",196
"grass",196
"intersexpride",196
"jumping",196
"scream",196
"spedd",196
"vape",196
"xqcl",196
"japanese",196
"sxm",196
"mertab2tr",196
"italy",195
"script",195
"taco",195
"cheff",194
"genderfluidpride",194
"nonbinarypride",194
"paid",194
"quiet",194
"china",194
"extralife",193
"father",193
"loser",193
"swear",193
"wwwwwwwwwwwwwwwwwwwwww",193
"yonose",193
"scores",193
"19",192
"buttonmash",192
"deep",192
"forget",192
"mess",192
"omfg",192
"pop",192
"seven",192
"thinks",192
"von",192
"nevis",192
"ego",191
"happen",191
"lit",191
"speeeddd",191
"wtruck",191
"servosw",191
"sb198790sbaby",191
"clappi",190
"friends",190
"ho",190
"honey",190
"knight",190
"lie",190
"noise",190
"reading",190
"beating",189
"cheat",189
"gut",189
"lick",189
"lllllllll",189
"singsnote",189
"xddd",189
"breathe",189
"goofy",188
"ishowmeet",188
"wanted",188
"pinkmercy",188
"amen",188
"neegy",188
"ramayana",188
"knew",187
"butt",186
"goin",186
"holding",186
"ittt",186
"till",186
"young",186
"impossible",186
"spee",186
"panicbasket",186
"forthype",185
"ou",185
"outside",185
"speed4",185
"injured",185
"spin",185
"swim",185
"ronaldoooo",185
"skipnhobrasil",185
"bow",184
"clears",184
"dono",184
"front",184
"language",184
"short",184
"whatt",184
"whatt2",184
"99",183
"breath",183
"congrats",183
"fck",183
"naw",183
"nose",183
"nut",183
"tmr",183
"tu",183
"speeedddd",183
"absolute",182
"asss",182
"coast",182
"miami",182
"sex",182
"suayrecry",182
"league",182
"sahur",182
"brady",182
"bist",181
"heyyy",181
"lololol",181
"pink",181
"soeed",181
"soo",181
"sum",181
"rofl",181
"haircut",180
"star",180
"alone",179
"challenge",179
"idea",179
"twitchvotes",179
"auziokekw",179
"stabecaught",179
"american",178
"clueless",178
"definitely",178
"pr",178
"segment",178
"yessir",178
"speeeeeeeeed",178
"salah",178
"pearl",178
"draymond",178
"alr",177
"lionel",177
"loooool",177
"ws",177
"angle",177
"2022",176
"booty",176
"each",176
"eats",176
"friedchicken",176
"ewwwww",175
"history",175
"ome11",175
"wipe",175
"wwwwwwwwwwwwwwwwwwwwwwww",175
"broooooo",174
"chair",174
"fuh",174
"strange",174
"yay",174
"frog",174
"mar3lgmarlmao",174
"pork",174
"34",173
"matter",173
"road",173
"speedbaby",173
"stableronaldo",173
"story",173
"tall",173
"ronald",173
"higher",173
"rising",173
"ddg",173
"leao",173
"dis",172
"egg",172
"hydration",172
"instead",172
"monkas",172
"non",172
"spider",172
"youwhy",172
"hatrick",172
"alive",171
"alright",171
"gf",171
"retire",171
"serious",171
"shiii",171
"spawn",171
"6767676767",171
"pokpikachu",171
"messiiiiii",171
"thinknerdstempiato",171
"lame",170
"tip",170
"ty",170
"uwot",170
"van",170
"mil",170
"hiiiiii",170
"caribbean",170
"kitts",170
"madrid",169
"meeee",169
"videos",169
"bf",169
"suiiiiiiiiii",169
"porra",169
"yonna",169
"based",168
"become",168
"elden",168
"enjoy",168
"jynxi",168
"marry",168
"peed",168
"pm",168
"reacting",168
"valorant",168
"wtffff",168
"laundrybasket",168
"adddd",167
"bite",167
"letsgo",167
"rat",167
"speedddddd",167
"met",167
"goalllll",167
"d1",166
"dirty",166
"pig",166
"touching",166
"week",166
"blind",165
"chocolate",165
"llllllllllll",165
"yessssssss",165
"dangerdance",165
"cheeks",164
"detroit",164
"lmaoooooooo",164
"luv",164
"mvgame",164
"weight",164
"goooooooo",163
"ily",163
"jamalll",163
"rock",163
"there's",163
"pops",163
"thriller",163
"josman",163
"foursen",163
"comment",162
"core",162
"fatass",162
"hop",162
"ima",162
"omgggg",162
"points",162
"tha",162
"wat",162
"won't",162
"scammer",162
"uwu",162
"spurs",162
"dollars",161
"eu",161
"feeling",161
"fucked",161
"may",161
"university",161
"yapping",161
"yeahhh",161
"por",161
"viperusw",161
"goallllll",161
"00",160
"300",160
"damnnn",160
"once",160
"set",160
"wind",160
"speedsad",160
"croatia",160
"case",159
"count",159
"poppy",159
"rebecca",159
"sec",159
"sexy",159
"sirena",159
"speeeeeeeed",159
"2k",159
"ahhhh",158
"choose",158
"hallo",158
"hardest",158
"hella",158
"speed7",158
"wkz0",158
"ayyyyy",157
"fault",157
"grab",157
"hospital",157
"ive",157
"lmfaooooo",157
"ome105",157
"standing",157
"wwwwwwwwwwwwwwwwwwwwwww",157
"line",157
"welll",157
"countries",157
"futplay",157
"35",156
"bc",156
"en",156
"lllllllllll",156
"lockin",156
"skill",156
"things",156
"applausebreak",156
"airrack",156
"cope",156
"joyymelaugh",156
"counting",156
"ayooooo",155
"ill",155
"ist",155
"llllllllll",155
"playtime",155
"vamo",155
"ronaldos",155
"boo",154
"tweaking",154
"uk",154
"teams",154
"ninjagrumpy",154
"mezzopolice",154
"saudi",154
"greatest",153
"jacket",153
"ninja",153
"smile",153
"texas",153
"caralho",153
"kk",153
"twitchsings",153
"bikes",153
"christmas",153
"concerned",152
"dark",152
"finished",152
"jasontheween",152
"learn",152
"problem",152
"reaction",152
"kappahd",152
"los",152
"bosses",152
"br",151
"indian",151
"invite",151
"mate",151
"wedidit",151
"opening",151
"beta",151
"tools",151
"edit",150
"hahahahahah",150
"heyy",150
"iq",150
"kia",150
"oooooo",150
"slept",150
"tried",150
"clips",149
"lollllll",149
"pepsi",149
"pointless",149
"street",149
"bitrate",149
"scoring",149
"cops",149
"thankegg",149
"partytime",149
"bts",149
"awesome",148
"donut",148
"nooooooooooo",148
"ronaldoo",148
"sweet",148
"vibes",148
"toilet",148
"anele",148
"planta11lucian",148
"brazilll",148
"ender",148
"6777",147
"arrows",147
"bum",147
"cares",147
"cop",147
"extra",147
"starting",147
"yesssssssss",147
"yooooooooooo",147
"fff",147
"prod",147
"datsheffy",147
"67777",146
"boyfriend",146
"ee",146
"nahhhhh",146
"perfect",146
"plss",146
"somebody",146
"jared",146
"pid",146
"def",145
"emote",145
"grow",145
"herei",145
"reason",145
"siuuuuuuuuu",145
"slap",145
"joyymescare",145
"demon",144
"goodone",144
"lowk",144
"mask",144
"mother",144
"seeing",144
"watermelon",144
"yap",144
"arabic",144
"blocked",144
"abt",143
"fell",143
"gave",143
"heck",143
"himself",143
"ishowslow",143
"jo",143
"jumpscare",143
"temu",143
"vi",143
"cheffrank",143
"ghosttsouls",143
"siuuuuuuuuuu",143
"messy",143
"danza",143
"asking",142
"folk",142
"happi",142
"headshot",142
"hehe",142
"hereee",142
"mama",142
"piss",142
"holidaycookie",142
"pitch",142
"glorpdance",142
"brazill",142
"asmr",141
"capp",141
"floor",141
"movie",141
"notice",141
"purple",141
"trap",141
"leaking",141
"ti",141
"cte",141
"san",141
"waving",141
"id",140
"npc",140
"they're",140
"women",140
"adin",140
"partyhat",140
"aa",139
"corny",139
"dare",139
"ggggg",139
"innn",139
"ja",139
"jus",139
"neck",139
"ocean",139
"peace",139
"three",139
"upp",139
"56",139
"itsboshytime",139
"avatar",138
"chopped",138
"dummy",138
"esta",138
"fuckin",138
"harder",138
"lalala",138
"means",138
"passed",138
"penis",138
"ss",138
"twice",138
"agahi",137
"crashout",137
"date",137
"lookin",137
"tap",137
"tongue",137
"trees",137
"bruv",137
"kaiii",137
"bench",137
"wheel",137
"inn",136
"mud",136
"pfft",136
"remove",136
"war",136
"wwwwwwwwwwwwwwwwwwwwwwwwww",136
"sewey",136
"dembele",136
"blinked",136
"anymore",135
"blood",135
"deadass",135
"hole",135
"jajaja",135
"kanye",135
"moves",135
"single",135
"sooo",135
"speedslay",135
"user",135
"yu",135
"rulefive",135
"dayldrhahaaa",135
"donde",135
"pushups",135
"torches",135
"blow",134
"bo",134
"greedy",134
"plays",134
"smash",134
"spit",134
"ta",134
"brazillll",134
"married",134
"dart",134
"bathroom",133
"dagestan",133
"dd",133
"flight",133
"poggers",133
"tbh",133
"uppp",133
"cover",133
"var",133
"donated",133
"subsmile",133
"nt",132
"omgg",132
"wife",132
"worry",132
"jp",132
"refresh",132
"yugi",132
"sodacheer",132
"theoff305sussy",132
"course",131
"ded",131
"dies",131
"ffff",131
"snake",131
"speed88",131
"jkanstyle",131
"australia",131
"dia",131
"vanilla",131
"among",130
"door",130
"takes",130
"th",130
"vro",130
"wwwwwwwwwwwwwwwwwwwwwwwww",130
"wwwwwwwwwwwwwwwwwwwwwwwwwwwwww",130
"fanumwstream",130
"rayasiww",130
"united",130
"donkey",130
"art",129
"dutch",129
"laughing",129
"mind",129
"scaredycat",129
"screaming",129
"pray",129
"forza",129
"bodyguards",129
"miguel",129
"panicvis",129
"mawkzyfront",129
"bra",128
"grandma",128
"ishowfat",128
"joke",128
"key",128
"lfg",128
"whatttt",128
"111",128
"louder",128
"1111",128
"cr",128
"curacao",128
"messsiiii",128
"messssiiii",128
"kaioocombrada",128
"2nd",127
"raw",127
"skibidi",127
"wax",127
"volume",127
"comeback",127
"databasekekw",127
"goalie",127
"wavee",127
"con",127
"pineapple",127
"anime",126
"auraa",126
"donowall",126
"hereeee",126
"hiiiiiii",126
"tts",126
"est",126
"kkkkk",126
"halland",126
"mcdonalds",126
"tunak",126
"abuse",125
"atp",125
"auraaa",125
"corner",125
"deaths",125
"hh",125
"ishowsleep",125
"isn",125
"puss",125
"sea",125
"thinking",125
"um",125
"wearehere",125
"siuu",125
"moonwalk",125
"lower",125
"owner",125
"armour",125
"scoreboard",125
"gwenne3sixseven",125
"beef",124
"bruhhh",124
"child",124
"damnn",124
"either",124
"fort",124
"google",124
"gooooooooo",124
"hee",124
"isn't",124
"mexican",124
"omepfft",124
"shoes",124
"speeeeeeeeeed",124
"wa",124
"waveee",124
"33",123
"bar",123
"blud",123
"bruhh",123
"found",123
"goood",123
"heree",123
"icant",123
"keyboard",123
"record",123
"speaking",123
"spot",123
"works",123
"foot",123
"nervous",123
"app",123
"beach",123
"stress",123
"anthon4w",123
"basement",122
"freaky",122
"jean",122
"news",122
"nuts",122
"pbm",122
"portugues",122
"tooo",122
"used",122
"uu",122
"nono",122
"arf",122
"bodyguard",122
"central",122
"dictator",122
"ankara",122
"uzi",122
"kageto4lovepink",122
"above",121
"awwwww",121
"broski",121
"changed",121
"delete",121
"exactly",121
"issue",121
"ooooooo",121
"ruined",121
"selling",121
"wwwwwwwwwwwwwwwwwwwwwwwwwwww",121
"yoooooooooooo",121
"europe",121
"movement",121
"feelsgoodman",121
"alt",120
"base",120
"clock",120
"control",120
"cuh",120
"itttt",120
"noooooooooooo",120
"oof",120
"rain",120
"shaking",120
"sun",120
"widespeedannoyed",120
"quality",120
"fired",120
"palestina",120
"ru",120
"messsiii",120
"32",119
"attention",119
"ayoooooo",119
"bih",119
"brown",119
"fav",119
"lagg",119
"lmaooooooooo",119
"lmaoooooooooo",119
"lolllllll",119
"mmmm",119
"ones",119
"rawkout",119
"spiderman",119
"step",119
"upgrade",119
"68",119
"defense",119
"rivals",119
"views",119
"kaii",119
"genug",119
"character",118
"damm",118
"ground",118
"jamallll",118
"kkk",118
"past",118
"pov",118
"speeeeeeeeeeed",118
"widespeedomg",118
"widespeedplease",118
"youuu",118
"background",118
"stole",118
"excited",118
"suiiiiiiiiiii",118
"vincent",118
"sb1987hype1",118
"episode",117
"fair",117
"gggggg",117
"showing",117
"uhh",117
"leaving",117
"speeedd",117
"caseohdookiestain",117
"nba",117
"santai",117
"stairs",117
"yuniclap",117
"blonde",116
"heavy",116
"hrs",116
"je",116
"lmfaoooooo",116
"lucas",116
"mo",116
"proud",116
"dash",116
"ronaldooooo",116
"asl",115
"balright",115
"gear",115
"loo",115
"ohhhh",115
"yeahh",115
"xdddd",115
"fah",115
"speeeddddd",115
"loose",115
"endrick",115
"guards",115
"sharks",115
"anthem",115
"cloned",115
"blackpink",115
"100k",114
"ahahaha",114
"giving",114
"i've",114
"wit",114
"wwwwwwwwwwwwwwwwwwwwwwwwwww",114
"hscheers",114
"thetarfu",114
"everywhere",114
"x2xrak25",114
"scum",114
"somjuunerd",114
"unkochanpower",114
"nicotinesub",114
"clipped",113
"ewwwwww",113
"leo",113
"lllllllllllll",113
"privet",113
"speed's",113
"sweaty",113
"socks",113
"supporting",113
"hachuclapping",113
"alveusdance",113
"enchant",113
"yugkissahomie",113
"allowed",112
"boutta",112
"ghost",112
"gooner",112
"hahahahahahaha",112
"hollon",112
"pagman",112
"promo",112
"worse",112
"goall",112
"scripted",112
"stabedance",112
"bucks",112
"lambo",112
"kaicyougoodmud",112
"traffic",112
"mrkazverhappy",112
"average",111
"chain",111
"code",111
"driving",111
"hug",111
"nigeria",111
"op",111
"plssss",111
"sometimes",111
"speedeat",111
"spiiiiiiid",111
"sunny",111
"terrible",111
"thick",111
"train",111
"sobayed",111
"twerk",111
"pool",111
"summer",111
"unkochansmile",111
"70",111
"grenada",111
"martin",111
"kaiccryy",111
"shadowzatabla",111
"yugdanse",111
"bait",110
"boom",110
"goattt",110
"group",110
"sitting",110
"tough",110
"uuu",110
"weirdo",110
"wet",110
"speeddddddd",110
"knees",110
"caseohlads",110
"holidaylog",110
"allez",110
"crouch",110
"uzb",110
"ganhar",110
"girlfriend",109
"lacy",109
"map",109
"mcdonald",109
"ps5",109
"streamers",109
"trippin",109
"workout",109
"yeahhhh",109
"gyattt",109
"numbers",109
"riding",109
"stabeblue",109
"messssi",109
"silvio55eyes",109
"brothers",108
"frogwow",108
"gas",108
"guard",108
"land",108
"missing",108
"okk",108
"prob",108
"reset",108
"speedlaughpffftt",108
"wasnt",108
"woke",108
"adhd",108
"mrgtanc",108
"sonn",108
"midfield",108
"sirens",108
"cris",108
"7krow",108
"aaa",107
"asleep",107
"ayeee",107
"barking",107
"gif",107
"hahahahha",107
"jamals",107
"killing",107
"round",107
"supposed",107
"wee",107
"wwwwwwwwwwwwwwwwwwwwwwwwwwwwwwww",107
"yelling",107
"rocket",107
"easiest",107
"spidd",107
"justakrem",107
"ronaldoooooo",107
"seeds",107
"fnmongraal",107
"flint",107
"ghast",107
"aaaa",106
"cold",106
"dada",106
"damnnnn",106
"eye",106
"fu",106
"shyt",106
"stable",106
"yooooooooooooo",106
"bundle",106
"siuuuuuuuuuuu",106
"676767676767",106
"theringer",106
"su",106
"worldcup",106
"iraq",106
"vr",106
"latwogong",106
"kevin",106
"kais",106
"verde",106
"waveeee",106
"broken",105
"clavicular",105
"future",105
"imma",105
"lwk",105
"method",105
"wew",105
"caseohalpha",105
"cuuup",105
"creeper",105
"1st",104
"27",104
"act",104
"ahahah",104
"dangerous",104
"di",104
"forward",104
"knowledge",104
"pad",104
"sense",104
"telling",104
"bottle",104
"sa",104
"caseohnoodles",104
"peter",104
"brasilll",104
"ayeeee",103
"cake",103
"hater",103
"meeeee",103
"we're",103
"goatttt",103
"latesave",103
"spiiiiiiiid",103
"grandpa",103
"torch",103
"goalllllll",103
"tylil",103
"adsss",102
"aim",102
"angry",102
"auraaaa",102
"cappp",102
"chats",102
"combo",102
"dudes",102
"farted",102
"hang",102
"ne",102
"outta",102
"parents",102
"rko",102
"sayin",102
"showspeed",102
"snow",102
"ddd",102
"clav",102
"jordan",102
"mpxplaletsgo",102
"joniur",102
"nederland",102
"spiii",102
"roomynuke",102
"yara",102
"dernalove3",102
"daesuppy",102
"tbpeanutanimpeanut",102
"bbq",101
"burn",101
"clutch",101
"controller",101
"cousin",101
"goats",101
"muslim",101
"seat",101
"steal",101
"wonder",101
"sigma",101
"coach",101
"diving",101
"45",100
"accept",100
"chilll",100
"dahul",100
"doo",100
"happens",100
"heyyyy",100
"joncarnage",100
"lllllllllllllll",100
"punch",100
"self",100
"timing",100
"va",100
"yessssssssss",100
"sonnn",100
"backrooms",100
"holland",100
"11111",100
"ritzmitz",100
"robot",100
"arg",100
"gana",100
"tunisia",100
"covegg",100
"vexspeed",100
"ahhhhh",99
"ash",99
"battle",99
"er",99
"falling",99
"hint",99
"juice",99
"stick",99
"wdym",99
"chatting",99
"nails",99
"jynxzivapebreak",99
"kerry",99
"kkkk",99
"syd",99
"snhalfmoon",99
"somjuumeg",99
"ahahahah",98
"bottom",98
"duh",98
"internet",98
"mitch",98
"moon",98
"omggggg",98
"papa",98
"recorded",98
"theyre",98
"yesyes",98
"zero",98
"speednooo",98
"laggg",98
"mocny",98
"scammed",98
"redcoat",98
"simulator",98
"kazakhstan",98
"tumblustalloni",98
"addddd",97
"bday",97
"catch",97
"salve",97
"shorts",97
"tenn",97
"yee",97
"dive",97
"psg",97
"mesii",97
"book",97
"edge",97
"halftime",97
"iorelule",97
"donkaagroen",97
"213",97
"677777",96
"bouta",96
"ciao",96
"f4",96
"jackson",96
"yeaaa",96
"theagencycheer",96
"spongebob",96
"helmet",96
"dernahype2",96
"nypd",96
"notrea69crine",96
"netherite",96
"actual",95
"christ",95
"crush",95
"hahahha",95
"llllllllllllll",95
"loses",95
"north",95
"pregnant",95
"speedo",95
"trade",95
"waste",95
"mog",95
"christ1447turnitup",95
"speedpls",95
"rap",95
"maney",95
"suite",95
"zip",95
"bangladesh",95
"ninasc1djsquirrel",95
"nikkijpoggies",95
"karaoke",95
"actor",94
"adss",94
"bell",94
"bright",94
"dogs",94
"ga",94
"jk",94
"looked",94
"nerd",94
"nowaying",94
"park",94
"pissed",94
"pleasee",94
"sniper",94
"injury",94
"flying",94
"bricked",94
"selfie",94
"rolando",94
"mrsal5girophare",94
"argieb8",94
"plank",94
"crafting",94
"alot",93
"bs",93
"cannot",93
"duo",93
"granny",93
"inventory",93
"ishowsped",93
"mann",93
"ola",93
"orange",93
"order",93
"ripbozo",93
"sugar",93
"taste",93
"widespeedlaugh15",93
"ayyyyyy",93
"forehead",93
"peru",93
"flags",93
"hugo1dance",93
"asu",93
"neves",93
"skipp",93
"awake",92
"bb",92
"capping",92
"fossabot",92
"fym",92
"ohnono",92
"pressed",92
"restart",92
"rudiger",92
"wewww",92
"upppp",92
"676",92
"kawutguys",92
"twitchrpg",92
"ariliahype",92
"iorertsd",92
"mobs",92
"ethourah",92
"al",91
"bbc",91
"gingerpower",91
"gona",91
"health",91
"nvm",91
"salt",91
"skinny",91
"soy",91
"youuuu",91
"club",91
"keeper",91
"looooool",91
"nika",91
"suuuuu",91
"haiti",91
"x1kluxspeedlaugh",91
"42",91
"kaiiii",91
"wanum",91
"erychype",91
"messiiiiiii",91
"10000",90
"billie",90
"breathing",90
"dry",90
"fail",90
"few",90
"glitch",90
"glory",90
"instagram",90
"living",90
"mmmmm",90
"noooooooooooooo",90
"phonk",90
"rizzz",90
"sent",90
"siuuuuuuuuuuuuu",90
"sky",90
"special",90
"speedlaugh5",90
"uhhh",90
"wwwwwwwwwwwwwwwwwwwwwwwwwwwww",90
"african",90
"pin",90
"ignored",90
"americans",90
"fbpenalty",90
"ronaldinho",90
"ng",90
"latwoogang",90
"90",90
"paste",90
"jessme6ok",90
"sloppy20mustard",90
"somaalia",90
"atleast",89
"chud",89
"coke",89
"complete",89
"dropped",89
"fuk",89
"gaming",89
"hu",89
"ignore",89
"kkkkkk",89
"magic",89
"pain",89
"tight",89
"weww",89
"whoever",89
"mogs",89
"formation",89
"quien",89
"60m",89
"kkkkkkkk",89
"thejay18w",89
"lizard",89
"ar",88
"assss",88
"chip",88
"dihh",88
"dj",88
"jajajaja",88
"youu",88
"warm",88
"ballon",88
"brasillll",88
"fanumtroupeani1",88
"waveeeee",88
"cameramanjustice",88
"indiag1light",88
"caseohdailydoodledance",88
"76",87
"account",87
"captain",87
"earlier",87
"ended",87
"hellooo",87
"jack",87
"miles",87
"playin",87
"showed",87
"slay",87
"winner",87
"wtfffff",87
"lmaooooooooooo",87
"ooh",87
"caseohcomeoncuh",87
"predictions",87
"tickets",87
"lights",87
"gente",87
"mob",87
"gel",87
"notrea6967",87
"kuduro",87
"trizze1",87
"kaicsturdyy",87
"tortoise",87
"vangardrefresh",87
"akbar",86
"auntie",86
"aware1",86
"color",86
"curse",86
"dollar",86
"fighting",86
"fn",86
"frfr",86
"glazing",86
"hhh",86
"horrible",86
"ome67",86
"online",86
"rate",86
"reply",86
"steam",86
"text",86
"translate",86
"virus",86
"66",86
"mono",86
"zoom",86
"eee",86
"lest",86
"easier",86
"kahoot",86
"finals",86
"som",86
"laxhawfail",86
"fanumani",86
"peepomorocco",86
"furnace",86
"linahdspeed",86
"age",85
"anyway",85
"dw",85
"entire",85
"fbchallenge",85
"feelssaluteman",85
"goodnight",85
"lolo",85
"smooth",85
"steve",85
"subbed",85
"thx",85
"uuuu",85
"yuh",85
"slop",85
"dodge",85
"doom",85
"aqui",85
"nk0slglaze",85
"penalties",85
"speeeeddd",85
"67676767676767",85
"omewiggle",85
"jet",85
"invited",85
"jkinsjedi",85
"sirell4w",85
"covepatrickyes",85
"mongraal",85
"flagwavin",85
"keshaspin",85
"ahahahaha",84
"asked",84
"bonjour",84
"cc",84
"common",84
"fatty",84
"happend",84
"i'll",84
"il",84
"mane",84
"mercy",84
"rules",84
"sleeeep",84
"teach",84
"womp",84
"worth",84
"hurts",84
"persona",84
"suiiiiiiiiiiii",84
"comedy",84
"twins",84
"buddhabar",84
"balloon",84
"christ1447ilysm",84
"brazilllll",84
"dept",84
"errkkasweden",84
"32chair",83
"baddies",83
"cow",83
"dem",83
"ear",83
"gives",83
"goooooooooo",83
"hai",83
"ki",83
"lmfaooooooo",83
"main",83
"robbed",83
"shiiii",83
"suayrez",83
"aliendance",83
"possible",83
"letsss",83
"swedish",83
"yooooooooooooooo",83
"teegri1bigwwww",83
"ger",83
"ggggggg",83
"405",83
"source",83
"meeessi",83
"zipper",83
"clown",82
"considering",82
"decision",82
"fact",82
"femboy",82
"gamer",82
"gimme",82
"hiiiiiiii",82
"lines",82
"nick",82
"ofcourse",82
"oop",82
"porn",82
"share",82
"wayyy",82
"speedlaugh2",82
"allahu",82
"freestyle",82
"kreekcraft",82
"tinyface",82
"mccain",82
"votopa",82
"itmadvvega",82
"ney",82
"takeyhuggers",82
"shiftlock",82
"bored",81
"brotha",81
"bruno",81
"hates",81
"keeps",81
"lmaoooooooooooo",81
"luis",81
"nahhhhhh",81
"nooooooooooooo",81
"ol",81
"practice",81
"series",81
"toes",81
"xddddd",81
"speee",81
"80",81
"ashy",81
"trinidad",81
"tyla",81
"sb1987oop",81
"chatt",80
"danseee",80
"dum",80
"epstein",80
"jumped",80
"lollllllll",80
"partypopper",80
"pp",80
"pure",80
"ronaldo's",80
"speedbarking",80
"co",80
"wewwww",80
"gaz",80
"megaconsume",80
"speeeedddd",80
"lamo",80
"yeee",80
"digger",80
"kkkkkkk",80
"111111",80
"subscribers",80
"duke",80
"gex",80
"jeremiah",80
"shop",80
"2030",80
"olise",80
"itzmel17heckyeaah",80
"mlzlztnks",80
"04",79
"32chairattack",79
"adssss",79
"bomboclat",79
"bunch",79
"couple",79
"helll",79
"horny",79
"hr",79
"important",79
"robux",79
"rooting",79
"spiiiiiiiiiiiid",79
"vip",79
"blubbers",79
"caseohpinkballon",79
"pastathat",79
"siuuuuuuuuuuuu",79
"suuuu",79
"twitchraid",79
"vioshake",79
"starts",79
"twitchlit",79
"praise",79
"italian",79
"vanessa",79
"culture",79
"cinnarave",79
"oatmeal",79
"62",79
"messsiiiiii",79
"japann",79
"kotayyspeedface",79
"5k",78
"abs",78
"aight",78
"ayooooooo",78
"bob",78
"dope",78
"drip",78
"during",78
"holly",78
"ii",78
"islands",78
"lmaooooooooooooo",78
"mark",78
"messages",78
"mfs",78
"ohhhhh",78
"ohshit",78
"oui",78
"viewer",78
"wwwwwwwwwwwwwwwwwwwwwwwwwwwwwwwww",78
"deaf",78
"bones",78
"dm",78
"llol",78
"stage",78
"maria",78
"primeme",78
"turkey",78
"valley",78
"digicel",78
"parade",78
"dima",78
"lmpattdamn",78
"cee",78
"chameleon",78
"lamatinaleparkerdance",78
"mikamu5lol",78
"tcleanttmn",78
"arrosscringe",78
"nippon",78
"bill",77
"born",77
"confused",77
"everyday",77
"feels",77
"freaking",77
"jamalllll",77
"longer",77
"ome18",77
"sint",77
"spead",77
"spear",77
"state",77
"stuck",77
"style",77
"sweat",77
"thisss",77
"tht",77
"twerk1",77
"macarena",77
"yoooooooooooooo",77
"geometry",77
"skeleton",77
"felix",77
"hoy",77
"winniehuh",77
"skippp",77
"ishowcaca",77
"mpxplarat",77
"44",76
"arrow",76
"barber",76
"blackcatluck",76
"ddaviid24",76
"docnotl",76
"drugs",76
"ex",76
"handsome",76
"hardcore",76
"heat",76
"legit",76
"llllllllllllllll",76
"lolololol",76
"lookup",76
"none",76
"paul",76
"shots",76
"smoke",76
"soooo",76
"speed72",76
"swipe",76
"tripping",76
"useless",76
"wwwwwwwwwwwwwwwwwwwwwwwwwwwwwwwwww",76
"xdddddddddddddd",76
"yr",76
"pour",76
"2m",76
"calma",76
"iam",76
"lyrics",76
"peped",76
"dddd",76
"ahahahahah",76
"gum",76
"kurt04messi",76
"keshawidelove",76
"shyrohype",76
"28",75
"ahead",75
"chattt",75
"clipfarm",75
"fffff",75
"flashback",75
"fs",75
"hero",75
"kek",75
"kissed",75
"mm",75
"niggas",75
"plsssss",75
"seems",75
"wha",75
"write",75
"manager",75
"yeaa",75
"siuuuuuuuuuuuuuu",75
"corn",75
"essa",75
"spice",75
"goggles",75
"ranaldo",75
"liial",75
"somjuulookback",75
"widetime2",75
"paxyvtpaxcelebrate",75
"coventry",75
"600",74
"duck",74
"fraud",74
"genuinely",74
"heaven",74
"joao",74
"leon",74
"loooooool",74
"master",74
"prolly",74
"shave",74
"stinky",74
"ugh",74
"ahaha",74
"camyslsiren",74
"woo",74
"intheirbag",74
"suuuuuu",74
"helo",74
"moderator",74
"fbrun",74
"spike",74
"wwwwwwwwwwwwwwwwwwwwwwwwwwwwwww",74
"lane",74
"mexicoooo",74
"tenacitypogtrain",74
"yugchant1",74
"333",73
"arent",73
"dingdong",73
"earth",73
"gameplay",73
"needed",73
"plane",73
"plus",73
"prchase",73
"project",73
"stomach",73
"truth",73
"wolf",73
"kappaross",73
"sport",73
"earings",73
"kippa",73
"spiiiiiiiiiid",73
"pardon",73
"puka",73
"naymar",73
"ludwig",73
"bilalyes",73
"limitl101lms",73
"sagat",73
"aaaaa",72
"bbl",72
"cursed",72
"das",72
"digga",72
"drinks",72
"epic",72
"firsttimechatter",72
"freak",72
"fungineer",72
"gd",72
"larry",72
"meal",72
"monster",72
"pl",72
"turned",72
"uncle",72
"waffle",72
"wasn",72
"widespeeddisappointed",72
"wt",72
"wwwwwwwwwwwwwwwwwwwwwwwwwwwwwwwwwwww",72
"yeaaaa",72
"yummy",72
"loss",72
"greeen",72
"garbage",72
"suit",72
"databasedance",72
"triple",72
"babe",72
"ffffff",72
"iphone",72
"speedutd",72
"dress",72
"dbstyle",72
"elmarianaza",72
"waves",72
"mottafilick",72
"caseohlife",72
"kulaickulai",72
"sloppy20petthemursu",72
"brah",71
"chicago",71
"ffs",71
"gn",71
"hitting",71
"holyyy",71
"innnn",71
"puta",71
"rough",71
"spitthetruth",71
"ten",71
"wayyyy",71
"whatever",71
"slipzz",71
"xddddddddddddd",71
"gooooooooooo",71
"hahahahahahah",71
"mill",71
"belt",71
"yesssssssssss",71
"hoodie",71
"pedreiro",71
"cheerstothat",71
"sticker",71
"closer",71
"escort",71
"sidney",71
"notatk",71
"speedcrashout",71
"junko",71
"dnd",71
"enzzaiww",71
"cacanaldo",71
"3rd",70
"bath",70
"built",70
"ding",70
"dio",70
"effect",70
"hahaa",70
"hhhh",70
"lives",70
"location",70
"nun",70
"protect",70
"ps",70
"timeout",70
"trip",70
"yeees",70
"you'll",70
"slipzzz",70
"mannn",70
"yees",70
"mano",70
"sunshine",70
"nasasparkle",70
"youtuber",70
"hotel",70
"nights",70
"sou",70
"heyheyguys",70
"champion",70
"sleeeeep",70
"tommorow",70
"venezuela",70
"larps",70
"brazillllll",70
"grillz",70
"messsssi",70
"shadowzaeyeshake",70
"leent7hh",70
"vangardrave",70
"f3",70
"advice",69
"between",69
"brooooooo",69
"bud",69
"burgers",69
"dispatch",69
"drinking",69
"favourite",69
"hmm",69
"jit",69
"knee",69
"meeeeee",69
"moo",69
"nature",69
"teeth",69
"weapon",69
"ship",69
"gtaplay",69
"wallah",69
"sewy",69
"morroco",69
"speedi",69
"toospicy",69
"speedjam",69
"mia",69
"alhamdulillah",69
"benkkupuglyfiggle",69
"grammarking",69
"ibaibrasil",69
"messsiiiii",69
"kotayylaugh",69
"arepa",69
"woolzlockin",69
"handstand",69
"31",68
"48",68
"auto",68
"baller",68
"bruhhhh",68
"continue",68
"daryl",68
"fruit",68
"guns",68
"hereeeee",68
"hoe",68
"homie",68
"kkkkkkkkkk",68
"loot",68
"nuke",68
"pulled",68
"rare",68
"sh",68
"shows",68
"speedddddddd",68
"wowww",68
"xbox",68
"yessssssssssss",68
"kkona",68
"deloolggs",68
"pasta",68
"mario",68
"optimizeprime",68
"pogchomp",68
"ba",68
"obby",68
"tax",68
"cupppp",68
"mountain",68
"philippines",68
"suweeey",68
"thumbnail",68
"plate",68
"ariana52www",68
"gorila",68
"krissd4clap",68
"tayo",68
"uzbek",68
"x7m7vsigma",68
"f4alt",68
"comments",67
"deserve",67
"dreams",67
"flash",67
"holyy",67
"inches",67
"kenny",67
"lesgo",67
"realtu11realface",67
"ruby",67
"solo",67
"wwwwwwwwwwwwwwwwwwwwwwwwwwwwwwwwwww",67
"wya",67
"swimming",67
"gamee",67
"ezz",67
"suuuuuuu",67
"goalkeeper",67
"wsppp",67
"lagggg",67
"vids",67
"ishowdih",67
"laggy",67
"siuuuuuuuuuuuuuuu",67
"spiiiiddd",67
"whistle",67
"ignoring",67
"jlisw",67
"corrupt",67
"ween",67
"winn",67
"clanker",67
"hypelul",67
"shadylulu",67
"yayahbrasil",67
"messie",67
"stabeta",67
"salmonella",67
"adddddd",66
"appreciate",66
"awwwwww",66
"board",66
"crap",66
"inc",66
"jj",66
"momma",66
"moms",66
"sauce",66
"saving",66
"skills",66
"sour",66
"thatscrazy",66
"thr",66
"tufff",66
"wwwwwwwwwwwwwwwwwwwwwwwwwwwwwwwwwwwww",66
"xdddddddddd",66
"yours",66
"echo",66
"gameee",66
"flat",66
"amo",66
"como",66
"daren",66
"idol",66
"thanksgiving",66
"ronaldooooooo",66
"sleepgo",66
"aren't",65
"barely",65
"coconut",65
"crashing",65
"eattt",65
"fahh",65
"gain",65
"haters",65
"kicked",65
"leondance",65
"massive",65
"mini",65
"naked",65
"others",65
"smells",65
"smth",65
"split",65
"wings",65
"xddddddddddd",65
"yoyo",65
"borpalickl",65
"disbelief",65
"goattttt",65
"mike",65
"mum",65
"pa",65
"wideboink",65
"calll",65
"furry",65
"speedflip",65
"msg",65
"wheat",65
"booo",65
"chester",65
"tidal",65
"jasont2nms3",65
"jaylen",65
"sideways",65
"bluelock",65
"melparnitrous",65
"booooo",64
"brodie",64
"capppp",64
"cash",64
"crew",64
"eggs",64
"ewwwwwww",64
"fame",64
"gettin",64
"glad",64
"nooooooooooooooo",64
"oooooooo",64
"sheesh",64
"speeeeeeeeeeeed",64
"spiddd",64
"stink",64
"streamelements",64
"tea",64
"turning",64
"uganda",64
"widespeedlaugh3",64
"cords",64
"rice",64
"mon",64
"backyardmessi",64
"futbol",64
"sss",64
"wata",64
"yeahhhhh",64
"noww",64
"plzz",64
"caca",64
"congratulations",64
"toast",64
"wicked",64
"iamcz3k",64
"touched",64
"goff",64
"messis",64
"colombian",64
"bart",64
"sb1987uzi",64
"mace",64
"imnotd1wideohshi",64
"mm5kraging",64
"2xrakai",63
"brand",63
"breaking",63
"bta",63
"bug",63
"bullshit",63
"counter",63
"distance",63
"lay",63
"meikodboyhaha",63
"poo",63
"porco",63
"queen",63
"ragebaiting",63
"siuuuuuuuuuuuuuuuu",63
"stars",63
"thedes49haha",63
"npcs",63
"struggling",63
"suiiiiiiiiiiiii",63
"taller",63
"sports",63
"wrap",63
"itzluwtf",63
"brasilllll",63
"illa",63
"kto",63
"corinthians",63
"himmm",63
"kc3",63
"roberto",63
"grizzl290catdance",63
"subhan",63
"iorecap",63
"d10",63
"messiiiiiiiii",63
"sidney4wwww",63
"montenegro",63
"mightaw",63
"skipppp",63
"shokbar",63
"xoxw",63
"sabssavslalalala",63
"herobrine",63
"5x",62
"89",62
"agree",62
"ayoooooooo",62
"brody",62
"butter",62
"choke",62
"cornball",62
"dammm",62
"friendly",62
"gayyy",62
"messed",62
"niga",62
"predict",62
"rep",62
"timed",62
"upset",62
"yeeee",62
"fanumclappinghands2",62
"kisss",62
"barca",62
"woooo",62
"databasealienpls3",62
"heyyyyy",62
"julian",62
"1111111",62
"airack",62
"escape",62
"alguem",62
"animals",62
"bap",62
"cinnaclap",62
"holidaytree",62
"sheep",62
"brazybeckekw",62
"firo76turkey",62
"illaha",62
"lamatinalecharo",62
"tumbluemotedelmarzone",62
"somjuugojo",62
"ylbusportugal",62
"innlock",62
"bloodbath",61
"button",61
"clothes",61
"cuhh",61
"david",61
"driver",61
"dumbahh",61
"enjoying",61
"fears",61
"hasnt",61
"lllllllllllllllll",61
"logan",61
"looooooool",61
"mal",61
"motivation",61
"myself",61
"plan",61
"sht",61
"suuu",61
"widespeedbark",61
"xddddddddddddddd",61
"copyright",61
"legends",61
"boooo",61
"huzz",61
"os",61
"toronto",61
"avoid",61
"fathom",61
"hhhhh",61
"training",61
"carnival",61
"strip",61
"au",61
"faidewiggle",61
"mexicooo",61
"dallas",61
"warabo1yuhh",61
"goallllllll",61
"ohnecool",61
"santea",61
"wel",61
"woolzcatjam",61
"yamayallamaroll",61
"criiistiano",61
"montagem",61
"wapon",61
"bleeding",60
"breaks",60
"chatters",60
"chatttt",60
"chop",60
"computer",60
"destroy",60
"dooo",60
"eeee",60
"error",60
"fool",60
"gachibass",60
"goatt",60
"hahahahhaha",60
"hahahhaha",60
"ishowgay",60
"jimmy",60
"mogging",60
"nap",60
"nuggets",60
"post",60
"putting",60
"reveal",60
"shy",60
"spell",60
"throwing",60
"title",60
"vaping",60
"wut",60
"kkkkkkkkkkkk",60
"gooooooooooooo",60
"lollol",60
"wooden",60
"enzo",60
"jorkin",60
"leakkk",60
"speddd",60
"third",60
"aaaaaa",60
"criminal",60
"heee",60
"meu",60
"666",60
"reach",60
"kaiiiii",60
"f5",60
"national",60
"yrgegyat2",60
"cinnahop",60
"volcano",60
"anguilla",60
"pele",60
"llunibailoteo",60
"haland",60
"messi's",60
"3v3",60
"sb1987sheesh",60
"messiiiiiiii",60
"yyj777",60
"rooonaldoo",60
"samtugportuga",60
"bopdrop",60
"stabecringe",60
"sumaiz67",60
"girlhestaring",60
"mpxplaangry",60
"29",59
"50k",59
"77",59
"begging",59
"broooooooo",59
"chose",59
"clementine",59
"dawn",59
"dump",59
"fahhhh",59
"hahahahahahahaha",59
"insta",59
"jamel",59
"lolllllllll",59
"ot",59
"ouuuu",59
"pillow",59
"qq",59
"raid",59
"roll",59
"shape",59
"snitch",59
"speeeeddddd",59
"speeeeeeeeeeeeeed",59
"sticks",59
"stopped",59
"tied",59
"twd",59
"uo",59
"valid",59
"byeee",59
"cj",59
"getthatbread",59
"trikool",59
"eeeee",59
"goooooooooooo",59
"gggggggg",59
"hej",59
"sonnnn",59
"update",59
"interview",59
"blargnaut",59
"jactha1beuker",59
"diva",59
"gyatttt",59
"suuuuuuuuu",59
"bailey",59
"brasill",59
"dernaghost",59
"kaicgimmiegold",59
"maintain",59
"peepopls",59
"farquad",59
"omer",59
"bomb",58
"cookies",58
"copythis",58
"cost",58
"deserved",58
"easily",58
"et",58
"fahhh",58
"fcking",58
"friday",58
"greetings",58
"holyyyy",58
"lemon",58
"local",58
"missile",58
"mrbeast",58
"seriously",58
"starving",58
"sucking",58
"tvsava2noway",58
"version",58
"weeks",58
"seee",58
"brp",58
"hohoho",58
"vv",58
"cade",58
"gk",58
"puerto",58
"devil",58
"aiden",58
"ich",58
"mikehogu",58
"playy",58
"town",58
"emirucheer",58
"jamekhglove",58
"biglad15ripp",58
"emerald",58
"mexicooooo",58
"goooool",58
"icecream",58
"thombw",58
"tokyosimsdancing",58
"mizipsg",58
"pregnancy",58
"mining",58
"able",57
"bro's",57
"chillgirl",57
"damnnnnn",57
"dip",57
"dub",57
"fear",57
"gey",57
"healthy",57
"height",57
"idiots",57
"kiddo",57
"kissss",57
"liar",57
"llllllllllllllllll",57
"louisss",57
"nugget",57
"plastic",57
"pleaseee",57
"spend",57
"walls",57
"wouldnt",57
"wwwwwwwwwwwwwwwwwwwwwwwwwwwwwwwwwwwwww",57
"wwwwwwwwwwwwwwwwwwwwwwwwwwwwwwwwwwwwwwww",57
"dihhh",57
"doors",57
"hihi",57
"kay",57
"der",57
"ezzz",57
"musty",57
"slip",57
"cara",57
"retired",57
"yrgedance",57
"oxygen",57
"suiiiiiiiiiiiiii",57
"monkafriedchicken",57
"snipyl",57
"antonio",57
"jaxson",57
"poooop",57
"divinep1peaceout",57
"cote",57
"ezialuvzu",57
"silvio55schneckt",57
"jrdnnow",57
"07",56
"59",56
"ahhhhhh",56
"below",56
"blink",56
"building",56
"bunny",56
"caseohkittyyy",56
"chillin",56
"commercial",56
"cutie",56
"feelsbadman",56
"fkn",56
"goty",56
"hits",56
"hows",56
"huhh",56
"hydrate",56
"minik",56
"noooooooooooooooo",56
"onehand",56
"stinks",56
"streets",56
"yoooooooooooooooo",56
"empty",56
"finger",56
"ow",56
"mass",56
"hala",56
"ooooooooo",56
"subgoal",56
"helloooo",56
"kkkkkkkkkkkkkk",56
"rico",56
"unclenox",56
"wspp",56
"drops",56
"kkkkkkkkk",56
"po",56
"royali5hakken",56
"christiano",56
"sleepp",56
"subaaa",56
"existdoes",56
"lawyer",56
"seats",56
"freekick",56
"mystic1333kika1",56
"batorasudachikunanimation",56
"lmpattws",56
"nexzoubigw",56
"t10scared",56
"aren",55
"carry",55
"chickens",55
"chris",55
"crazyyy",55
"f1",55
"joking",55
"lmfaoooooooo",55
"proof",55
"pushing",55
"ran",55
"shoe",55
"sirsword",55
"sleepy",55
"speeeedd",55
"stressed",55
"vision",55
"vote",55
"whip",55
"wo",55
"4k",55
"letss",55
"onnn",55
"wooo",55
"beter",55
"suiiiiiiiiiiiiiii",55
"wallhi",55
"effort",55
"dale",55
"kkkkkkkkkkk",55
"setup",55
"speed40",55
"mb",55
"accent",55
"bars",55
"impheeclimb",55
"jumps",55
"seattle",55
"spidddd",55
"brasileiro",55
"pie",55
"darrel",55
"marteen",55
"bleus",55
"puke",55
"imspiraling",55
"jb",55
"smoocherz",55
"costa",55
"dududu",55
"databasepffttt",55
"madi",55
"batorasudachikun6",55
"pelmx1breakdance",55
"christ1447saved",55
"heartwoodrave",55
"itzpep2salem",55
"japannn",55
"20p6kqk6zii",55
"ebk",55
"beds",55
"150",54
"beside",54
"christian",54
"dear",54
"disrespectful",54
"donation",54
"fo",54
"gamble",54
"glazer",54
"hating",54
"helping",54
"himm",54
"jenny",54
"karen",54
"kidd",54
"lies",54
"llllllllllllllllllll",54
"mobile",54
"nooooooooooooooooo",54
"obviously",54
"opieop",54
"paper",54
"shitty",54
"shooting",54
"songs",54
"speedy7",54
"strawbeary",54
"throat",54
"west",54
"wwwwwwwwwwwwwwwwwwwwwwwwwwwwwwwwwwwwwwwwwwwwwwww",54
"fanumlittnesss",54
"gud",54
"party1",54
"wwwwwwwwwwwwwwwwwwwwwwwwwwwwwwwwwwwwwww",54
"arsenal",54
"finnish",54
"yrgehaha",54
"bay",54
"sourpls",54
"window",54
"aple",54
"monday",54
"nuh",54
"asssss",54
"shelov36icant",54
"speeeeeeeeeeeeed",54
"wallahisay",54
"guyana",54
"ski",54
"naldo",54
"yamayaflush",54
"kongo",54
"portugall",54
"rafael",54
"rede",54
"gooool",54
"vive",54
"woolzpolice",54
"41",54
"jessme6coffee",54
"kaykil7uh",54
"g1ngeredcard",54
"tutou4czfish",54
"mooged",54
"sorreylmao",54
"chestplate",54
"alert",53
"beg",53
"blame",53
"bull",53
"busy",53
"chips",53
"cod",53
"contact",53
"crashed",53
"deserves",53
"fahhhhh",53
"fucker",53
"goodbye",53
"honestly",53
"kkkkkkkkkkkkk",53
"oat",53
"okey",53
"older",53
"paying",53
"pissing",53
"render",53
"shouldve",53
"sppeed",53
"urself",53
"yikes",53
"bruhhhhh",53
"greenapples",53
"hack",53
"helloo",53
"ukraine",53
"vid",53
"weee",53
"futebol",53
"jota",53
"packitup",53
"wooooo",53
"yah",53
"777",53
"iso",53
"jungle",53
"jynxzilaugh",53
"tbslol",53
"chests",53
"drown",53
"lift",53
"carlo",53
"ohnepls",53
"caseohpink",53
"ecuador",53
"ronoldo",53
"sb1987partypanda",53
"sb1987shake",53
"vert",53
"viperusjiggy",53
"netherland",53
"messssiii",53
"tnt",53
"warne",53
"sreggin",53
"armpits",52
"asap",52
"belive",52
"business",52
"candy",52
"cross",52
"dud",52
"experiment",52
"fuc",52
"glass",52
"he'll",52
"intro",52
"ip",52
"jaja",52
"legendary",52
"mac",52
"nih",52
"packs",52
"reads",52
"redo",52
"tower",52
"travel",52
"tweakin",52
"whoa",52
"widespeedlaugh2",52
"wowwww",52
"xdddddd",52
"yeh",52
"yk",52
"spotify",52
"hearing",52
"needa",52
"dc",52
"67676",52
"oiled",52
"infront",52
"para",52
"per",52
"runnn",52
"smp",52
"film",52
"arrested",52
"bloons",52
"espid",52
"kittyhype",52
"staring",52
"wof",52
"pj",52
"jdub",52
"roomymusic",52
"covecheer",52
"pancakes",52
"sb1987huhh",52
"chowh1fr",52
"jrahafk",52
"bettermessi",52
"arrossunion",52
"kcuf",52
"nietspe",52
"absolutely",51
"beer",51
"boycott",51
"chick",51
"cracked",51
"cryin",51
"dahulbtw",51
"diet",51
"doctor",51
"finland",51
"fresh",51
"hood",51
"lmfaooooooooo",51
"looooooooooool",51
"lulw",51
"option",51
"problems",51
"rizzzz",51
"sending",51
"shame",51
"soft",51
"stun",51
"trollin",51
"username",51
"whattttt",51
"wtffffff",51
"yoy",51
"ayeeeee",51
"gosh",51
"ishospeed",51
"habibi",51
"onn",51
"ui",51
"boca",51
"stabedance1",51
"truck",51
"6777777",51
"cent",51
"subcount",51
"cruelty",51
"dominican",51
"scubbaaaaaaaa",51
"unmute",51
"nam",51
"taigh219",51
"fanumformula",51
"husband",51
"6767676767676767",51
"assist",51
"benched",51
"jaywal16bta",51
"fanshey",51
"goatmessi",51
"ogocold",51
"sammesus",51
"copmesserhooray",51
"daniel2405danielmoncadatvwin",51
"iqcontcope",51
"japon",51
"crane",51
"kamto",51
"jfunk",51
"dripstone",51
"karthashyper",51
"picaxe",51
"wardens",51
"beholdthis",50
"bien",50
"boot",50
"clapped",50
"falls",50
"gl",50
"har",50
"hmmm",50
"ittttt",50
"limit",50
"lips",50
"loved",50
"naaah",50
"ome96",50
"raise",50
"secret",50
"snipe",50
"speeeeedddd",50
"spirit",50
"tt",50
"twitter",50
"woww",50
"wwwwwwwwwwwwwwwwwwwwwwwwwwwwwwwwwwwwwwwwww",50
"ayyyyyyy",50
"somewhere",50
"loooooooool",50
"speeddddddddd",50
"speedspeed",50
"wht",50
"cuppp",50
"passing",50
"uppppp",50
"applee",50
"balloons",50
"dylan",50
"goku",50
"leaveee",50
"lesss",50
"kom",50
"backflips",50
"booba",50
"mindmanners",50
"moved",50
"scooba",50
"cha",50
"khalifa",50
"mundo",50
"pride",50
"cupfooty",50
"hambarave",50
"inshallah",50
"meesi",50
"praiseit",50
"totaa",50
"eatttt",50
"serfone",50
"swan01yellowdoubt2",50
"tcleandontcare",50
"jpn",50
"subpanic",50
"hellstar",50
"wrapper",50
"ermixogay",50
"20k",49
"action",49
"active",49
"ada",49
"badge",49
"blast",49
"bot",49
"bought",49
"brooooooooo",49
"dev",49
"doooo",49
"four",49
"frrr",49
"hahahahahha",49
"havent",49
"khabib",49
"lilly",49
"matches",49
"nonono",49
"omd",49
"ouch",49
"scene",49
"shell",49
"showmeat",49
"sim",49
"smiling",49
"speeeeeddd",49
"texture",49
"wasn't",49
"wasting",49
"whose",49
"loooooooooool",49
"backkk",49
"toooo",49
"ea",49
"mar",49
"xdddddddddddd",49
"hamawiggletail",49
"jynxzigriddy",49
"plssssss",49
"beans",49
"monke",49
"wh",49
"steel",49
"clapping",49
"dropping",49
"ein",49
"mincraft",49
"ross",49
"bananas",49
"deji",49
"pub",49
"75",49
"airport",49
"eeeeee",49
"suzuki",49
"tuesday",49
"indiav1speed",49
"pepegaask",49
"clave",49
"dieddd",49
"srvvlgxtremeblast",49
"christ1447rockon",49
"oncarrotscuuubbaaaa",49
"azncham",49
"mlzlzdance1",49
"kaleel2k9unit",49
"kaneljwstream",49
"villager",49
"fearsburrowed",49
"respawn",49
"3am",48
"agabye",48
"bozo",48
"choices",48
"commands",48
"cus",48
"dads",48
"desktop",48
"eaten",48
"except",48
"fiji",48
"florida",48
"followed",48
"force",48
"frr",48
"hilarious",48
"honest",48
"i'd",48
"ir",48
"lily",48
"maj",48
"np",48
"pleaseeee",48
"puh",48
"shawarma",48
"speed123",48
"stalling",48
"stands",48
"surprise",48
"tf2john",48
"thru",48
"tips",48
"willy",48
"fanumlmaooooo",48
"holymoly",48
"jajajajaja",48
"nowww",48
"slower",48
"hanging",48
"speeedddddd",48
"wewwwww",48
"download",48
"east",48
"excuses",48
"pens",48
"scubaaa",48
"woahhh",48
"hiiiiiiiii",48
"mejor",48
"wifi",48
"redeem",48
"area",48
"bobby",48
"fully",48
"geht",48
"plzzz",48
"quitplay",48
"w's",48
"childen",48
"hy",48
"cape",48
"lab",48
"angola",48
"arigato",48
"larpers",48
"r7",48
"scorer",48
"thesni27rave2",48
"yayahrebola",48
"bridge",48
"idrakhangri",48
"raylazcoolcat",48
"ssepphquestionmark",48
"foxyvttomaa",48
"hasl",48
"austrian",48
"ddmh12tkbesss",48
"lyxxapoint",48
"turntsoff",48
"56m",48
"dre2huh",48
"dre2toosi",48
"electricity",48
"nikkijwicked",48
"ometv",48
"lasers",48
"vifa",48
"beams",48
"charcoal",48
"mikkel",48
"36",47
"asian",47
"asshole",47
"auraaaaa",47
"baka",47
"bus",47
"ca",47
"choo",47
"cuuuuup",47
"diff",47
"earthquake",47
"ends",47
"ewwwwwwww",47
"gooood",47
"letting",47
"lllllllllllllllllllll",47
"louissss",47
"nahhhhhhh",47
"names",47
"omgggggg",47
"performance",47
"pistol",47
"pridepaint",47
"princess",47
"sadly",47
"stronger",47
"subb",47
"talkin",47
"uhhhh",47
"vivet",47
"wayy",47
"wide",47
"yum",47
"zest",47
"lad",47
"places",47
"tmrw",47
"ft",47
"denmark",47
"republic",47
"wil",47
"annie",47
"ishowfeet",47
"meshbrain",47
"saraquietgroovex2",47
"waltervibe",47
"deez",47
"pokmaskedpika",47
"jumppp",47
"kreek",47
"runn",47
"bri",47
"deeper",47
"print",47
"cuppppp",47
"jynxzipack",47
"kiddd",47
"vincy",47
"1min",47
"asia",47
"darel",47
"youmissed",47
"benjam194dr",47
"translator",47
"franceeee",47
"kappawealth",47
"lamatinaledance",47
"roomyhelly",47
"salon",47
"blastzoffvegitoblueeeeeeeeeee",47
"pendu",47
"caseohspookydailydoodles",47
"august",47
"keekocat",47
"platform",47
"nexzoucat",47
"leakkkk",47
"linahddance",47
"mineshaft",47
"7tv",46
"accident",46
"anthony",46
"broooooooooo",46
"che",46
"clearly",46
"coffee",46
"emotes",46
"followers",46
"glasses",46
"gyattttt",46
"hahahahahahahahaha",46
"hahahhahaha",46
"hasn",46
"haven't",46
"helps",46
"hereeeeee",46
"hill",46
"hopefully",46
"jynxzisnot",46
"lesbian",46
"liked",46
"looooooooool",46
"mission",46
"mmmmmm",46
"oml",46
"opinion",46
"plaqueboymax",46
"plot",46
"professional",46
"resident",46
"salut",46
"sandwich",46
"sirmad",46
"spees",46
"talks",46
"thiss",46
"typing",46
"unplug",46
"widespeedlaugh4",46
"xddddddddd",46
"bicycle",46
"booger",46
"ehh",46
"justice",46
"manda",46
"moaning",46
"stressing",46
"gah",46
"squid",46
"ddddd",46
"renaldo",46
"gg's",46
"kenya",46
"fffffff",46
"pics",46
"spiiiiiiiiiiid",46
"tik",46
"ssss",46
"addddddd",46
"ia",46
"towel",46
"childengo",46
"goalllllllll",46
"6767676",46
"cars",46
"fala",46
"mutedd",46
"naa",46
"tpcrunchyroll",46
"large",46
"scotland",46
"vamosss",46
"badgeisirene",46
"doodclap",46
"plutov4snorlax",46
"wowie",46
"jbsplawstream",46
"kruuuuclap",46
"messsii",46
"roomylamp",46
"korean",46
"portugallll",46
"yauhniswingggg",46
"paradeevich",46
"mxe2e6fkmoq",46
"norge",46
"littyf1facepalm",46
"noirlu2dans",46
"hereeeeeeeeeeei",46
"jordan957flight",46
"brgr",46
"ermixo67",46
"400",45
"bird",45
"bravo",45
"brush",45
"correct",45
"debate",45
"dey",45
"dinner",45
"flagg",45
"interesting",45
"lollllllllll",45
"lololololol",45
"nd",45
"numb",45
"outfit",45
"prove",45
"purpose",45
"r1",45
"realtu11realsim",45
"respond",45
"singapore",45
"slide",45
"speech",45
"spicy",45
"sussy",45
"tayyspin",45
"wesh",45
"youuuuu",45
"hidden",45
"popular",45
"pressure",45
"fi",45
"noah",45
"leakedd",45
"sp",45
"era",45
"kindgu2dance",45
"frame",45
"pal",45
"deutschland",45
"222",45
"gru",45
"jumpp",45
"jynxzii",45
"plis",45
"runnnn",45
"winnn",45
"tbpeanutpeanutfulldance",45
"woahwoah",45
"aller",45
"bendad1stampdat",45
"berticusshypers",45
"gloves",45
"doodmash",45
"farestalll",45
"franceee",45
"laroi",45
"mmmmlasor",45
"nuno",45
"pirtenis",45
"strug4mtgboo",45
"casemiro",45
"fubongbryank",45
"jessme6w",45
"nl",45
"hup",45
"irevttflipas",45
"item",45
"taiyo",45
"grillzz",45
"lumizapspin",45
"248",45
"boooooo",44
"cashapp",44
"cincinnati",44
"disrespect",44
"everytime",44
"expect",44
"femboys",44
"finding",44
"goddamn",44
"hg",44
"meant",44
"naah",44
"nowfield",44
"reader",44
"sirshield",44
"staying",44
"streamm",44
"thunder",44
"tok",44
"toy",44
"xdddddddd",44
"bean",44
"dancer",44
"flipthis",44
"oooooooooo",44
"promise",44
"shits",44
"dirt",44
"gameeee",44
"gooooooooooooooo",44
"2000",44
"aaaaaaa",44
"ganna",44
"goalllllllllll",44
"lok",44
"nn",44
"owns",44
"stealing",44
"tg",44
"singer",44
"yeahhhhhh",44
"revenge",44
"warming",44
"ishowfart",44
"ispywithmylittleeye",44
"ancient",44
"bk",44
"domeztearsofjoy",44
"emirulove",44
"exemsturdy",44
"leaves",44
"sammy",44
"thee",44
"anonymous",44
"stolen",44
"100m",44
"portugalll",44
"zalatan",44
"roomyletsgo",44
"sushidance",44
"uruguay",44
"agusti151ooo",44
"indiag1dancee",44
"mesiiii",44
"sb1987djvibes",44
"wawa",44
"realgr15skeleton",44
"silent1406k",44
"cardcesub",44
"benjam194twerk1",44
"blazia4funkflex",44
"skippppp",44
"imraneik",44
"shaders",44
"shaft",44
"223",43
"b4",43
"cabin",43
"cracking",43
"excuse",43
"fw",43
"gaf",43
"grape",43
"heads",43
"hm",43
"ironmouseletsgohype",43
"jaml",43
"jane",43
"jayden",43
"meeeeeee",43
"moments",43
"picked",43
"poison",43
"reward",43
"rush",43
"size",43
"sue",43
"tag",43
"tape",43
"timeee",43
"toe",43
"tou",43
"welp",43
"wondering",43
"wym",43
"xddddddd",43
"gifters",43
"hahahahahahahah",43
"backk",43
"shack",43
"subway",43
"tiny",43
"nil",43
"suiiiiiiiiiiiiiiiiiii",43
"33333",43
"lisa",43
"theagencydance",43
"yeesss",43
"jacked",43
"pinned",43
"rise",43
"spiiiiiiiiid",43
"added",43
"kit",43
"chi",43
"christ1447lmaooo",43
"zdarova",43
"2xxephyr",43
"suiiiiiiiiiiiiiiii",43
"xqxi",43
"astranadance",43
"goooooooooooooo",43
"pirates",43
"regular",43
"roof",43
"bounce",43
"covid",43
"rudii",43
"viperusbuttcheeks",43
"monteopa",43
"pushup",43
"jasol",43
"infantino",43
"maradona",43
"parlay",43
"perform",43
"wspppp",43
"meikodboykkkk",43
"totaaa",43
"col",43
"jessme6yay",43
"eryckek",43
"wawe",43
"hboxcap",43
"talk2e14nem1",43
"unkochanmu",43
"stageddd",43
"horor",43
"dinedadance",43
"123",42
"ahahahahahaha",42
"army",42
"badd",42
"cortisol",42
"eatin",42
"failed",42
"gayyyy",42
"jon",42
"knock",42
"ladies",42
"nadzz777",42
"pet",42
"pianotime",42
"rocks",42
"sis",42
"smack",42
"soap",42
"speef",42
"steps",42
"sushi",42
"tickle",42
"weather",42
"whoop",42
"wii",42
"yas",42
"yeahhhhhhh",42
"youll",42
"assssss",42
"basketball",42
"bich",42
"boiii",42
"camyslhehe",42
"gemma",42
"gifts",42
"las",42
"2min",42
"phizix1w",42
"ut",42
"amp",42
"ghg",42
"goool",42
"gyaaat",42
"hog",42
"innnnn",42
"ko",42
"mbape",42
"nie",42
"rub",42
"333333",42
"spawned",42
"wining",42
"57",42
"anyways",42
"fakiawwwww",42
"boyyy",42
"caseohbyrangeedesigns",42
"laggggg",42
"lox",42
"trolled",42
"yeaaaaa",42
"yesssssssssssssss",42
"squad",42
"gopro",42
"statue",42
"subbb",42
"alexou10gg",42
"iii",42
"jujussiren",42
"lockleartrain",42
"widespeedrage",42
"lobby",42
"elon",42
"jynxzirahhh",42
"kianusdirty",42
"manzana",42
"jameis",42
"lmpattangry",42
"rafa",42
"tbpeanutpeanutstare",42
"electric",42
"jessme6vamp",42
"caseohpetkitty",42
"diamon277dwl",42
"applesgreen",42
"bistec3prime",42
"belowa29sus",42
"emails",42
"russo",42
"summerslam",42
"wagers",42
"38",41
"86",41
"amount",41
"besh",41
"bi",41
"chooo",41
"clicked",41
"crazyy",41
"cuuuup",41
"dendiface",41
"ed",41
"explain",41
"eyyy",41
"fking",41
"gawd",41
"gays",41
"gta6",41
"hacker",41
"heal",41
"icl",41
"jama",41
"karma",41
"kidding",41
"kno",41
"lm",41
"mmmmmmm",41
"natural",41
"neither",41
"nowwww",41
"ooooh",41
"peeposad",41
"period",41
"release",41
"rizzing",41
"shotgun",41
"threw",41
"wraps",41
"wwwwwwwwwwwwwwwwwwwwwwwwwwwwwwwwwwwwwwwww",41
"xx",41
"feelsamazingman",41
"female",41
"rid",41
"june",41
"rakaiiii",41
"sam",41
"ayyyyyyyy",41
"hhhhhh",41
"lmaooooooooooooooo",41
"blessed",41
"letssss",41
"wewwwwww",41
"ahahahahaha",41
"gogo",41
"hiding",41
"kkkkkkkkkkkkkkkk",41
"smd",41
"lotion",41
"phones",41
"safety",41
"siruwu",41
"suuuuuuuu",41
"65",41
"audiooo",41
"auf",41
"cardio",41
"melhor",41
"nokia",41
"ssjredainkredibile",41
"ther",41
"vieux",41
"dot",41
"dunkey",41
"cupp",41
"kaiiiiii",41
"rica",41
"arabia",41
"brazillllllll",41
"lala",41
"woolzwtf",41
"crimsonkbongos",41
"meccha",41
"alaba",41
"blinker",41
"hydragoose",41
"potatoes",41
"stripp2dancing",41
"captains",41
"bruhsspeed",41
"yyjpog",41
"wklflag",41
"rakaiii",41
"respin",41
"brotherprank",41
"domgiohype",41
"mowraadrill",41
"262",41
"enderman",41
"admit",40
"baiting",40
"beginning",40
"chewing",40
"closet",40
"difference",40
"disgusting",40
"ggggggggg",40
"gh",40
"gottem",40
"hellll",40
"heyyyyyy",40
"hunger",40
"ion",40
"issues",40
"jamaal",40
"jamallllll",40
"jay",40
"louisssss",40
"m3",40
"marlonn",40
"mars",40
"moan",40
"nearly",40
"ofcc",40
"pffttt",40
"pleaseeeee",40
"praying",40
"prerecorded",40
"soda",40
"sry",40
"switched",40
"therea5040wpanda",40
"twich",40
"umm",40
"uptime",40
"waffles",40
"wasted",40
"widespeedlaugh14",40
"yapper",40
"alienpls",40
"hire",40
"kkkkkkkkkkkkkkkkkk",40
"kofi",40
"negro",40
"neon",40
"tablehere",40
"39",40
"tutorial",40
"estas",40
"ayee",40
"elite",40
"g1ngeboogie",40
"protection",40
"tweak",40
"usually",40
"bun",40
"cheering",40
"fps",40
"halaand",40
"yow",40
"mex",40
"giga",40
"olay",40
"sho",40
"ton",40
"waewaeraid",40
"hiiiiiiiiiii",40
"offf",40
"667",40
"chin",40
"kaicforhead",40
"suuuiii",40
"dolphiianybodyk",40
"maya",40
"overtime",40
"parachute",40
"suuuuuuuuuuu",40
"restaurant",40
"kaicdubs",40
"evelon1bl",40
"gp2",40
"theagencygift",40
"abandoned",40
"bellingham",40
"lienhyves",40
"roomyglasses",40
"somjuustewie",40
"culero",40
"nelson56dancing",40
"facuubailaloroki",40
"furrybe",40
"lebronjam",40
"midssi",40
"mightaclapppp",40
"skrilla",40
"littyf1pray",40
"inlock",40
"kaicnaenae",40
"keekowhip",40
"babyhazellaugh",40
"chinse",40
"pegdj",40
"holoqutwerc",40
"lucku",40
"dickspeed",40
"gravel",40
"lapis",40
"skeletons",40
"whizscared",40
"676767676767676767",39
"aha",39
"bale",39
"boii",39
"bringing",39
"c'mon",39
"couldn't",39
"couldnt",39
"created",39
"doe",39
"doner",39
"ep",39
"flex",39
"grind",39
"gunna",39
"herr",39
"humans",39
"infinite",39
"ish",39
"jerk",39
"jst",39
"laura",39
"lllllllllllllllllll",39
"mentioned",39
"menu",39
"oooh",39
"pas",39
"pot",39
"pushed",39
"reference",39
"rule",39
"seeee",39
"sees",39
"silence",39
"spitting",39
"spread",39
"surely",39
"tablet",39
"teacher",39
"touchpad",39
"360",39
"shittt",39
"wanting",39
"x1cutidanc",39
"ono",39
"section",39
"speeee",39
"yeeees",39
"cookie",39
"suiiiiiiiiiiiiiiiiii",39
"wlgfp",39
"3333",39
"indiag1dance1",39
"kart",39
"lariat3mjdog",39
"slipzzzz",39
"433",39
"offsides",39
"guide",39
"meisyodubaus",39
"create",39
"elevator",39
"icon",39
"incident",39
"sunday",39
"suuuuuuuuuu",39
"respectfullyno",39
"thatsaserve",39
"college",39
"costume",39
"hearts",39
"lan",39
"streamin",39
"port",39
"weebs",39
"siuuuuuuuuuuuuuuuuu",39
"golazo",39
"mendes",39
"messiiiiiiiiii",39
"barcola",39
"hotdog",39
"osiqonclasico",39
"christ1447alarm",39
"demerave",39
"streamsleep",39
"tydoll5music",39
"benjam194k2",39
"gardmamushroom",39
"wotomegagasm",39
"camyslohyeah",39
"equip",39
"uppercut",39
"christ1447hahah",39
"goatfcker",39
"axtra",39
"diablohpacked",39
"piglins",39
"ponderingcat",39
"ab",38
"ahhhhhhh",38
"asd",38
"ayooooooooo",38
"backwards",38
"brainrot",38
"buggin",38
"carrying",38
"ch",38
"class",38
"delusional",38
"doubt",38
"eachother",38
"fack",38
"forest",38
"honor",38
"jamal's",38
"kappaclaus",38
"learning",38
"murder",38
"negative",38
"pokcharizard",38
"rosie",38
"speed25",38
"tel",38
"thissss",38
"trigger",38
"vocals",38
"wwwwwwwwwwwwwwwwwwwwwwwwwwwwwwwwwwwwwwwwwwww",38
"yy",38
"hellooooo",38
"hydrated",38
"meeeeeeee",38
"loosing",38
"media",38
"aah",38
"funk",38
"gmod",38
"polska",38
"uss",38
"wwwwwwwwwwwwwwwwwwwwwwwwwwwwwwwwwwwwwwwwwwwww",38
"appel",38
"ishowpeed",38
"lads",38
"lvl",38
"speeeeeeeeeeeeeeed",38
"tombraid",38
"yaaaaa",38
"yooooooooooooooooo",38
"fein",38
"mertab2fb",38
"runs",38
"eatt",38
"grief",38
"ishowthemeat",38
"levels",38
"thunbeast",38
"zov",38
"chile",38
"2016",38
"cuba",38
"funky",38
"overstimulated",38
"pmstwin",38
"rudiiii",38
"suiiiiiiiiiiiiiiiii",38
"explode",38
"hp",38
"humble",38
"position",38
"received",38
"yeeeee",38
"sofaygo",38
"4am",38
"ishowlarp",38
"nj",38
"vamossss",38
"zohran",38
"dumplings",38
"kai's",38
"luyamaswas",38
"sb1987shocked",38
"yamayap",38
"woolzhype",38
"eattttt",38
"chargi5chimuelo",38
"wamal",38
"fareforestluv",38
"xoxbroski",38
"bundles",38
"golems",38
"acc",37
"adsssss",37
"baddd",37
"biggie",37
"boats",37
"boxing",37
"cane",37
"compare",37
"danm",37
"dreaming",37
"duty",37
"exit",37
"gabe",37
"gayy",37
"gorgeous",37
"handle",37
"helped",37
"hiiiiiiiiii",37
"how's",37
"ironic",37
"ishowdick",37
"jayzbtw13",37
"juicy",37
"major",37
"naruto",37
"nein",37
"ohhhhhh",37
"original",37
"progress",37
"rather",37
"redemption",37
"shiiiii",37
"simp",37
"simply",37
"sinnycrying",37
"sleeps",37
"snap",37
"speeeeeeeeeeeeeeeed",37
"tech",37
"torture",37
"typical",37
"uhm",37
"unlocked",37
"ure",37
"uuuuu",37
"walker",37
"walkers",37
"widespeedlaugh16",37
"you've",37
"yur",37
"burning",37
"talent",37
"dadddy",37
"overrated",37
"zaddy",37
"due",37
"hahahaa",37
"mustache",37
"til",37
"brasilllllll",37
"kkkkkkkkkkkkkkk",37
"meeting",37
"telemundo",37
"viking",37
"viperusdance",37
"moin",37
"77777",37
"angel",37
"bedrock",37
"coin",37
"donkaadans",37
"gamespeed",37
"sakupen",37
"site",37
"winnin",37
"chasing",37
"comms",37
"hired",37
"jeff",37
"martinique",37
"panama",37
"scubaaaa",37
"boa",37
"casalskillanima",37
"euro",37
"huss",37
"july",37
"prosperity",37
"puffer",37
"solve",37
"speaker",37
"wsh",37
"xqchead",37
"cups",37
"disappointed",37
"gooooool",37
"messiiiiiiiiiiii",37
"moroco",37
"wavewave",37
"marocco",37
"mukbang",37
"neymarrr",37
"peopleschamp",37
"totaaaa",37
"tutou4doge",37
"brooklyn",37
"september",37
"davidb103chatdancee",37
"sverige",37
"jdashzmxx",37
"admin",37
"elanga",37
"hamedsauer",37
"igortjuhfatty",37
"irevttjajajaja",37
"juniors",37
"littyf1dancey",37
"mrkeemsturdy",37
"japannnnn",37
"benjam194iceman",37
"java",37
"notwhooperred",37
"x3xsemscuba",37
"xoxg",37
"itdo",37
"enchanted",37
"enchantment",37
"potions",37
"sarkbacon",37
"seedw",37
"4th",36
"batman",36
"beats",36
"chug",36
"clix",36
"crazyyyy",36
"drug",36
"event",36
"gango",36
"haven",36
"hol",36
"ishowspid",36
"ka",36
"leather",36
"leavee",36
"lolllllllllll",36
"lots",36
"louiss",36
"loving",36
"lumen",36
"milf",36
"peeing",36
"ram",36
"replay",36
"ruff",36
"seem",36
"settings",36
"shitt",36
"shocked",36
"shoulda",36
"skipped",36
"social",36
"speaks",36
"speeeddddddd",36
"spiiiiiiiiiiiiiid",36
"stank",36
"surprised",36
"survive",36
"tayyawoo",36
"thicc",36
"thirsty",36
"widespeedpause",36
"woahhhh",36
"yessssssssssssss",36
"2027",36
"bits",36
"counted",36
"hahha",36
"helly",36
"redd",36
"suuuuiiii",36
"tyson",36
"byee",36
"deutsch",36
"goodness",36
"clout",36
"coco",36
"djgeetchampion",36
"jab",36
"memes",36
"noice",36
"suuui",36
"champ",36
"mjpopcorn",36
"bigjui4siren",36
"ireland",36
"lololo",36
"ls",36
"refs",36
"thething",36
"yeaaaaaa",36
"cole",36
"2222",36
"buzz",36
"eminem",36
"harry",36
"ky",36
"list",36
"peaceful",36
"salam",36
"string",36
"faker",36
"30k",36
"aimes",36
"camerman",36
"dominica",36
"glorp",36
"griddy",36
"kkkkkkkkkkkkkkkkkkkk",36
"tx",36
"universe",36
"weirdos",36
"jelly",36
"losers",36
"monte",36
"rubbpls",36
"upppppp",36
"yams",36
"yrgegyattt",36
"racism",36
"bonaire",36
"arriba",36
"items",36
"weapons",36
"cu",36
"shoots",36
"inkmatezotix",36
"neymarr",36
"neymarrrr",36
"brino",36
"chos3n1hahaha",36
"milagamingroblox",36
"ssepphlol",36
"hamedshake",36
"wool",36
"coping",36
"megatron",36
"prncewiggle",36
"vl4dcrevil",36
"feedthemods",36
"tutou4iu",36
"gpew",36
"nolatenhasbulla",36
"davidb103flash",36
"feelslagman",36
"todayyy",36
"juggling",36
"assari1unk",36
"cash4k1aicat",36
"ayybloscuba",36
"blazia4blazian42",36
"fireshaheart",36
"caseohbtvkitty",36
"goonyou",36
"antoni623ly",36
"gaurdian",36
"mined",36
"apocalypse",35
"apologize",35
"awkward",35
"awwwwwww",35
"basically",35
"bots",35
"bubzclap",35
"buff",35
"chapter",35
"chilling",35
"dogshit",35
"ds",35
"enter",35
"ginger",35
"gross",35
"hometown",35
"hotpokket",35
"illegal",35
"ipad",35
"jail",35
"jealous",35
"meh",35
"mental",35
"millionaire",35
"mocnygaz",35
"muscle",35
"nigerian",35
"note",35
"omggggggg",35
"raising",35
"rapper",35
"ruin",35
"shirts",35
"sides",35
"snacks",35
"taken",35
"trans",35
"ufc",35
"vaper",35
"waht",35
"wakey",35
"wer",35
"woooooo",35
"yeet",35
"yoooooooooooooooooo",35
"younger",35
"yurrr",35
"bigbrother",35
"bor",35
"speed61",35
"fill",35
"ilovejjk4eva",35
"7777",35
"ahah",35
"puto",35
"somali",35
"header",35
"net",35
"22222",35
"daily",35
"des",35
"fc26",35
"jajajajaj",35
"kkkkkkkkkkkkkkkkk",35
"signal",35
"sons",35
"sperm",35
"theagencynervous",35
"wyd",35
"yaaaa",35
"yrgelfg",35
"zealand",35
"carribean",35
"guadeloupe",35
"10m",35
"francais",35
"angles",35
"bulgaria",35
"nada",35
"shall",35
"balance",35
"berticusswarning",35
"bone",35
"del",35
"indiav1cookie",35
"jjj",35
"lmaoooooooooooooo",35
"painting",35
"spiidd",35
"spiiiii",35
"xxntyuparty",35
"smaash2ririri",35
"fov",35
"goallllllllll",35
"brazilllllll",35
"ggggggggggg",35
"realgr15bigw",35
"trav",35
"b0bbyboyoshi",35
"bitte",35
"bruyne",35
"tipp",35
"hameddance",35
"messsssiiiiii",35
"oleole",35
"asther16portugal",35
"brobbey",35
"musiala",35
"serbia",35
"sneijder",35
"caseohwiijams",35
"mamapcrazy",35
"yqqzabsolutecinema",35
"escaped",35
"ezoticbr",35
"ravens169hype",35
"tdvrgaamongustwerk",35
"dimond",35
"elsukr1danceee",35
"laser",35
"ekazohomer",35
"fullbright",35
"lacymmmm",35
"villagers",35
"677777777",34
"ahhahahaha",34
"bowl",34
"cheap",34
"chillll",34
"cried",34
"dammit",34
"difficult",34
"dogchamp",34
"fingers",34
"gggs",34
"habari",34
"hahhahaha",34
"hehehe",34
"hs",34
"huhhh",34
"idc",34
"indeed",34
"jescoo2ha",34
"kil",34
"lacythugs",34
"lasagna",34
"llllllllllllllllllllll",34
"lois",34
"manners",34
"multiple",34
"naaa",34
"named",34
"navy",34
"nawww",34
"panda",34
"rocky19991",34
"rr",34
"santa",34
"situation",34
"sm",34
"stoppp",34
"tries",34
"wwwwwwwwwwwwwwwwwwwwwwwwwwwwwwwwwwwwwwwwwww",34
"yeaaaaaaa",34
"yesssssssssssss",34
"aviv",34
"brake",34
"cord",34
"gods",34
"muscles",34
"nooooooooooooooooooo",34
"sk",34
"wholesome",34
"adddddddd",34
"fanumgoddid",34
"lmfaoooooooooo",34
"nee",34
"noooooooooooooooooo",34
"athletic",34
"chad",34
"grand",34
"massage",34
"shouting",34
"vitinha",34
"walked",34
"xdddddddddddddddd",34
"yell",34
"cs2",34
"hyped",34
"queens",34
"97",34
"jake",34
"mija",34
"cube",34
"downuntil",34
"holaaa",34
"ways",34
"zzz",34
"barbados",34
"speeeeeeddd",34
"ewwwwwwwww",34
"weed",34
"52",34
"fighter",34
"lowti3dance2",34
"wae",34
"wheelie",34
"shougdrum",34
"acestare",34
"caseohthumbsup",34
"digging",34
"fest",34
"rellik4partytime",34
"waveeeeeeee",34
"adriana",34
"devin",34
"geeked",34
"muitertasty",34
"thimag1brasil",34
"wifigriddy",34
"cabo",34
"delayyy",34
"idrakhzzz",34
"swan01yellowangry2",34
"danish",34
"9000",34
"ironmousesaberdance",34
"nald",34
"sakana3shy",34
"juggle",34
"quran",34
"stayyy",34
"tutou4happy",34
"daidai",34
"pcnethappycat",34
"amoonbdante",34
"wleva2k",34
"airfeel",34
"breesaipicas",34
"elmeappolvo",34
"jamiedcr7",34
"gardmama",34
"davidb103lechat",34
"ihir0dance",34
"wgs",34
"baest",34
"millym4lyodance",34
"pattyf3bwibuns",34
"ass11",34
"cozynrmove",34
"sppedhi",34
"yyjwiggle",34
"biscui102fries",34
"diedkai",34
"ermixoaura",34
"grapewisegaygaygay",34
"reddyp",34
"accurate",33
"aunt",33
"beo",33
"bonnie",33
"breed",33
"brightness",33
"comon",33
"compared",33
"df",33
"diabolical",33
"dumber",33
"elchristavo",33
"felt",33
"further",33
"hahhaha",33
"hn",33
"itttttt",33
"kills",33
"li",33
"monitor",33
"nina",33
"quite",33
"shitttt",33
"should've",33
"silent",33
"speedrun",33
"tounge",33
"toxic",33
"trained",33
"walmart",33
"watches",33
"widespeedlaugh8",33
"yaaa",33
"yayyyy",33
"yurrrr",33
"bunz",33
"lake",33
"yalll",33
"complaining",33
"flop",33
"gyatttttt",33
"loolll",33
"loooooooooooool",33
"onnnn",33
"spliz",33
"wasup",33
"wayyyyy",33
"wwws",33
"auziodance2",33
"farting",33
"flexing",33
"gamesm19tunfrog",33
"helloooooo",33
"pole",33
"sd",33
"1m",33
"connection",33
"leakk",33
"pra",33
"spedddd",33
"speeeeeddddd",33
"speeeeee",33
"tem",33
"yi",33
"states",33
"676767676",33
"999",33
"arsenic",33
"barrier",33
"british",33
"exemegalul",33
"franky",33
"frogponder",33
"jynxzitongue",33
"kc",33
"sin",33
"wwwwwwwwwwwwwwwwwwwwwwwwwwwwwwwwwwwwwwwwwwwwww",33
"zdeadlox",33
"ken",33
"rq",33
"wie",33
"5000",33
"spiiidd",33
"archiv42lexiebear",33
"bonita8litlit",33
"cryyyy",33
"rudiii",33
"slick",33
"swap",33
"vibing",33
"seemsgood1",33
"socahosxm",33
"speedreading",33
"siiiipid",33
"bacon",33
"brasillllll",33
"christ1447w",33
"iceman",33
"performing",33
"tvvv",33
"delayy",33
"hadriei",33
"jakeyd7wjakey",33
"cheh",33
"juve",33
"washeddd",33
"chip12lol",33
"jynxzifat",33
"nociam1risada",33
"christ1447lgbtq",33
"ladydimacheers",33
"rubbkekw",33
"tenacitykekw",33
"lunala3excite",33
"fawnlychippi",33
"potion",33
"unsubbing",33
"bellapf",33
"yyjbloodtrail",33
"xoxded",33
"immune",33
"modi",33
"ochocinco",33
"qbixmacreeping",33
"suffocate",33
"aka",32
"anybody",32
"apeed",32
"april",32
"auraaaaaaa",32
"babies",32
"bd",32
"beard",32
"beaten",32
"belly",32
"books",32
"breakfast",32
"cappppp",32
"creepy",32
"crime",32
"dan",32
"dean",32
"decent",32
"devs",32
"doggy",32
"false",32
"fishing",32
"fsmspeedlemon",32
"goatttttt",32
"himmmm",32
"jamalllllll",32
"journey",32
"jynxzifall",32
"kicking",32
"kidnapped",32
"knife",32
"license",32
"lied",32
"lore",32
"madydx",32
"memory",32
"mietze5snack",32
"minimum",32
"monk",32
"nor",32
"obvious",32
"pew",32
"picking",32
"pmo",32
"pump",32
"qui",32
"retarded",32
"ripped",32
"rlly",32
"scare",32
"shat",32
"shawty",32
"spiiiiiiiiiiiiid",32
"suppose",32
"tbpeanutlockin2",32
"theme",32
"trynna",32
"ummm",32
"vu",32
"werent",32
"xxx",32
"yb",32
"za",32
"danceee",32
"lik",32
"lyin",32
"mas",32
"meggyl1mecrock",32
"spoon",32
"appels",32
"dats",32
"letsgooo",32
"lockk",32
"trolls",32
"baila",32
"f0rsen",32
"frick",32
"iz",32
"predicts",32
"pulling",32
"tat",32
"buh",32
"lu",32
"ned",32
"niceee",32
"snoop",32
"suuiii",32
"suuuui",32
"winnnn",32
"speeeeeedddd",32
"cs",32
"fg",32
"follower",32
"gi",32
"gogogo",32
"mesweat",32
"rings",32
"todayy",32
"67676767676",32
"boston",32
"dap",32
"finaly",32
"greeeen",32
"landing",32
"mountains",32
"nederlands",32
"scubaaaaa",32
"wakanda",32
"1hp",32
"200k",32
"2x",32
"bom",32
"career",32
"ddgemotefineshyt",32
"exemlul",32
"fig",32
"isreal",32
"lacykek",32
"spiiiiii",32
"250",32
"socahoheart",32
"thedes493",32
"mexicoo",32
"brunson",32
"christ1447hahaha",32
"gorn",32
"sirprise",32
"stayy",32
"turunpdown",32
"waveeeeee",32
"hamedcelebrating",32
"lydiavtroll",32
"notheydidnot",32
"tvvvv",32
"idrakhtiriri",32
"speeeeeeeeee",32
"thinknerdpelato",32
"67676767676767676767",32
"doue",32
"sleeeeeeep",32
"fortllama",32
"rockdlehhhh",32
"tequalmexico",32
"asther16portugalcheer",32
"honduras",32
"lmaolmao",32
"meowbuffyhypehype",32
"350",32
"baftylizard",32
"heartwoodcheer",32
"pixel",32
"zelle",32
"madi2hgimmedagold",32
"muldcatjam",32
"oontarwakuwaku",32
"vangardvegardwicked",32
"yunilol",32
"imnotf11whyyy",32
"2021",31
"angelthump",31
"autistic",31
"azz",31
"basedgod",31
"bbb",31
"brought",31
"brutal",31
"bubzpride",31
"chattttt",31
"creator",31
"daughter",31
"desde",31
"doug",31
"fahhhhhh",31
"faith",31
"figure",31
"fkin",31
"foundation",31
"frank",31
"graphics",31
"hasn't",31
"lead",31
"lion",31
"org",31
"pepper",31
"pero",31
"plug",31
"rageout",31
"rot",31
"saves",31
"simple",31
"sisters",31
"sleed",31
"smoked",31
"smoking",31
"snakes",31
"someones",31
"streammmm",31
"tank",31
"tim",31
"tn",31
"tyler",31
"uhhhhh",31
"ultra",31
"unlucky",31
"woods",31
"wouldn",31
"wwwwwwwwwwwwwwwwwwwwwwwwwwwwwwwwwwwwwwwwwwwwwwwww",31
"yal",31
"akuffo",31
"cappin",31
"experience",31
"falldamage",31
"mafia",31
"mixer",31
"tai",31
"twist",31
"goattttttt",31
"samurai",31
"sike",31
"streammm",31
"tears",31
"veggies",31
"ac",31
"defeat",31
"dribble",31
"faze",31
"goodd",31
"goooood",31
"kak",31
"kodra",31
"ooooooooooo",31
"tournament",31
"wwwwwe",31
"autism",31
"ayeeeeee",31
"benfruitlegend",31
"subbbb",31
"bombo",31
"cheers",31
"fak",31
"manhattan",31
"oe",31
"ezzzz",31
"hel",31
"hiiiiiiiiiiii",31
"jumpppp",31
"leaveeee",31
"pla",31
"highest",31
"unfortunately",31
"ahhhhhhhh",31
"gyaaaat",31
"nao",31
"pipehype",31
"roo",31
"sore",31
"teh",31
"velcuz",31
"ahhahaha",31
"audioo",31
"dmg",31
"explore",31
"locklearcash",31
"loco",31
"luka",31
"onto",31
"pe",31
"simon",31
"voting",31
"wey",31
"databaselule",31
"drc",31
"100000",31
"kianusmatrix2",31
"andreas",31
"mayo",31
"court",31
"cr777",31
"gggggggggg",31
"qualify",31
"yyjrun",31
"caseoh36alpha",31
"hassaanchop",31
"scottt",31
"sheltonclap1",31
"benfruitlmao",31
"mesiiiii",31
"sidewalk",31
"ghosting",31
"hundred",31
"messssiiiii",31
"atozstanlybarca",31
"ibusidchavk",31
"mar3lgm3",31
"onside",31
"penaldooo",31
"rodriguez",31
"davidb103feu",31
"unsubscribe",31
"japannnn",31
"goatspeed",31
"jakob7jbucks",31
"jynxzicry",31
"mpxplacherry",31
"pointcheck",31
"silvio55crazy",31
"salads",31
"haybales",31
"sarkawe",31
"sharpness",31
"yimtcgbighit",31
"37",30
"5th",30
"artist",30
"bear",30
"becoming",30
"boooooooo",30
"broccoli",30
"bubzsad",30
"chaos",30
"cliff",30
"company",30
"decisions",30
"emotional",30
"faking",30
"faxx",30
"faxxx",30
"fineeee",30
"foo",30
"fornite",30
"foundations",30
"frrrr",30
"fundraise",30
"george",30
"goof",30
"growing",30
"gtg",30
"hush",30
"ironmouseicant",30
"kane",30
"killer",30
"killl",30
"lllllllllllllllllllllllll",30
"lollllllllllll",30
"mangos",30
"mcdonald's",30
"playstation",30
"smith",30
"sonnnnn",30
"speeeeedd",30
"speeeeeeeeeeeeeeeeed",30
"swamp",30
"undertale",30
"whaaat",30
"whatttttt",30
"wooooooo",30
"worked",30
"wwwwwwwwwwwwwwwwwwwwwwwwwwwwwwwwwwwwwwwwwwwwwww",30
"yako",30
"yappin",30
"zone",30
"asianglow",30
"coral",30
"nawh",30
"return",30
"strongest",30
"tackle",30
"warning",30
"weirdge",30
"awe",30
"daddyyy",30
"gta5",30
"held",30
"lmfaooooooooooo",30
"lov",30
"minor",30
"busted",30
"eyy",30
"jjjj",30
"lucidcloud222",30
"marlonnn",30
"page",30
"wlgparty",30
"yooooooooooooooooooo",30
"dyin",30
"lllllllllllllllllllllll",30
"tes",30
"appear",30
"bombaclat",30
"dddddd",30
"druski",30
"gonzalez",30
"nega",30
"palmer",30
"tdy",30
"ginge",30
"egyptian",30
"jd",30
"pipe",30
"playtimepoppy",30
"pleaseeeeee",30
"sattay",30
"ser",30
"goaaaal",30
"goodluck",30
"stan",30
"5m",30
"apply",30
"comin",30
"ap",30
"eater",30
"farex",30
"lamborghini",30
"madre",30
"sydneyy",30
"wooow",30
"ali",30
"boop",30
"closed",30
"ddgemotesquadgreen",30
"dihhhh",30
"embarrassing",30
"fa",30
"feelsweirdman",30
"gehts",30
"kim",30
"mix",30
"noobs",30
"pigs",30
"spi",30
"symonckekw",30
"tattoo",30
"ths",30
"dizzy",30
"donkaapump",30
"und",30
"alphakusa",30
"barbmawio",30
"hexa",30
"multiverse",30
"oldest",30
"omds",30
"usaa",30
"yyyy",30
"coringa",30
"spamm",30
"x5star32wemote",30
"yyjscam",30
"badgeiadidas",30
"blamej6pogg",30
"hamedalsob",30
"runing",30
"franceeeee",30
"madzfihype",30
"pepee",30
"reffight",30
"camyslwhat",30
"cricosacrograal",30
"meowbuffywubs",30
"notrea69scuba",30
"speeedw",30
"tydoll5brows",30
"wantsto",30
"lighto40untz",30
"10messi",30
"67spam",30
"omair",30
"speedlick",30
"beamoumt",30
"ogonavi",30
"pegayaya",30
"sheeeeeeeeeeeeeeeit",30
"wotomegarage",30
"jerzywwwww",30
"jdashzlaughin",30
"speedget",30
"fredrikholdl",30
"pumpkin",30
"sarkjesus",30
"sleeeeeep",30
"juicers",30
"afford",29
"ahahahahahahaha",29
"alleahcrys",29
"ant",29
"arc",29
"bitches",29
"bugged",29
"c'est",29
"coolwam",29
"couldn",29
"den",29
"dose",29
"especially",29
"fade",29
"finishing",29
"ge",29
"giant",29
"jinxy",29
"joes",29
"load",29
"marlin",29
"meeeeeeeeee",29
"moi",29
"moron",29
"pepemeltdown",29
"plant",29
"pookie",29
"questions",29
"rabbit",29
"request",29
"riot",29
"screw",29
"sniff",29
"spoiled",29
"stayed",29
"stopppp",29
"strength",29
"temple",29
"ungrateful",29
"unless",29
"vod",29
"wws",29
"yayyy",29
"yoi",29
"yoooooooooooooooooooo",29
"claim",29
"cuck",29
"deja",29
"drama",29
"euros",29
"hd",29
"headset",29
"moly",29
"pose",29
"rider",29
"titanium",29
"betterrr",29
"chrisn56pepecry",29
"deaddd",29
"lessss",29
"stray",29
"ishowscam",29
"jajajaj",29
"nahhhhhhhh",29
"subscription",29
"thay",29
"ahahahha",29
"cruise",29
"kkkkkkkkkkkkkkkkkkk",29
"sppeeed",29
"vulpdance",29
"billion",29
"dady",29
"nike",29
"onnnnn",29
"thursday",29
"x2xrakrakai",29
"11111111",29
"celebrate",29
"comme",29
"cuteee",29
"diedddd",29
"garry's",29
"ishowspeeed",29
"lmmao",29
"meeet",29
"ome65",29
"surgery",29
"wack",29
"wowwwww",29
"yrs",29
"latwogeng",29
"nigh",29
"stack",29
"bin",29
"dadd",29
"fireeee",29
"flush",29
"loveee",29
"lule",29
"muteee",29
"nu",29
"siuuuuuuuuuuuuuuuuuuu",29
"suriname",29
"yoyoyo",29
"clouds",29
"hailey",29
"kanel",29
"leeked",29
"rayasigoddid",29
"royal",29
"suayreletsgo",29
"teachers",29
"twerking",29
"una",29
"cuddle",29
"insignificant",29
"speeding",29
"0000",29
"cdawgclap",29
"ocky",29
"ave",29
"elinapoggers",29
"g1ngebrexit",29
"ji",29
"messssiiiiii",29
"penaldoooo",29
"titi",29
"winnnnn",29
"aggin",29
"brazillian",29
"gamme",29
"goaaal",29
"recebaaaa",29
"danceeehennry",29
"handsss",29
"n3koch1catdance",29
"rats",29
"victory",29
"thomboo",29
"ghostg74nurrr",29
"portugalllll",29
"coringabrasil",29
"blu9bounce",29
"fatboy45crazyy",29
"channing",29
"uzbeki",29
"cooper",29
"dougcensorbb",29
"dstryndance",29
"dagam32plsspeed",29
"5v5",29
"tubruculosis",29
"hachulaughingatyou",29
"perrabrsdance",29
"sublaugh",29
"goolets",29
"serment",29
"suckyou",29
"t10skill",29
"mowraarock",29
"musicl",29
"bravelipartyblob",29
"fallwisuspeon",29
"feathers",29
"gardiun",29
"itsbra43noway",29
"skulls",29
"ahhaha",28
"awful",28
"bags",28
"became",28
"brb",28
"buss",28
"carried",28
"catching",28
"cuhhh",28
"dab",28
"dookie",28
"dubs",28
"erm",28
"finale",28
"folks",28
"git",28
"heh",28
"heheh",28
"hmmmm",28
"hunt",28
"info",28
"ing",28
"inspiration",28
"instantly",28
"knocked",28
"knowing",28
"ku",28
"longest",28
"marwizghostfacedance",28
"mvp",28
"nachos",28
"oy",28
"peanut",28
"pokemon",28
"positive",28
"predicted",28
"rb",28
"reload",28
"rizzler",28
"seatbelt",28
"sez",28
"sooooo",28
"speeeedddddd",28
"tasty",28
"timee",28
"ting",28
"turbo",28
"turtles",28
"uses",28
"violett",28
"yn",28
"yoh",28
"youve",28
"kkkkkkkkkkkkkkkkkkkkkk",28
"spe",28
"backkkk",28
"covered",28
"haiii",28
"okkk",28
"skipping",28
"yessssssssssssssss",28
"alien",28
"barcelona",28
"cm",28
"defender",28
"gyaat",28
"suuiiiii",28
"suuuiiii",28
"wager",28
"wallahii",28
"wass",28
"wwwws",28
"checked",28
"dicks",28
"hips",28
"silkydance2",28
"sosi",28
"thousand",28
"filming",28
"lyxxapanic",28
"patient",28
"aus",28
"222222",28
"brat",28
"carefull",28
"frying",28
"majinm38cutwater",28
"meshmeo",28
"omori",28
"pleas",28
"sack",28
"sheild",28
"shrek's",28
"aguante",28
"homless",28
"vietnam",28
"wsggg",28
"6767676767676767676767",28
"alo",28
"backfilp",28
"checking",28
"pocket",28
"rent",28
"ruining",28
"suayremute",28
"95",28
"ddgemotesquadred",28
"donalds",28
"eazy",28
"georgina",28
"hitmarkers",28
"khaled",28
"priderise",28
"sen",28
"sssss",28
"windy",28
"auraaaaaa",28
"lyxxasui",28
"indonesia",28
"alofoke",28
"itswasiim",28
"glizzy",28
"messsiiiiiii",28
"nop",28
"pesssi",28
"referee",28
"subbing",28
"thierry",28
"tot",28
"amar",28
"lix",28
"robaldo",28
"roomydance",28
"ties",28
"vamooo",28
"vanill171hype",28
"arturo",28
"carbobdansee",28
"chaosmgrshake",28
"messssssi",28
"nyu",28
"rylann",28
"swan01yellowsad2",28
"tehfunrunisg",28
"tippp",28
"trna",28
"robbery",28
"ronaldoooooooooo",28
"444",28
"shlattsaddd",28
"grracedancgrace",28
"domer",28
"swe",28
"seoi1016go",28
"xsaffielight",28
"lilpupkartoha",28
"mrkazxilo",28
"kudoro",28
"siirchialer",28
"yuyutahakushu",28
"cash4k1noway",28
"alwayss3chaircheck",28
"baftynut",28
"daymnbelmaoo",28
"deykox0",28
"hachulol",28
"magnifying",28
"sloppy20mursupuke",28
"xoxrip",28
"eisteelejam",28
"neexty67",28
"mondays",28
"enderdragon",28
"ingots",28
"lonan",28
"saunor",28
"sinuuscrogdance",28
"sleepsleep",28
"spawner",28
"addssss",27
"amigo",27
"amor",27
"bee",27
"bend",27
"brudda",27
"calories",27
"delulu",27
"dudeee",27
"emergency",27
"fastest",27
"fireee",27
"flirting",27
"glow",27
"grande",27
"hahahahhahaha",27
"import",27
"incredible",27
"inna",27
"jokes",27
"known",27
"lawd",27
"lip",27
"looll",27
"looooooooooooool",27
"lunch",27
"mannnn",27
"mega",27
"mn",27
"motherfucker",27
"n3on",27
"naaaa",27
"nb",27
"nno",27
"owe",27
"peoples",27
"plottwist",27
"prefer",27
"prince",27
"reminds",27
"reqluv",27
"rizzzzz",27
"rly",27
"salty",27
"shutup",27
"speeddddddddddd",27
"stretch",27
"tear",27
"tfue",27
"thetyl14lmao",27
"thin",27
"treasure",27
"violettt",27
"weeee",27
"whisper",27
"whooo",27
"hhhhhhh",27
"hurting",27
"juniorr",27
"kept",27
"cutee",27
"dababy",27
"rember",27
"shootaflo",27
"zzzz",27
"bla",27
"czech",27
"fuckkk",27
"goons",27
"jamaican",27
"kosovo",27
"meta",27
"speedspeedspeed",27
"suiiiiiiiiiiiiiiiiiiiiii",27
"suuuuiii",27
"suuuuuui",27
"wi",27
"3333333",27
"addsss",27
"ayoooooooooo",27
"brobun1lockin",27
"custom",27
"silkyfunny",27
"tenacitycatjam",27
"feild",27
"llllllllllllllllllllllllll",27
"lowti3dance3",27
"opa",27
"staged",27
"ishowlate",27
"pene",27
"sr",27
"767",27
"booooooo",27
"clipfarmer",27
"desert",27
"donkaabeuker",27
"ewwwwwwwwww",27
"hahahahahhaha",27
"miku",27
"nepal",27
"ronaldoronaldo",27
"suiiiiiiiiiiiiiiiiiiiii",27
"turkish",27
"łatwogang",27
"adidas",27
"aired",27
"gen",27
"ironmousewiggly",27
"mutedddd",27
"outt",27
"rayinthew",27
"sos",27
"wwwwws",27
"30th",27
"afghanistan",27
"amsti81w",27
"bank",27
"cpthad1danse",27
"crowded",27
"exemflushed",27
"greet",27
"gusta",27
"hypertiger",27
"indiav1bow",27
"knockout",27
"salop",27
"taylor",27
"josh",27
"benjam194wstream",27
"calls",27
"caseohprofileiswhatitis",27
"diaz",27
"henyausa",27
"mesiii",27
"musk",27
"nunu",27
"qatar",27
"wachiwen",27
"cr67",27
"goll",27
"hypercrown",27
"knxslo",27
"parry",27
"retires",27
"ronaldoooooooo",27
"unkochanyaa",27
"zidan",27
"blond",27
"cashier",27
"leaveeeee",27
"library",27
"syrup",27
"ues",27
"vanesa",27
"amineultraa",27
"j2teddburnitdown",27
"mbappi",27
"raki",27
"cleaning",27
"copmesserusa",27
"gongo",27
"juventus",27
"ronadlo",27
"jonsnow676767",27
"2020shhh",27
"carson",27
"nazctrsussy",27
"beamin4merp",27
"cardinal",27
"dhar",27
"gata",27
"nadia",27
"yyjpopcorn",27
"cbcyep",27
"157",27
"slep",27
"blurbscash",27
"ogofuria",27
"caseohlpoll",27
"benben",27
"xray",27
"hollandtom",27
"keller",27
"olaxttvfreaky",27
"uninstall",27
"g1ngejuststop",27
"vardan",27
"badgecolpink",27
"emeralds",27
"fortres",27
"jimmyhdoggo",27
"juninc1pls",27
"sarkscience1",27
"shovel",27
"tacomexacen",27
"marcoscmspeedlaugh",27
"53",26
"67777777",26
"ahahhaha",26
"along",26
"ape",26
"baited",26
"blox",26
"boiiii",26
"bums",26
"chatter",26
"crista",26
"cutting",26
"dumbasss",26
"farmer",26
"feelings",26
"gachigasm",26
"general",26
"generation",26
"grew",26
"hahahahahaa",26
"headed",26
"himmmmm",26
"hold1",26
"horsen",26
"lemonade",26
"log",26
"lover",26
"machine",26
"minus",26
"murderer",26
"nothin",26
"obama",26
"olds",26
"percent",26
"r2",26
"risk",26
"sharp",26
"snapping",26
"soup",26
"survival",26
"suuii",26
"theory",26
"thts",26
"tooooo",26
"widespeedragebait",26
"wouldn't",26
"wouldve",26
"yyy",26
"yyyyy",26
"привет",26
"clipfarming",26
"gane",26
"innnnnn",26
"lego",26
"recording",26
"suuiiii",26
"usd",26
"wednesday",26
"betterrrr",26
"gates",26
"ggz",26
"iwas",26
"seep",26
"zavoz",26
"charity",26
"cmonnn",26
"dogg",26
"dor",26
"ezzzzz",26
"messu",26
"wm",26
"yhhh",26
"badddd",26
"stickers",26
"thighs",26
"tierra13whacktv",26
"wewwwwwww",26
"15min",26
"bradar",26
"kisssss",26
"romania",26
"speedddddddddd",26
"striker",26
"thi",26
"ypu",26
"belguim",26
"777777",26
"cazzo",26
"clever",26
"cuphead",26
"enjoyed",26
"fahim073",26
"juniorjunior",26
"massacre",26
"qualquerany22",26
"shelov36nod",26
"helllo",26
"merci",26
"tbpeanuttooeasy",26
"tomorow",26
"aoaahotdog",26
"kendrick",26
"miau",26
"muteddd",26
"nico",26
"ping",26
"buster",26
"canelo",26
"chos3n1bim",26
"cia",26
"ddgemotesturdy",26
"gambling",26
"het",26
"leakedddd",26
"locklearfloss",26
"oppsinhere",26
"peach",26
"picomause",26
"respectful",26
"rocket475speed",26
"todayyyy",26
"virgin",26
"vlog",26
"xodeewin",26
"este",26
"thereee",26
"wendy",26
"saturday",26
"uno",26
"25k",26
"colombiaaaa",26
"dray",26
"goallllllllllllll",26
"bresil",26
"hier",26
"journsit",26
"millions",26
"portugese",26
"suuuuuuuuuuuu",26
"travisss",26
"cameramanwhere",26
"chaosmgrclap",26
"joebud3freakytime",26
"mycherdance",26
"vardanimpossibleshot",26
"xrustvl",26
"enchanting",26
"kylian",26
"mecca",26
"mystic1333ky2",26
"norwegian",26
"otavio",26
"sanymafreakbob",26
"wuckyletsgo",26
"kidddd",26
"neveri10jojo",26
"ore",26
"sheen",26
"tumbludance",26
"diablohwboy",26
"lacyvibe",26
"y2kentgsquiddance",26
"yasmin61bow",26
"caseoh36kitty",26
"foil",26
"i1waficr7",26
"ucntfagg",26
"kappa1",26
"amethy177catvibes",26
"awizohappy",26
"colombiaaaaa",26
"lollowhattheheeel",26
"4v4",26
"christ1447clockitt",26
"gambare",26
"isagi",26
"jacoby31jammin",26
"mjaylitrey",26
"keekoyay",26
"srtumbeao",26
"cashcringe",26
"danceedo",26
"f0pdoodlezhuehuehue",26
"fby0iq",26
"gazmocny",26
"ripitr1laugh",26
"stronk12weed",26
"uhsizzgroove",26
"205",26
"hayyy",26
"hellen",26
"islide1wstream",26
"itzrep1simba",26
"sergio250shakethat",26
"simualtor",26
"urke2555",26
"gta5bro",26
"hachuwiggle",26
"reactiondiamond",26
"dtcsnecynpat",26
"maynef1rs",26
"adults",25
"annoyed",25
"answering",25
"anywhere",25
"blocking",25
"broooooooooooo",25
"broooooooooooooo",25
"cocaine",25
"comming",25
"crazyyyyy",25
"cuss",25
"direction",25
"dlc",25
"dms",25
"dong",25
"exist",25
"footballer",25
"forced",25
"forcing",25
"genius",25
"given",25
"hahaah",25
"ironmousetehehe",25
"kate",25
"ke",25
"mhmm",25
"mostly",25
"omar",25
"oops",25
"path",25
"piggy",25
"popeyes",25
"prison",25
"ranch",25
"realize",25
"reconnect",25
"report",25
"review",25
"rhe",25
"rick",25
"scaring",25
"session",25
"shock",25
"silly",25
"slayyy",25
"solid",25
"speed87",25
"straw",25
"supp",25
"swag",25
"telltale",25
"thug",25
"unfollow",25
"usual",25
"whatsapp",25
"wiped",25
"wsup",25
"wthhh",25
"wtw",25
"yessirr",25
"yez",25
"yiu",25
"youuuuuuu",25
"backflippp",25
"barima",25
"bby",25
"clue",25
"fineee",25
"hahahaah",25
"headphones",25
"istg",25
"itself",25
"kkkkkkkkkkkkkkkkkkkkkkkk",25
"llllllllllllllllllllllll",25
"luh",25
"quickly",25
"rdr2",25
"wildin",25
"yesssssssssssssssss",25
"ei",25
"elias",25
"lovely",25
"ooooooooooooo",25
"rippp",25
"theagencyagnc1",25
"ayooooooooooo",25
"c7",25
"callin",25
"fuckk",25
"gat",25
"yaa",25
"bismillah",25
"category",25
"lockkk",25
"nine",25
"vicksycheer",25
"bejuxxgood",25
"broh",25
"finee",25
"fools",25
"holaa",25
"legal",25
"ph",25
"rade",25
"onde",25
"2222222",25
"ao",25
"brooooooooooo",25
"bruuuh",25
"ehhh",25
"gnomes",25
"grenbapesce",25
"hub",25
"io",25
"kiosk",25
"playyy",25
"repeat",25
"robloxxx",25
"sppeeeed",25
"suiiiiiiiiiiiiiiiiiiiiiii",25
"paris",25
"96",25
"backflipp",25
"caves",25
"datguy87bayron",25
"eyyyy",25
"goooooooooooooooo",25
"hoo",25
"hungary",25
"impheehandpantschopdnscrew",25
"medic",25
"ratio",25
"salvador",25
"vc",25
"worl",25
"xp",25
"2020byeguys",25
"9999",25
"celebrity",25
"cheatin",25
"escaping",25
"jsmoot1ws",25
"messiah",25
"nicer",25
"pt",25
"reported",25
"rizzy",25
"sasavot",25
"speedglaze",25
"sunset",25
"target",25
"tun",25
"xakmaspeepolove",25
"bon",25
"bronx",25
"chamber",25
"fiockoo",25
"guapsk1w",25
"juan",25
"katy",25
"whaaaat",25
"pressured",25
"plsssssss",25
"yyjsleep",25
"fanumpretems",25
"nipsey6yams",25
"555",25
"christ1447moveit",25
"goooooool",25
"missi",25
"mexicoooooo",25
"mpaypal",25
"qsmp2",25
"roomydisco",25
"tvv",25
"vamosssss",25
"vixi",25
"yayahcomemora",25
"zizou",25
"hart",25
"kan",25
"mood",25
"ishowson",25
"palastine",25
"ronaldooooooooo",25
"steelagahrek1",25
"collect",25
"leakeddd",25
"penaldoo",25
"serkan17gg",25
"lighting",25
"ladydimacheer",25
"haskell",25
"knxbey",25
"camyslhype",25
"ssepphlove",25
"amethy177ravee",25
"colombians",25
"farooowww",25
"little3615catjam",25
"neekdumyers",25
"rashoo1dancee",25
"asiaba1dancee",25
"unkochanmeme",25
"joshbelcarlton",25
"karthaswin",25
"neurosmith2",25
"bedd",25
"cjst33locked",25
"juicyj72megamindinspect",25
"may5weww",25
"offhand",25
"therealmonkeyboy625362",25
"knockzwtfhetalkbout",25
"showertake",25
"54",24
"alll",24
"aswell",24
"avg",24
"betterr",24
"bond",24
"boyy",24
"bruu",24
"bu",24
"cards",24
"cinnamon",24
"coordinates",24
"curry",24
"dammmm",24
"defending",24
"didy",24
"drawing",24
"drums",24
"epicclip",24
"example",24
"favor",24
"fbi",24
"fd",24
"files",24
"ftw",24
"fuckass",24
"ghetto",24
"gucciz2cake",24
"hahathink",24
"huevo",24
"impressive",24
"issa",24
"it'll",24
"jaden",24
"jalen",24
"jones",24
"keeping",24
"kissing",24
"onion",24
"opp",24
"overwhelmed",24
"pirate",24
"ptsd",24
"puppy",24
"savage",24
"sucker",24
"takeover",24
"towards",24
"tuffff",24
"violetttt",24
"violettttt",24
"wan",24
"watchin",24
"whosjiggyy",24
"yeeeeee",24
"yuck",24
"321",24
"72",24
"boyyyy",24
"current",24
"gotten",24
"sig07tchudgis",24
"yougotme",24
"byeeee",24
"emiruspin",24
"tryin",24
"ayyyyyyyyy",24
"callll",24
"crypto",24
"lebronarrive",24
"lspeed",24
"ohhhhhhh",24
"visca",24
"catwait",24
"eeeeeee",24
"mango",24
"stiff",24
"track",24
"woop",24
"chances",24
"diss",24
"footbal",24
"kurwa",24
"lithuania",24
"marlonnnn",24
"muito",24
"nykchawwwwww",24
"shamrock1",24
"siiii",24
"speeeee",24
"speeeeeeeeeeeeeeeeeed",24
"weeeee",24
"3k",24
"ju",24
"letsssss",24
"111111111",24
"88",24
"afternoon",24
"blacky",24
"cal",24
"funkinplay",24
"hawaii",24
"hhhhhhhh",24
"idi",24
"llllllllllllllllllllllllllllll",24
"lmaoooooooooooooooooooooo",24
"marvel",24
"messiiiiiiiiiii",24
"panic",24
"patience",24
"robloxx",24
"splitz",24
"tee",24
"worlds",24
"yooooooooooooooooooooo",24
"justla53letsgo",24
"yoooooooooooooooooooooo",24
"closeee",24
"parking",24
"aids",24
"alcohol",24
"bahamas",24
"cheer10",24
"cinnaforeheaddance",24
"demer",24
"expensive",24
"gawk",24
"gu",24
"neeed",24
"oooooooooooo",24
"scubaa",24
"spii",24
"suuuuiiiiii",24
"vas",24
"whaat",24
"yayyyyy",24
"yeas",24
"younge36w22",24
"crib",24
"daddnog",24
"daniel",24
"gm",24
"grenadines",24
"ih",24
"jebzzuspin",24
"moreee",24
"population",24
"prepared",24
"spiddddd",24
"sweetie",24
"yeo",24
"49",24
"aplle",24
"cinna8head",24
"electrolytes",24
"pit",24
"appleee",24
"heliaa3cheer",24
"hiiiiiiiiiiiiii",24
"monument",24
"taiwan",24
"hijo",24
"siuuuuuuuuuuuuuuuuuu",24
"toppp",24
"sono",24
"800",24
"bitcoin",24
"goallllllllllll",24
"gooooooool",24
"ibra",24
"karama20lul",24
"mattfe2crazydance",24
"orangepangry",24
"orangepshaq",24
"owl2019hungry",24
"partido",24
"trophy",24
"vamoss",24
"waveeeeeee",24
"wemby",24
"cheer2",24
"eae",24
"gool",24
"hoi",24
"lesgooo",24
"replace",24
"riceyv1speed",24
"theres76lmao",24
"verity",24
"agusti151alien",24
"b0bbybotongue",24
"basket",24
"dernablink",24
"dernawave",24
"dharyf6rb",24
"maafia1guhoh",24
"mad752happy",24
"messsssiiiii",24
"mrkazsnif",24
"nypdpolice",24
"pus",24
"sheltonhuh",24
"yyjscoot",24
"blu9peepomeltdown",24
"idahocome",24
"benjam194sturdy",24
"corvoxhype",24
"messsiiiiiiii",24
"nrg",24
"weare",24
"djcash2ll",24
"imkirujiggle",24
"brazybecguy",24
"noraexwiggle",24
"pcnetthedude",24
"blindfold",24
"ech1zellllllll",24
"p1lepecutee",24
"angelo503letsgooo",24
"dansa",24
"mecha",24
"reales21reverseps",24
"zazzondance",24
"1200",24
"dagam32jerk",24
"gaming2300dowa",24
"maccdaburger",24
"vangardknussy",24
"artpo",24
"cinddydance",24
"showlove1",24
"aurasharif",24
"benall1yrdy",24
"caseylinamonsterenergy",24
"djwhit2yellowcard",24
"fbyplante",24
"fncs",24
"grillzzz",24
"kaneljwpr",24
"leardrihno",24
"may5wlol",24
"melody213spritedance",24
"ramayan",24
"xoxlockin",24
"ddgemotehaloscared",24
"eisteeleschrei",24
"kimyaafenghype",24
"lacyyy",24
"sollumanati",24
"835",24
"conman8yes",24
"fletcher",24
"lagma",24
"melflaw",24
"overworld",24
"tsjgetletsgoo",24
"yxlsalnerd",24
"terbanyak",24
"terkirim",24
"2020",23
"ahahha",23
"anxiety",23
"arua",23
"basedyk",23
"bg",23
"byeeeee",23
"chan",23
"comeon",23
"cookin",23
"damnnnnnn",23
"dayummm",23
"defo",23
"diogo",23
"disabled",23
"disney",23
"dosent",23
"dramatic",23
"dustinvampi",23
"eliminated",23
"episodes",23
"eres",23
"ese",23
"forgive",23
"goober",23
"greg",23
"gts",23
"ight",23
"invisible",23
"iv",23
"jam",23
"juniorrr",23
"kebab",23
"kitchen",23
"lagged",23
"liek",23
"loading",23
"lolllllllllllll",23
"makin",23
"messing",23
"meth",23
"naww",23
"ngas",23
"poggerskfc",23
"ragebaited",23
"roids",23
"saludos",23
"shhh",23
"shook",23
"sonny",23
"speex",23
"spring",23
"stopp",23
"tatum",23
"thatt",23
"thisssss",23
"thoughts",23
"thousands",23
"touches",23
"trouble",23
"waa",23
"walks",23
"witch",23
"yuhhhh",23
"audi",23
"brow",23
"combined",23
"crystal",23
"outtt",23
"sniped",23
"tak",23
"trend",23
"underwear",23
"uni",23
"x2xraklove",23
"bahahaha",23
"hahahahaa",23
"bah",23
"djgeeteuskalherria",23
"indiag1matrix",23
"joga",23
"kanker",23
"mt",23
"nahhhhhhhhhh",23
"payyy",23
"sammedance",23
"scammm",23
"speedddddddddddd",23
"taka",23
"ultimate",23
"understands",23
"willl",23
"700",23
"bilie",23
"dumass",23
"hittin",23
"hollywood",23
"pepelaugh",23
"wallahy",23
"yeeeees",23
"cena",23
"commentary",23
"dunno",23
"ewwwwwwwwwww",23
"fanumdancefanum",23
"ffffffff",23
"hb",23
"huhhhh",23
"jiggle",23
"jinx",23
"nnn",23
"planet",23
"sei",23
"shorty",23
"wsppppp",23
"3min",23
"tune",23
"bomba",23
"chica",23
"dame",23
"freee",23
"grade",23
"joooo",23
"lmo",23
"lovee",23
"realy",23
"sade",23
"totally",23
"ver",23
"commentator",23
"kis",23
"wats",23
"adssssss",23
"beauty",23
"beep",23
"darova",23
"earring",23
"gaot",23
"gaygay",23
"holyyyyy",23
"madwhy",23
"sponge",23
"statues",23
"todo",23
"whens",23
"whys",23
"woow",23
"5min",23
"aaaaaaaa",23
"allergic",23
"atv",23
"convoy",23
"fanumheavy",23
"ishowpee",23
"llo",23
"madi2hsideyee",23
"moooo",23
"nezaktifo",23
"parado",23
"planta11lovehype",23
"sake",23
"sg2op",23
"sunscreen",23
"tglgasm",23
"vroom",23
"xakmashardthinking",23
"yeaaah",23
"zarbexw",23
"barbecue",23
"cr7777",23
"european",23
"evening",23
"sammemuga",23
"sleeeeeeeep",23
"worker",23
"zohal",23
"fanummm",23
"agent",23
"cv",23
"dancin",23
"doesheknow",23
"dtchatwhatamiwatching",23
"elmarianalove",23
"gib",23
"golll",23
"janice",23
"jessuhypey",23
"mexicooooooo",23
"mile",23
"morocoo",23
"okc",23
"torta",23
"vamooooo",23
"winston",23
"brazybeclightsaber",23
"champs",23
"cx",23
"downstairs",23
"gollll",23
"hihand",23
"limaa",23
"rooms",23
"senpaiifireworks",23
"totaaaaa",23
"traviss",23
"tvvvvv",23
"vanill171ws",23
"batter",23
"coco7sg",23
"pegwzp",23
"yurrrrr",23
"djmagi3fire",23
"links",23
"sadio",23
"colombiaaa",23
"congooo",23
"highde12sockit",23
"pierogi",23
"potugal",23
"kaicwave",23
"polk",23
"zotoof67",23
"crowny9ohyea",23
"knut2head",23
"republicmeme34",23
"wholewheat",23
"bucees",23
"faaan",23
"neomilul",23
"presence",23
"ellenlg",23
"exciteddd",23
"lilithomenglockfacefestive",23
"speedy337sjwemote",23
"amethy177twerkmei",23
"outerm5screm",23
"beam",23
"discover",23
"screamsheart",23
"gwenne3adipoheart",23
"hanjoud",23
"littyletsgo2",23
"masoma2puertoricoarmy",23
"noirlu2chers",23
"cynsitivepumpkinwerk",23
"lutaaafterwork",23
"mogiicinema",23
"cinddyvybe",23
"diedd",23
"feather",23
"jirotfbird",23
"ravens169excited",23
"srtumbminimini",23
"xoxnuke",23
"cb7",23
"cmxiplabsolutecinema",23
"furrtiyea",23
"infirmary",23
"luckulucky",23
"owl2019was",23
"yugwiggle",23
"benall1angry",23
"lestwinskante",23
"peiikuspin",23
"pickax",23
"3d",22
"addds",22
"agreed",22
"asssssss",22
"ava",22
"ayoooooooooooo",22
"becomes",22
"boost",22
"bubzbelly",22
"bullying",22
"cats",22
"changing",22
"chef",22
"chil",22
"circle",22
"circles",22
"confirmed",22
"cooler",22
"daaaamn",22
"dedication",22
"earthostepmawiachi",22
"fed",22
"feelin",22
"filled",22
"fry",22
"fuckkkk",22
"gae",22
"hahahahaah",22
"hahahhahahaha",22
"halo",22
"horn",22
"kd",22
"lamal",22
"mein",22
"metal",22
"muh",22
"naaaah",22
"nephew",22
"od",22
"permasmug",22
"phizix1kek",22
"pokgengar",22
"pooping",22
"pounds",22
"pu",22
"reverse",22
"role",22
"snowbunny",22
"spank",22
"staff",22
"switching",22
"timeeee",22
"useful",22
"walter",22
"wars",22
"we'll",22
"whack",22
"whyyyy",22
"wine",22
"wtfffffffff",22
"youuuuuu",22
"yuhhh",22
"yuo",22
"yurr",22
"6677",22
"ahahahahahah",22
"ankle",22
"cmonnnn",22
"fork",22
"maker",22
"okkkkk",22
"remix",22
"risky",22
"takin",22
"eddie",22
"goddd",22
"howww",22
"mentality",22
"noooooooooooooooooooooo",22
"packed",22
"whyyy",22
"danhausen",22
"grabbing",22
"ishowads",22
"ishowleak",22
"ita",22
"kicks",22
"rashford",22
"scamming",22
"shpeed",22
"suuuuui",22
"whoo",22
"addss",22
"barkbark",22
"dressed",22
"edits",22
"fortnight",22
"jeans",22
"lmfaoooooooooooo",22
"pepepls",22
"taht",22
"corners",22
"fffffffff",22
"gren",22
"guysss",22
"kala",22
"loolo",22
"nk0sl",22
"personalbest",22
"protein",22
"randy",22
"utd",22
"22222222",22
"appleeee",22
"clicker",22
"demo",22
"garrys",22
"guyss",22
"hahahahahahahahahaha",22
"hj",22
"loop",22
"nowhere",22
"orbit",22
"semen",22
"speeeeeeeeeeeeeeeeeeed",22
"sponsor",22
"trial",22
"users",22
"yp",22
"jrjr",22
"mulann1psg",22
"ramen",22
"righttt",22
"backflipppp",22
"betting",22
"bubble",22
"celebration",22
"chihuahua",22
"ebay",22
"fishes",22
"grefgki",22
"jurapllove",22
"leaks",22
"letsgoo",22
"likely",22
"mines",22
"showering",22
"smaller",22
"speedl",22
"tehfunrunhaha",22
"afk",22
"alex",22
"arguing",22
"bai",22
"blurry",22
"could've",22
"dansi",22
"datgirlada",22
"dreamazeem",22
"ebal",22
"flipp",22
"hachudisgust",22
"holaaaaa",22
"kassyyok",22
"leaker",22
"marker",22
"nowwwwww",22
"offline",22
"personal",22
"salami",22
"theagencyspin",22
"yala",22
"brazybecfussybaby",22
"immediately",22
"misses",22
"shenseea",22
"steeeve",22
"vis",22
"jojo",22
"samoa",22
"fireball",22
"therea5040tianadance2",22
"55m",22
"beaver",22
"boooooooooo",22
"brr",22
"doxxed",22
"goooooooool",22
"greek",22
"jafaar",22
"knxok",22
"larpp",22
"meikodboyfire",22
"meowww",22
"milan",22
"paragay",22
"penal",22
"suzia",22
"usaaaa",22
"challenges",22
"ele",22
"esse",22
"hahapoint",22
"hakimi",22
"iqurxe",22
"jude",22
"mooda",22
"pai",22
"plzzzz",22
"scoot",22
"shamel44redcard",22
"alveuspurple",22
"ankonymus2000",22
"apologies",22
"bigback",22
"biking",22
"exercise",22
"idrakhpexdance",22
"jolli1505",22
"kidnaped",22
"suuuiiiii",22
"xfromeozlaugh",22
"yallah",22
"yesturday",22
"benall1scary",22
"cutevsu",22
"d3rd3rdfd",22
"fortbush",22
"francee",22
"ousmane",22
"congoooo",22
"ech1zelaugh",22
"hhi",22
"hunter",22
"iand",22
"m10",22
"penaltys",22
"suiiironaldo",22
"washedd",22
"cristallllilove",22
"gamerbrombappe",22
"knxnod",22
"lilpuppoc",22
"neveri10bleh",22
"indegnhihidance",22
"indegntaiko",22
"jactha1lockin",22
"captho4king",22
"chargi5monke",22
"diablohbta",22
"fooyamew",22
"hutchins",22
"jamier17corgi",22
"lod198orianaaaaa",22
"z3tixygutgenug",22
"beamin4hibueller",22
"carrym15scream",22
"lowti3kaz",22
"prodby10redcard",22
"diamon277ja",22
"jynxzichampion",22
"mitcht30ggs",22
"vanill171chonies",22
"arepas",22
"batterup",22
"butler",22
"fawnlyneonjam",22
"knutdance",22
"nawelfreddyy",22
"cafajeste",22
"japaaaan",22
"4m9rekwi4ik",22
"everly7around",22
"jasonrspin",22
"wanda",22
"x1zezaclap",22
"pjsalt1",22
"waterfall",22
"blueryaijump4joy",22
"djbobb5djpaddlefoot",22
"eko420dankekw",22
"ellysa3scaredbk",22
"keshajam",22
"nykchasid",22
"officia237lol",22
"paksitan",22
"perrabrippad",22
"roomysh",22
"yxlsalcatdance2",22
"yyjjoy",22
"baftythevoices",22
"joebarttheodore",22
"roguep5pet",22
"gingerbread",22
"larpgpt",22
"leoemhype",22
"manndhar",22
"alibab25alibabarizzface",22
"bakerxnowaying",22
"conixdwhat",22
"ironn",22
"knighttdancee",22
"shamel44stressed",22
"thingo",22
"10min",21
"6767676767676",21
"adult",21
"aid",21
"apart",21
"asses",21
"aunty",21
"blacker",21
"bold",21
"boner",21
"brick",21
"burnt",21
"burrito",21
"caps",21
"ck",21
"completely",21
"cutscene",21
"dee",21
"donuts",21
"dork",21
"dreads",21
"emoji",21
"enemy",21
"feelsokayman",21
"frl",21
"fro",21
"fuck",21
"glitched",21
"gtfo",21
"gurl",21
"hahahaaha",21
"hahahhah",21
"hoes",21
"ici",21
"jackass",21
"jrrr",21
"laced",21
"lack",21
"learned",21
"leauge",21
"mistake",21
"mister",21
"nay",21
"nonchalant",21
"nooooooooooooooooooooo",21
"noticed",21
"obj",21
"ofccc",21
"offer",21
"pilot",21
"politics",21
"relationship",21
"s4",21
"salute",21
"shouldnt",21
"soldier",21
"speed52",21
"speedsmash",21
"spy",21
"stopping",21
"sturdy",21
"thang",21
"toddler",21
"wtfffffff",21
"aggressive",21
"allen",21
"certified",21
"fiction",21
"fukin",21
"goooooooooooooooooo",21
"halal",21
"horses",21
"islam",21
"muslims",21
"nation",21
"somegi2nooo",21
"tube",21
"x1cutidddd",21
"bloody",21
"facing",21
"father469saddy",21
"hereeeeeee",21
"omgggggggg",21
"writing",21
"adopt",21
"bending",21
"bonito",21
"cmonn",21
"creaming",21
"gaga",21
"greed",21
"offff",21
"texting",21
"waw",21
"40k",21
"address",21
"destroyed",21
"fwhaydwrgb",21
"hogrider",21
"ittttttt",21
"kkkkkkkkkkkkkkkkkkkkk",21
"limmyrage",21
"ooof",21
"sweater",21
"thearr8dancingcat",21
"yasirs1laugh",21
"ancelotti",21
"anyme023kwa",21
"brazybecclap",21
"jooo",21
"lightn294boohoo",21
"nem",21
"rolling",21
"suu",21
"suuuiiiiiii",21
"quest",21
"suuuuuuuuuuuuuu",21
"bonita8dancingstick",21
"chilllll",21
"climb",21
"eyo",21
"hahahahahahahahahahaha",21
"hahahahahahha",21
"isho",21
"jajajajajajaja",21
"material",21
"nal",21
"speedspeedspeedspeed",21
"stoppppp",21
"subnautica",21
"tis",21
"wana",21
"woahhhhh",21
"cuuuuuup",21
"wy",21
"adad",21
"ahahhahaha",21
"aii",21
"eed",21
"esfand",21
"fra",21
"greece",21
"gyaaaaat",21
"jinnytty",21
"nicojm0",21
"ome10",21
"qualified",21
"scuffed",21
"speeeeeeddddd",21
"stirthepot",21
"superchat",21
"talm",21
"thailand",21
"waterrr",21
"ya'll",21
"alvarez",21
"chains",21
"claaaaaaat",21
"condom",21
"delicious",21
"direct",21
"dolphiifireiaa",21
"downbad",21
"exemnod",21
"fanumdomi",21
"habe",21
"lever",21
"litter",21
"loollll",21
"mary's",21
"mibombaaaaaaa",21
"noooooooooooooooooooo",21
"notes",21
"oblivion",21
"oiii",21
"ouuuuu",21
"preacher",21
"raylivbigdubs",21
"shiit",21
"spiiii",21
"jets",21
"runnnnn",21
"stfuuuu",21
"restroom",21
"canadian",21
"bobo",21
"fanumm",21
"bushwhbread",21
"didd",21
"larppp",21
"mariov27yumi",21
"messssiiiiiii",21
"pk",21
"pulisic",21
"roasted",21
"rtugal",21
"sonaldo",21
"usaaaaa",21
"2x1",21
"belgum",21
"brasillllllll",21
"lacula2nyanjack",21
"roomyrainbow",21
"supporter",21
"zz",21
"argentinian",21
"ari",21
"artur",21
"casey",21
"cuppppppp",21
"ishowmessi",21
"lukaku",21
"luvsign",21
"neistat",21
"okheavrage",21
"vex",21
"900",21
"cr17",21
"francia",21
"gal",21
"hypecheer",21
"kaicshook",21
"mesiiiiiii",21
"messsssiii",21
"refree",21
"676767676767676767676767",21
"aldo",21
"christ1447popit",21
"cr77777",21
"mar3lgmaryessir",21
"messiiiiiiiiiiiii",21
"sila",21
"megabe9megadiamond",21
"christ1447lmao",21
"itsmar125sweaty",21
"cheaters",21
"kiilankekw",21
"mcd",21
"votbelka",21
"43",21
"davidb103alienplz",21
"daveyntmodlove",21
"koreshold",21
"vanill171sideeye",21
"ilboykbinnas",21
"mehditdanse",21
"moree",21
"senpai",21
"trizze2",21
"bungee",21
"jynxzigg",21
"richkidlolw",21
"d'ivoire",21
"mckyurwirt",21
"g1ngebrian",21
"kaneljdancenel",21
"milkymilkyscared",21
"rakaii",21
"burrowed",21
"checkpointttt",21
"chekpoint",21
"hyvgshame",21
"zenencpepe1",21
"snitching",21
"tastyfartarmy2",21
"tbpeanutbungusmac",21
"xpgel1t32",21
"606",21
"cucumbervr1",21
"elficklazerfocused",21
"rufl",21
"2am",20
"alvin",20
"ana",20
"arch",20
"armpit",20
"ballright",20
"bat",20
"bdeoliln",20
"behave",20
"brodi",20
"buccees",20
"camp",20
"cancel",20
"commercials",20
"comp",20
"coz",20
"dint",20
"donttt",20
"education",20
"emo",20
"fanumtriggered",20
"fruits",20
"gate",20
"glitching",20
"hahahhaa",20
"hated",20
"heyyyyyyy",20
"heyyyyyyyy",20
"highlight",20
"hollow",20
"imo",20
"impact",20
"increase",20
"infinity",20
"ishowseed",20
"itskay11wrp",20
"joining",20
"joint",20
"l0l",20
"leowrld17",20
"mirror",20
"mixed",20
"mmmmmmmm",20
"movin",20
"niceeee",20
"noone",20
"obsessed",20
"omggggggggg",20
"ordered",20
"peepohappy",20
"pickles",20
"pridelaugh",20
"religion",20
"ripp",20
"saveee",20
"schedule",20
"seeed",20
"selfish",20
"setting",20
"shhhh",20
"sinnydonut",20
"slam",20
"smelly",20
"stamina",20
"streamed",20
"teaching",20
"tge",20
"themselves",20
"titanic",20
"tony",20
"trapped",20
"warrior",20
"widespeedlaugh5",20
"winter",20
"workin",20
"yawn",20
"yooooooooooooooooooooooo",20
"2025",20
"87",20
"booooooooo",20
"buck",20
"hiiiiiiiiiiiii",20
"pix",20
"pointed",20
"speed44",20
"ys",20
"yxlsalshake",20
"ewwwwwwwwwwww",20
"hahahahahahahahah",20
"sai",20
"speeeeedddddd",20
"wowee",20
"12k",20
"anger",20
"bosnia",20
"dk",20
"gooners",20
"livestream",20
"nutted",20
"stall",20
"usss",20
"wales",20
"bailao",20
"medium",20
"norris18culito",20
"wallai",20
"assistant",20
"cloud",20
"competition",20
"ferguson",20
"ikr",20
"joo",20
"london",20
"midnight",20
"muteeee",20
"public",20
"seeeeee",20
"speeeeeeeeddddd",20
"suppp",20
"zoo",20
"jogo",20
"2v2",20
"breh",20
"burguling",20
"ce",20
"dun",20
"epsteins",20
"footage",20
"gayyyyy",20
"impress",20
"ishowsad",20
"lmaaao",20
"noises",20
"ragequit",20
"shelov36w",20
"speeeeeeeeeeeeeeeeeeeed",20
"spray",20
"wp",20
"wrld",20
"fdp",20
"network",20
"siema",20
"signed",20
"speeedddddddd",20
"spoke",20
"xddddddddddddddddd",20
"67676767676767676767676767",20
"arkyszlebroncry",20
"blubb",20
"chaka",20
"dammmmm",20
"deff",20
"fishmoley",20
"kung",20
"kuss",20
"loveawiggle",20
"mermaid",20
"mic",20
"muteddddd",20
"mutee",20
"rayasianboy",20
"siiuuuu",20
"suiiiiiiiiiiiiiiiiiiii",20
"suuuuuuui",20
"todos",20
"waterr",20
"wdf",20
"alexou10hypebleu",20
"audioooo",20
"audiooooo",20
"aunties",20
"bdeothugshake2",20
"bello",20
"blo",20
"brian",20
"cancelled",20
"castries",20
"chama",20
"cinnaspin",20
"crowds",20
"danggg",20
"father469herewegoagain",20
"gibberish",20
"halle",20
"huy",20
"iss",20
"jynxzibounce",20
"kfs",20
"laggin",20
"locklearlove",20
"mdr",20
"melt",20
"philly",20
"pictures",20
"pridefloat",20
"rack",20
"stanko4meteoro",20
"tripple",20
"tshirt",20
"updated",20
"wifey",20
"worried",20
"bing",20
"chiefqief",20
"jujusduck",20
"perry",20
"speeeeeedd",20
"zizostdance",20
"20mins",20
"antarctica",20
"oceania",20
"draws",20
"gt",20
"2020shred",20
"albania",20
"deadddd",20
"diego",20
"eweazybravo",20
"gianni",20
"gooooooooool",20
"jaxon",20
"joshbeljonkekw",20
"jtw",20
"lamatinalefumi",20
"maguire",20
"ovo",20
"rubin",20
"servalbop",20
"suayrecap",20
"suwy",20
"vamoooo",20
"64",20
"brasillllllllll",20
"eseba",20
"filho",20
"gaulesbr",20
"goalllllllllllll",20
"isabella",20
"kwwanzlongtounge",20
"maqweltomigoatsu",20
"oleee",20
"paqueta",20
"pogbaaa",20
"rug",20
"vean",20
"xrp",20
"yklaurcool",20
"chinatown",20
"gaspi",20
"gggggggggggg",20
"indiag1discoo",20
"inkmatesmile",20
"ishowspeedywatkins",20
"italiani",20
"mandys7fritando",20
"okheav4k",20
"tipppp",20
"zzzzzzz",20
"eryccry",20
"madden",20
"royali5pompen",20
"vozinha",20
"cazespfc",20
"congooooo",20
"contro207numero10",20
"d00ricatragee",20
"davidb103party",20
"gameshow",20
"liiacat1",20
"messsssssi",20
"portu",20
"posture",20
"jynxzismoke",20
"amragi67",20
"arrack",20
"wesley",20
"allpegreen",20
"bookofkenblankie",20
"djmagi3dancepick",20
"fundraiser",20
"jiviwave",20
"khalid",20
"luvluvluv",20
"niggaaaaspeed",20
"pcnetgarfield",20
"sey",20
"trading",20
"debpwhatt",20
"enzzaill",20
"todayyyyy",20
"diamon277flashingdiamond",20
"mitcht30laugh",20
"angelo503omggg",20
"heyman1jam",20
"nnevchud",20
"reem4pwstream",20
"suburb",20
"v7adysigmajason",20
"vrcmeef",20
"wualai",20
"japannnnnn",20
"landenrlotterdance",20
"mjaylimjaylol",20
"camyslflex",20
"ellief5dance",20
"fourhead",20
"ghgsoup",20
"linespower",20
"misspurpmetalmario",20
"performed",20
"keekolol",20
"malnourished",20
"oce6ixcrip",20
"ramyna",20
"vangardbass",20
"vangardvegarddance",20
"ch1nelsborra",20
"cov",20
"karthasshot",20
"logs",20
"revoca3letsgoooo",20
"vigg0cwendelbowoooooooolt",20
"milymirave",20
"moongraal",20
"abovediamonds",20
"axibysanotado",20
"bales",20
"brolock",20
"dimonds",20
"iblack3byb",20
"kaicconfusedd",20
"kaykil",20
"marlonspeed",20
"obsidanbreak",20
"2020snacking",19
"advise",19
"ahhahahah",19
"aqua",19
"attacked",19
"badass",19
"birds",19
"bish",19
"blondie",19
"bodies",19
"bugging",19
"bullet",19
"bullets",19
"burp",19
"ceo",19
"chairs",19
"chaotic",19
"charge",19
"chillllll",19
"colab",19
"confident",19
"coocked",19
"creep",19
"data",19
"desperate",19
"fin",19
"ful",19
"gatorade",19
"gucci",19
"itskay11laugh",19
"jn",19
"lagggggg",19
"lean",19
"lived",19
"lmfaooooooooooooooo",19
"looo",19
"luvuok",19
"mamas",19
"member",19
"mexicans",19
"nha",19
"nightmare",19
"objective",19
"oohhh",19
"opposite",19
"pastor",19
"poisoned",19
"poppin",19
"pretend",19
"r3",19
"rae",19
"recently",19
"redbull",19
"samsung",19
"sleepin",19
"slice",19
"slim",19
"smarter",19
"socinema",19
"speeeedidkikd",19
"spoiling",19
"stfup",19
"streem",19
"susge",19
"tiffachumath",19
"typa",19
"upper",19
"upwards",19
"widespeedlaugh10",19
"worries",19
"woulda",19
"wtffffffff",19
"yoooooooooooooooooooooooo",19
"yothatlock",19
"barbershop",19
"demons",19
"depends",19
"expert",19
"feat",19
"gulp",19
"heyits857luccefacereveal",19
"koochi1holysht",19
"ofdliljim",19
"powerful",19
"sharing",19
"terraria",19
"yassss",19
"bazooka",19
"cryyy",19
"cycle",19
"deadd",19
"exemcry",19
"gameeeee",19
"livestreaming",19
"riz",19
"sweatin",19
"woooooooo",19
"bruuu",19
"caked",19
"ccc",19
"djgeeteuskara",19
"flipping",19
"locking",19
"mu",19
"siuuuuuuuuuuuuuuuuuuuuuu",19
"vamooos",19
"33333333",19
"abc",19
"giggles",19
"isso",19
"isss",19
"jajajajajaja",19
"pablo",19
"recceba",19
"slipzzzzz",19
"timeeeee",19
"wooooooooo",19
"bella",19
"blacks",19
"char",19
"helllll",19
"ishowshit",19
"kings",19
"pan",19
"quarter",19
"redcard",19
"speeeeeeedddd",19
"suh",19
"uuuuuuuuuuu",19
"wahalli",19
"gooned",19
"11111111111",19
"bahaha",19
"bto",19
"downn",19
"einstein",19
"equipment",19
"firstt",19
"fuhh",19
"ggss",19
"hall",19
"kr",19
"leaf",19
"loooll",19
"looolll",19
"memee",19
"nos",19
"nowwwww",19
"prize",19
"sha",19
"tone",19
"vegas",19
"wft",19
"zainua755",19
"daddd",19
"didi",19
"itll",19
"jerseys",19
"jrr",19
"polandd",19
"radiogumm",19
"speedster",19
"tr",19
"wsgg",19
"closee",19
"21am",19
"colors",19
"drowned",19
"ffffffffff",19
"flips",19
"innit",19
"luhcal2w",19
"parrot",19
"poverty",19
"props",19
"ronalexz",19
"sketch",19
"snipers",19
"speedclapped",19
"suuuuiiiii",19
"sync",19
"underground",19
"wellll",19
"woahh",19
"01",19
"9pm",19
"addddddddd",19
"aiii",19
"brochacho",19
"churches",19
"concrete",19
"f0r5en",19
"fanumabuh",19
"inv",19
"jnote0twerking",19
"khan",19
"konydance",19
"moderators",19
"moss",19
"newguyy",19
"okayyyy",19
"opportunity",19
"pollution",19
"racing",19
"rev",19
"rizzzzzz",19
"russkiy",19
"service",19
"spiiiiiidd",19
"suuuuuuuuuuuuu",19
"tourist",19
"wacka",19
"wagwan",19
"wawadisco",19
"zulul",19
"android",19
"loook",19
"markox5letsgo",19
"nearby",19
"sale",19
"sleepppp",19
"chart",19
"yoink",19
"1738",19
"pace",19
"badgeh2giggles",19
"dtchatblackvillainsmile",19
"gui",19
"jose",19
"larpppp",19
"letsgoooo",19
"lions",19
"mach",19
"scoreboardd",19
"speedpfft",19
"stabechopped",19
"suwi",19
"thewil76gofo1",19
"60k",19
"blah",19
"bradley",19
"casoh",19
"dik",19
"gna",19
"goattttttttt",19
"isabela",19
"merda",19
"pogbaaaa",19
"rapido",19
"rrrr",19
"sabe",19
"scotttt",19
"shoughit",19
"79",19
"bricks",19
"dancee",19
"popo",19
"portugallllll",19
"primerlytho",19
"zu",19
"4444",19
"98",19
"mbapee",19
"sengal",19
"strug4free",19
"thomboooo",19
"cr77",19
"davidb103chain",19
"dwarf",19
"kaiiiiiii",19
"pepeee",19
"proersturk",19
"ronldo",19
"sanymayes",19
"x9warchlick",19
"koreaaaa",19
"offici2495w",19
"raedance",19
"stayyyy",19
"antoni588thehatchtonio",19
"buc",19
"nickeh6shocked",19
"kariicheer",19
"oxalatteflipoff",19
"x2xrakrakaiygm",19
"ahmed",19
"joebartclown",19
"khusanov",19
"mifuhandshake",19
"peaking",19
"diamon277butterfly",19
"lootha1hype",19
"hayyyy",19
"ilboykwtf",19
"jollibeeee",19
"lidittrisita",19
"benjam194hips",19
"friendship",19
"kakalika",19
"trihousmash",19
"1000000000",19
"intersteller",19
"javierosrah",19
"joschwbananana",19
"kaicstare",19
"misspurpquack",19
"ranstergyatt",19
"sammecar",19
"spitzzzscream",19
"adixn887",19
"arkyszcry",19
"arkyszdancing",19
"blazia4shuffle",19
"coachl30kaese",19
"kadeem",19
"payogg",19
"612",19
"cubes",19
"neggy",19
"roguep5dance",19
"tbvnks",19
"knxbop",19
"lakko",19
"losid7baile",19
"meetthebanger",19
"riverboarding",19
"yonnajlove",19
"34am",19
"500jynxzi",19
"cucumbersbananas",19
"didicenat",19
"doating",19
"elytra",19
"gagobldespair",19
"iambreadhyperbread",19
"imrane",19
"kaicpain",19
"lillun5eepy",19
"mtismephearout",19
"yyjkiss",19
"3000",18
"8k",18
"alberto",18
"ale",18
"alleahlol",18
"asfff",18
"betrayed",18
"better184hah",18
"blessing",18
"boogers",18
"bother",18
"bubzwag",18
"buckets",18
"connect",18
"cos",18
"cosplay",18
"credit",18
"danger",18
"dayumm",18
"decide",18
"defend",18
"donkshipping",18
"dumbasses",18
"elephant",18
"faint",18
"familiar",18
"fock",18
"fucks",18
"fumble",18
"headache",18
"heloo",18
"herrr",18
"hunting",18
"intense",18
"jammal",18
"judge",18
"kisses",18
"llllllllllllllllllllllllllll",18
"loyal",18
"mah",18
"male",18
"marlons",18
"multi",18
"nickeh30",18
"nixka",18
"ob",18
"oink",18
"packma4val",18
"paint",18
"pedro",18
"picks",18
"posted",18
"promised",18
"rob",18
"rrr",18
"scissor",18
"screenshot",18
"seal",18
"secretly",18
"shadow",18
"shet",18
"sie",18
"sins",18
"souls",18
"spare",18
"speer",18
"syfm",18
"talked",18
"teleport",18
"theee",18
"therea5040cryingpanda",18
"tm",18
"uff",18
"underestimate",18
"valeriaflwr",18
"visiting",18
"whale",18
"x2xrak2xrakai",18
"x9sorcerer",18
"yeeeeeee",18
"acknowledge",18
"goa",18
"goooooooooooooooooooo",18
"hail",18
"mention",18
"monsters",18
"nawwww",18
"profile",18
"reqblankies",18
"shoulder",18
"would've",18
"ww2",18
"aaaaaaaaa",18
"biblethump",18
"ci",18
"dgaf",18
"exemclap",18
"fuhhh",18
"gc",18
"leakkkkk",18
"maxxing",18
"nooooooooooooooooooooooo",18
"proper",18
"rightthere",18
"unreal",18
"vibetribewin",18
"whay",18
"yayy",18
"defence",18
"denied",18
"eblan",18
"lobster",18
"merchant",18
"stats",18
"wen",18
"allat",18
"bdjmeubrasil",18
"braxispepedance",18
"cann",18
"catjam",18
"juwiley",18
"nostalgia",18
"okayy",18
"plaqueboysped",18
"pracarbabydance",18
"xenkaimeat",18
"yyo",18
"auraaaaaaaaa",18
"cumming",18
"cya",18
"focker",18
"gy",18
"helpp",18
"lurk",18
"messsssiiiiiii",18
"nablohletsgooooooo",18
"noi",18
"speeddddddddddddd",18
"speeeeeeeeeeeeeeeeeeeeeeed",18
"uppppppp",18
"worship",18
"wrestle",18
"wwwe",18
"yaaaaaa",18
"arrived",18
"crunch",18
"1000000",18
"1111111111",18
"111111111111",18
"77777777",18
"attempt",18
"auraaaaaaaa",18
"chess",18
"daddyyyyy",18
"dandys",18
"djoxy",18
"drdonut",18
"goooooooooooooooooooooo",18
"greeeeeen",18
"hahaahah",18
"haiiii",18
"hasan",18
"madrigueraplay",18
"mashallah",18
"mistakes",18
"pumpky1dance",18
"rekt",18
"siuuuuuuuuuuuuuuuuuuuuu",18
"skillf41peachit",18
"slowly",18
"speeded",18
"toma",18
"wssss",18
"yeeesss",18
"fl",18
"gp",18
"zzzzz",18
"6x",18
"across",18
"aintnoway",18
"bands",18
"capppppp",18
"chiken",18
"comm",18
"databaseaaaa",18
"dnt",18
"gaan",18
"hip",18
"jetski",18
"jum",18
"kurtis",18
"maweymuevelo",18
"monthly",18
"pokshadowmew",18
"sed",18
"sirrrr",18
"sucked",18
"suiiiiiiiiiiiiiiiiiiiiiiiiiiii",18
"sydneyyy",18
"tut",18
"vida",18
"y2kayehappy",18
"baddy",18
"banna",18
"cupppppp",18
"cuts",18
"decades",18
"dumogenesis",18
"efootball",18
"exhausted",18
"fanummotion",18
"faxxxx",18
"helicopter",18
"kidvarsity",18
"lolololo",18
"omgggggggggg",18
"pff",18
"plates",18
"pleasseeeeeee",18
"properly",18
"ra",18
"ravaytbonnet",18
"sat",18
"seamoss",18
"spiiit",18
"steamer",18
"swarmed",18
"vous",18
"waited",18
"xakmasbabythinking",18
"backflippppp",18
"elyrosbum",18
"handshake",18
"justahunch0",18
"lutaajam",18
"markox5thaicoco",18
"offfffffffff",18
"pol",18
"rd",18
"rightt",18
"speedvibespeedvibe",18
"speh",18
"tuuuuuurn",18
"youngboy",18
"zi",18
"kianusaluhut2",18
"kianuspush",18
"wold",18
"enddd",18
"heliaa3shootshoot",18
"okkkk",18
"dominicans",18
"uf",18
"earlyyy",18
"aussie",18
"beiber",18
"bubz67",18
"fimbu",18
"goatttttttt",18
"iveebmgk",18
"kobe",18
"lujain666",18
"overlay",18
"preform",18
"prices",18
"ranoldo",18
"rating",18
"sakurasgg",18
"wav",18
"bra71l",18
"bravil",18
"feerdsc1439",18
"hui",18
"hurtsneck",18
"italiano",18
"manu",18
"maroco",18
"mdmdaiadrivalak",18
"patty",18
"quiero",18
"siekoftree",18
"tsubasa",18
"tylilwatch",18
"watchparty",18
"yhe",18
"720p",18
"argentinaaaaa",18
"b0bbybocheers",18
"besht",18
"bobbyz9bobby67",18
"cody",18
"criss",18
"delayyyyy",18
"dripping",18
"erling",18
"iiii",18
"lamooo",18
"mail",18
"mrsal5girophare2",18
"nomadiiyou",18
"sumwut",18
"tokyosimsaminesturdy",18
"bruhmo3music",18
"burmalda",18
"ctrl",18
"kik",18
"mbappee",18
"rdc",18
"congoooooo",18
"cristina",18
"doaenesiblings",18
"giv",18
"goatnaldo",18
"kaif",18
"karl",18
"mesiiiiii",18
"messsssiiii",18
"nasdas",18
"penaldog",18
"royali5beuken",18
"yildiz",18
"lolybnlolyslimedance",18
"mehico",18
"nahui",18
