"word","frequency"
"lol",556762
"ww",209291
"the",193381
"a",136462
"lmfao",133313
"you",128723
"son",125629
"is",123433
"to",111454
"sob",110810
"he",107496
"gg",106646
"it",103103
"u",99709
"jason",91983
"bro",88814
"i",87302
"w",85176
"that",76442
"in",72541
"lo",71962
"go",67458
"we",66858
"this",63508
"no",63346
"not",60321
"on",59796
"and",58925
"for",58313
"mmm",57013
"lmao",53955
"rt",49710
"geeg",48708
"just",47667
"what",47304
"get",45607
"so",43403
"good",42180
"do",41793
"its",40664
"ur",39942
"fairs",39063
"they",39038
"hah",38967
"shit",38589
"uuh",38464
"s",38187
"taw",37604
"got",36484
"like",36060
"up",36005
"saj",35941
"yo",35185
"stream",34843
"him",34530
"of",34178
"chat",33716
"with",33239
"are",32186
"focus",32049
"wtf",31834
"was",31573
"ouu",30589
"your",30303
"pfft",30080
"me",30065
"1",29747
"ass",29201
"be",28997
"bang",28921
"why",28877
"wow",28673
"at",28384
"omg",28070
"ok",27720
"yes",27616
"his",27016
"dont",26755
"oop",26332
"she",25810
"oooo",25615
"ayy",25283
"ron",25154
"hold",24977
"fuck",24799
"rofl",24577
"3",24466
"can",24248
"ll",24041
"l",23759
"www",23549
"jasontheween",23374
"o",23327
"mhm",23112
"out",22981
"lacy",22839
"my",22619
"jawhn",22602
"back",22601
"holy",22123
"aura",22108
"t",22099
"larp",21952
"lul",21630
"did",21131
"damn",20598
"one",20498
"yugi",20430
"oh",19982
"love",19934
"randomkid",19890
"all",19826
"marlon",19224
"cap",18684
"ybg",18521
"5",18482
"who",18431
"too",18408
"thats",18302
"2",18091
"there",18071
"how",18055
"jasont2cry",18025
"lmaooo",17881
"watch",17874
"now",17824
"kai",17570
"im",17281
"nabs",16944
"nah",16879
"time",16736
"have",16688
"her",16445
"gonna",16376
"subscribed",16332
"whattt",16154
"hes",15832
"jay",15394
"man",15198
"evil",15125
"streameru2026",15088
"know",15024
"yall",14956
"ono",14952
"ome44",14756
"caught",14683
"off",14517
"said",14433
"noway",14262
"piece",14259
"going",14217
"here",14156
"call",14136
"jasont2nms3",14074
"classic",14004
"bad",13836
"need",13671
"ofc",13595
"mijo",13591
"if",13433
"look",13406
"huh",13352
"streak",13247
"coming",13206
"omgbruh",13118
"silky",12980
"ew",12916
"shi",12893
"usa",12775
"stop",12676
"haskell",12662
"omecheer",12612
"game",12595
"say",12440
"where",12341
"resident",12295
"wedidit",12121
"even",12103
"but",11947
"ig",11926
"play",11786
"more",11779
"please",11461
"lmaoooo",11442
"o7",11416
"sped",11305
"better",11210
"take",11122
"lmaoo",11090
"about",11019
"run",10955
"d1",10944
"streams",10878
"or",10877
"gang",10798
"aga",10767
"fucking",10740
"arky",10714
"them",10645
"wwww",10638
"ask",10572
"10",10524
"getting",10515
"still",10432
"right",10409
"make",10357
"clip",10333
"from",10252
"ohshit",10213
"max",10201
"watched",10194
"woah",10123
"let",10119
"tell",10098
"see",10036
"tf",9993
"party",9987
"lmfaooo",9932
"when",9872
"core",9836
"room",9801
"team",9717
"f",9618
"guy",9583
"sparked",9505
"consecutive",9476
"ewww",9422
"has",9365
"don",9343
"some",9318
"tier",9225
"doing",9216
"dub",9161
"kid",9014
"streamer",8934
"as",8932
"big",8899
"bruh",8892
"fake",8817
"dude",8806
"ngl",8749
"mexico",8749
"fight",8706
"crazy",8696
"over",8678
"mogged",8675
"way",8661
"woj",8501
"down",8474
"wait",8460
"clap",8443
"tho",8420
"free",8368
"goalhype",8314
"4",8236
"lmfaoooo",8235
"sixty",8217
"sus",8215
"content",8194
"people",8191
"yeah",8155
"deadass",8152
"pre",8103
"btw",8061
"denied",8038
"gotta",8012
"cant",7955
"only",7856
"us",7834
"last",7686
"well",7667
"real",7660
"months",7655
"mad",7623
"mf",7603
"wwwww",7564
"they've",7556
"put",7525
"jasont2sturdy",7516
"does",7466
"hell",7465
"0",7436
"actually",7417
"kekw",7371
"next",7369
"yonna",7365
"an",7341
"vs",7331
"herehego",7326
"ts",7318
"funny",7275
"day",7265
"again",7260
"accepted",7250
"messi",7227
"boy",7201
"new",7180
"ohnono",7160
"hooray",7045
"lu",7015
"first",7005
"hi",6994
"dead",6991
"degloved",6971
"will",6928
"lock",6921
"speed",6915
"dans",6897
"would",6887
"happy",6865
"same",6865
"goat",6853
"show",6847
"think",6843
"song",6828
"live",6816
"sub",6806
"class",6804
"girl",6798
"give",6776
"chill",6767
"mods",6765
"ronaldo",6754
"llj",6684
"lets",6680
"win",6668
"keep",6663
"yea",6658
"ooo",6637
"ahh",6580
"never",6558
"nice",6551
"miss",6528
"stabeblue",6504
"fym",6458
"chopped",6401
"cooked",6394
"been",6382
"j",6378
"lil",6356
"spideythwip",6356
"ayo",6353
"santi",6333
"7",6310
"ba",6304
"sonion",6302
"someone",6295
"then",6244
"want",6211
"food",6201
"mean",6194
"twitch",6187
"gifted",6176
"shirt",6176
"prime",6161
"everyone",6139
"lmaooooo",6138
"already",6136
"babyrage",6124
"m",6105
"fanum",6076
"jtw",6061
"guys",6054
"help",6054
"nt",6028
"rn",6025
"pardon",6017
"ref",5989
"by",5957
"crumb",5940
"than",5918
"much",5913
"ggs",5886
"d",5844
"nigga",5814
"leave",5813
"saying",5775
"left",5772
"come",5711
"start",5698
"hero",5694
"balesh",5649
"save",5598
"raid",5593
"noooo",5558
"lmfaooooo",5527
"ai",5498
"god",5476
"fax",5450
"6",5420
"wrong",5419
"it's",5394
"really",5393
"jester",5392
"yujin",5389
"aint",5387
"should",5386
"oscs",5366
"partyhat",5363
"tv",5346
"stfu",5342
"wwwwww",5312
"camera",5284
"nms",5262
"lost",5232
"qt",5223
"partner",5197
"house",5127
"looks",5112
"dumbass",5055
"anniversary",5044
"fries",5033
"home",5021
"https",5016
"cinna",5009
"lmfaoo",4970
"didnt",4934
"miby",4929
"maybe",4920
"monka",4903
"watching",4858
"hit",4839
"30",4822
"made",4806
"rage",4800
"were",4797
"daddy",4772
"month",4771
"red",4766
"asian",4765
"end",4764
"fine",4750
"ego",4748
"ong",4728
"top",4709
"segment",4704
"wardrobe",4690
"check",4687
"england",4666
"deal",4649
"water",4635
"best",4631
"asf",4628
"goal",4578
"had",4575
"demon",4570
"pls",4562
"twitchconhype",4524
"talking",4497
"night",4492
"shii",4477
"cam",4464
"67",4464
"keem",4458
"ball",4431
"today",4429
"won",4416
"other",4400
"crying",4396
"currently",4391
"laiys",4387
"24",4383
"min",4378
"these",4366
"adapt",4358
"might",4353
"fr",4319
"whole",4309
"fire",4296
"mic",4295
"always",4280
"am",4183
"loll",4179
"talk",4171
"ludwig",4165
"eww",4137
"turn",4134
"fat",4123
"ray",4112
"lmfaoooooo",4105
"100",4100
"year",4097
"mmmm",4087
"wanna",4084
"cameraman",4074
"yooo",4058
"move",4054
"read",4038
"don't",4034
"notlikethis",4012
"guess",3996
"ada",3979
"use",3960
"world",3952
"omeohh",3951
"20",3932
"tuff",3932
"finally",3919
"old",3904
"bitrate",3897
"gay",3880
"ome10",3876
"re",3875
"fix",3874
"name",3874
"r",3871
"mutted",3853
"wwwwwww",3850
"rip",3846
"stay",3829
"after",3821
"behind",3818
"happened",3813
"hetrynaignoreit",3811
"pbm",3811
"hard",3776
"something",3723
"true",3687
"car",3676
"cte",3668
"gng",3647
"nothing",3630
"ez",3609
"dumb",3607
"weird",3606
"games",3604
"ma",3598
"ouuu",3590
"lud",3590
"lmaoooooo",3570
"duke",3557
"brother",3528
"change",3528
"playing",3528
"face",3520
"sleep",3505
"ooooo",3505
"before",3481
"looking",3478
"cinema",3476
"beat",3468
"gon",3447
"bratchat",3399
"af",3384
"yonose",3382
"50",3378
"dancin",3377
"agahi",3362
"life",3336
"nooo",3334
"every",3331
"raph",3328
"money",3322
"y",3299
"black",3297
"being",3285
"switch",3269
"kick",3268
"lolll",3264
"whats",3253
"lowkey",3252
"smh",3249
"homage",3249
"uhh",3239
"shot",3225
"n",3218
"8",3217
"find",3212
"eat",3197
"king",3196
"jasont2gap",3194
"france",3192
"long",3189
"schedule",3175
"yel",3161
"su",3160
"pool",3159
"drool",3157
"sit",3156
"making",3153
"push",3145
"sure",3144
"high",3130
"outside",3128
"done",3113
"late",3096
"killthatboy",3096
"doesheknow",3089
"slow",3072
"ewwww",3066
"band",3065
"benjy",3065
"cmon",3057
"their",3052
"could",3048
"baby",3047
"matter",3042
"pay",3041
"lag",3039
"yoooo",3038
"jshock",3019
"both",3010
"siggy",3008
"ironic",3001
"try",2999
"bitch",2998
"work",2978
"ayyy",2972
"x",2969
"he's",2964
"hollon",2964
"diva",2963
"rakai",2955
"security",2939
"another",2938
"bet",2930
"tiktok",2930
"slay",2928
"hey",2916
"method",2916
"jtj",2913
"phone",2910
"ryan",2909
"literally",2895
"sixtyvari0us",2892
"guapo",2888
"pin",2883
"argentina",2878
"gone",2874
"needs",2868
"wwwwwwww",2862
"bye",2838
"went",2827
"mans",2823
"12",2820
"9",2808
"yoo",2800
"door",2787
"hate",2779
"random",2770
"lmfaooooooo",2767
"ome5",2758
"thing",2755
"everything",2754
"joe",2752
"prod",2751
"head",2748
"cup",2743
"spain",2738
"our",2736
"audio",2733
"close",2732
"those",2732
"okay",2731
"ome32",2727
"fumi",2725
"jesus",2722
"da",2715
"fit",2703
"thought",2699
"listening",2696
"great",2688
"hours",2688
"gift",2687
"ugly",2681
"woo",2673
"video",2662
"shes",2660
"sold",2654
"ou",2642
"clips",2640
"music",2627
"tryna",2618
"flight",2607
"part",2604
"job",2598
"wojitoo",2598
"line",2596
"youre",2592
"agent",2582
"into",2579
"screen",2572
"dean",2571
"washed",2570
"skip",2561
"place",2561
"subs",2558
"msg",2552
"anything",2551
"yt",2548
"na",2541
"cut",2532
"bout",2518
"care",2514
"theilluminati",2501
"cool",2497
"bigsad",2494
"loser",2491
"mfs",2490
"hair",2489
"seen",2487
"many",2485
"broke",2482
"lose",2472
"11",2469
"feel",2468
"eating",2462
"penaldo",2459
"fade",2455
"larper",2455
"bow",2452
"ban",2450
"lmaooooooo",2446
"dinodance",2437
"expelled",2428
"drew",2418
"thank",2417
"portugal",2407
"cause",2405
"ever",2402
"little",2395
"sing",2393
"knows",2392
"sexo",2388
"lying",2383
"pull",2383
"club",2383
"25",2381
"trash",2380
"mute",2372
"omepfft",2372
"cat",2363
"away",2361
"bosnia",2361
"boss",2360
"wwwwwwwww",2357
"group",2357
"dad",2356
"lmfaoooooooo",2353
"weak",2353
"doesnt",2352
"small",2351
"open",2348
"em",2347
"turntsoff",2347
"side",2340
"idk",2335
"nyc",2332
"movie",2331
"hour",2330
"mbappe",2309
"around",2308
"relax",2308
"bag",2306
"friend",2306
"cute",2301
"cry",2296
"2026",2294
"dat",2292
"om",2292
"streaming",2291
"most",2286
"pick",2286
"invite",2286
"hurry",2285
"train",2282
"bot",2271
"omefaded",2268
"bring",2262
"maya",2256
"round",2254
"points",2253
"com",2248
"script",2242
"throw",2241
"eyes",2232
"mmmmm",2226
"canada",2224
"buddy",2221
"llo",2221
"university",2221
"delay",2219
"type",2218
"futureman",2218
"ppl",2213
"lizzo",2211
"jawn",2207
"that's",2204
"winning",2202
"retard",2201
"didn",2198
"doom",2198
"grown",2198
"hunger",2182
"theres",2181
"actual",2178
"respect",2172
"lmaoooooooooo",2170
"fucked",2167
"straight",2166
"larping",2164
"saw",2162
"sum",2159
"gym",2158
"listen",2158
"statefarm",2152
"pen",2146
"toast",2142
"15",2135
"la",2125
"voice",2121
"mins",2116
"ah",2112
"trying",2111
"scared",2102
"drunk",2100
"bus",2098
"hear",2094
"missed",2092
"widespeedlaugh",2090
"d2",2088
"wants",2087
"kinda",2083
"point",2081
"wake",2071
"yet",2061
"jax",2060
"jasont2weird",2056
"motion",2056
"unc",2054
"2nd",2050
"hat",2050
"spot",2046
"channel",2045
"break",2042
"ain",2035
"jira",2033
"nooooo",2031
"thanos",2030
"boxing",2027
"lmaoooooooo",2027
"days",2023
"wifi",2014
"kill",2012
"add",2006
"p5",2005
"alumni",2003
"shower",2002
"taking",2001
"sorry",2000
"b",1991
"g",1990
"acting",1982
"wwwwwwwwww",1982
"lit",1981
"remember",1979
"insane",1977
"football",1974
"sad",1974
"called",1970
"own",1969
"suck",1969
"cheer1",1969
"biblethump",1966
"word",1964
"full",1963
"pass",1960
"walk",1960
"worst",1960
"jersey",1949
"hello",1947
"white",1940
"ready",1939
"icant",1938
"any",1931
"vape",1927
"dork",1925
"bed",1920
"hot",1917
"aware",1909
"wheres",1909
"ya",1907
"ty",1906
"basketball",1898
"believe",1898
"snitch",1897
"asshole",1882
"stand",1882
"japan",1875
"clean",1873
"shiii",1872
"ye",1871
"yooooo",1871
"worse",1869
"fan",1867
"isnt",1864
"minutes",1862
"40",1861
"rigged",1859
"ween",1859
"bonnie",1854
"because",1852
"jump",1852
"alien",1851
"happening",1850
"shut",1850
"half",1844
"enough",1840
"facts",1832
"youtube",1829
"lollll",1827
"war",1822
"hand",1818
"ome67",1818
"mog",1811
"bros",1810
"kids",1806
"send",1806
"uh",1801
"took",1799
"ed",1798
"nerd",1791
"nos",1790
"cuz",1785
"ay",1781
"fans",1777
"dick",1775
"retarded",1772
"july",1769
"lytd",1767
"norway",1762
"idiot",1761
"ult",1761
"probably",1760
"press",1758
"v",1755
"safe",1754
"stupid",1750
"watchtime",1747
"almost",1745
"easy",1744
"benji",1743
"calling",1737
"js",1734
"balright",1734
"lmfaooooooooo",1730
"irl",1727
"years",1727
"suki",1726
"told",1724
"whos",1722
"wwwwwwwwwww",1721
"arlington",1719
"buy",1714
"meet",1714
"4th",1711
"girls",1706
"3rd",1703
"dog",1702
"tomorrow",1697
"sick",1697
"mid",1695
"you're",1694
"least",1688
"gn",1687
"school",1687
"haha",1684
"rich",1682
"green",1681
"nobody",1680
"person",1680
"soon",1677
"racist",1673
"sound",1673
"duo",1672
"bit",1669
"hope",1653
"different",1652
"mvp",1651
"banned",1650
"streamers",1646
"score",1642
"hiii",1641
"stableronaldo",1641
"quick",1636
"fun",1635
"bloated",1632
"against",1620
"suburb",1618
"anyone",1617
"fils",1613
"kanel",1610
"twin",1609
"e",1604
"burger",1603
"loud",1603
"dih",1599
"gs",1594
"jasont2sleeper",1593
"ddg",1592
"gets",1590
"match",1590
"fast",1587
"chats",1586
"paid",1582
"i'm",1579
"second",1579
"card",1579
"tvu",1578
"farm",1574
"poor",1573
"reacting",1573
"uber",1571
"ayooo",1567
"locked",1561
"mr",1557
"dwerk",1554
"kiera",1553
"guitar",1552
"join",1550
"two",1549
"hands",1548
"katie",1548
"yourself",1547
"jasont2nms",1542
"far",1540
"shoes",1539
"else",1538
"cmonbruh",1536
"greg",1536
"brooo",1534
"yesss",1533
"friends",1531
"box",1528
"whatt",1520
"xqc",1520
"qq",1519
"finna",1518
"def",1517
"truth",1511
"uk",1501
"17",1496
"edit",1496
"shake",1495
"22",1492
"hide",1491
"danish",1491
"vivet",1491
"low",1490
"sweet",1490
"student",1481
"nahhh",1480
"stable",1474
"iso",1471
"boys",1469
"ve",1466
"news",1466
"vid",1465
"under",1464
"lebron",1461
"noo",1461
"started",1461
"residentsleeper",1460
"brain",1459
"says",1458
"pickle",1457
"hahaha",1454
"wwwwwwwwwwww",1454
"lmaooooooooo",1450
"pretty",1449
"ouuuu",1449
"gooo",1448
"number",1448
"while",1447
"seemsgood",1440
"retire",1437
"ragebait",1434
"death",1432
"10k",1429
"body",1428
"discord",1428
"judge",1428
"pussy",1427
"moving",1426
"ewwwww",1422
"mod",1422
"came",1421
"shoot",1421
"maybach",1419
"krkrkr",1418
"rug",1415
"soccer",1410
"can't",1409
"loolo",1409
"floor",1407
"short",1407
"city",1406
"pray",1406
"bully",1404
"yellow",1404
"sleeping",1403
"spam",1399
"swap",1397
"collab",1395
"mode",1393
"bs",1392
"fuckin",1392
"dawg",1390
"eta",1390
"g7",1388
"inside",1387
"police",1387
"shock",1387
"player",1386
"vamos",1384
"222",1382
"chud",1382
"running",1381
"16",1377
"letsgo",1377
"hella",1375
"c",1373
"drink",1373
"neither",1373
"4poses",1370
"cook",1369
"cope",1368
"jdab",1368
"oma",1368
"pants",1365
"farming",1364
"siptime",1362
"ayyyy",1357
"jasont2jit",1357
"pewpewpew",1355
"tylil",1354
"madi",1353
"set",1352
"kc",1350
"wear",1346
"jasont2voices",1345
"ingest",1341
"bri",1337
"heard",1337
"cringe",1336
"jynxzi",1336
"korea",1333
"crowd",1332
"joke",1328
"thanks",1323
"leaving",1320
"peak",1320
"practice",1319
"doritoschip",1318
"die",1315
"special",1314
"mark",1314
"13",1310
"noooooo",1309
"tech",1309
"lmfaoooooooooo",1308
"jasontheweenie",1307
"p",1307
"ha",1305
"yess",1304
"comm",1303
"broo",1301
"goes",1301
"trolling",1301
"ad",1299
"edward",1299
"lool",1299
"loool",1296
"ff",1292
"front",1290
"squid2",1290
"cenat",1290
"spamming",1287
"leg",1285
"bru",1283
"losing",1282
"ow",1280
"times",1280
"double",1278
"nahh",1277
"spelling",1277
"wasnt",1276
"brutal",1273
"id",1273
"oooooo",1270
"wwwwwwwwwwwww",1270
"cudi",1270
"calma",1267
"blue",1266
"sounds",1264
"18",1263
"bra",1263
"k",1263
"working",1262
"morning",1261
"5th",1261
"also",1257
"gave",1254
"happen",1254
"walking",1249
"redbull",1249
"laugh",1246
"queen",1246
"youngbasedgo",1244
"driver",1243
"used",1241
"twitter",1239
"drive",1236
"normal",1235
"doesn",1233
"waiting",1233
"braeden",1233
"trust",1231
"drake",1228
"lot",1227
"glasses",1227
"goo",1221
"tired",1219
"kiss",1218
"lie",1218
"vibes",1218
"fried",1217
"soneybun",1215
"shorts",1214
"idea",1212
"question",1209
"following",1208
"mom",1207
"rae",1206
"delayed",1205
"lowk",1202
"alone",1201
"kicked",1199
"mouth",1194
"fs",1193
"forgot",1188
"print",1188
"dance",1187
"si",1186
"clock",1185
"serious",1179
"drop",1178
"makes",1177
"pogchamp",1177
"chatters",1177
"aight",1176
"heart",1174
"jason's",1174
"plane",1174
"lolol",1172
"scored",1171
"such",1168
"anymore",1167
"asking",1166
"riven",1162
"sonicrun",1162
"goals",1162
"haaland",1162
"doin",1161
"reading",1159
"through",1159
"cody",1156
"speak",1155
"reason",1152
"wutface",1151
"though",1149
"imagine",1148
"mmmmmm",1148
"since",1147
"island",1146
"feet",1144
"atp",1143
"didn't",1143
"eye",1143
"goooo",1141
"community",1141
"fault",1140
"abt",1139
"dark",1139
"bee",1139
"nope",1138
"fighting",1137
"pov",1137
"saunters",1137
"ill",1136
"wall",1135
"runn",1135
"200",1134
"fly",1134
"early",1133
"jeff",1132
"ayoo",1131
"chance",1130
"tota",1129
"angle",1128
"touch",1128
"fair",1128
"wit",1127
"professor",1127
"asl",1126
"roommate",1126
"zoil",1125
"talent",1124
"alr",1123
"nuke",1123
"ago",1120
"saved",1118
"vhagarchamp",1116
"banger",1115
"var",1111
"instead",1110
"nvm",1108
"terrible",1108
"himself",1105
"wont",1105
"incoming",1105
"oo",1105
"ice",1103
"faze",1103
"viva",1103
"larps",1103
"hahahaha",1102
"offside",1102
"dj",1099
"event",1098
"snitching",1097
"story",1096
"sahur",1096
"yoooooo",1095
"dada",1093
"jrklul",1092
"dam",1090
"light",1089
"later",1088
"middle",1088
"wins",1086
"wearing",1084
"react",1081
"jasons",1081
"support",1080
"jasont2eye2",1080
"yusuf",1079
"21",1078
"detention",1077
"perfect",1074
"teacher",1074
"boutta",1070
"lmfaooooooooooo",1068
"building",1068
"calm",1067
"backpack",1065
"hesright",1065
"week",1064
"excuse",1063
"wsg",1062
"cooking",1062
"deji",1062
"mija",1062
"strokes",1061
"wish",1060
"curse",1060
"jasont2nms2",1060
"omggg",1058
"lobby",1057
"lll",1056
"tip",1056
"link",1056
"ring",1053
"mookie",1053
"silkyfunny",1052
"fk",1051
"yesterday",1050
"ayoooo",1047
"fell",1044
"tbh",1043
"final",1043
"mar",1043
"prob",1042
"ruined",1041
"ceo",1041
"jasont2swing",1040
"wanted",1040
"huu",1040
"overworking",1040
"family",1039
"men",1039
"dorm",1038
"which",1037
"amazing",1036
"ash",1034
"wwwwwwwwwwwwww",1034
"viet",1033
"5k",1032
"bottom",1032
"spiderman",1031
"dirty",1030
"laughing",1030
"till",1030
"tts",1030
"milk",1025
"plz",1023
"lemon",1021
"invited",1017
"jake",1017
"cares",1016
"hop",1016
"rizz",1015
"golden",1015
"birthday",1014
"jasont2eye1",1014
"paraguay",1014
"dood",1013
"muted",1012
"outta",1009
"everybody",1008
"vibe",1008
"wave",1007
"tank",1007
"excited",1006
"h",1006
"extra",1005
"quiet",1005
"blame",1004
"rons",1003
"sell",1001
"lemickey",1000
"pic",999
"fifa",999
"angles",999
"100k",998
"voteyea",997
"title",996
"runnn",996
"kreygasm",995
"stole",994
"ggg",992
"26",991
"aozami",991
"otw",989
"broooo",988
"cousin",987
"500",986
"pens",986
"fart",985
"jus",985
"league",983
"prolly",983
"tara",983
"fatass",982
"drama",982
"stick",981
"annoying",980
"14",979
"dive",979
"without",978
"jar",978
"list",977
"smoke",977
"lady",977
"tweet",976
"penalty",975
"pause",974
"pans",974
"uhhh",973
"bullshit",970
"aye",968
"minute",968
"airport",968
"sweden",968
"pessi",965
"popnemo",964
"accept",963
"corner",963
"dontdoit",962
"very",961
"fixed",961
"jp",960
"cutscene",960
"art",959
"having",959
"singing",956
"until",955
"dang",954
"1travis7",953
"ride",950
"mogging",949
"dq",948
"coach",947
"clears",946
"val",944
"sunny",944
"finish",942
"weight",942
"jahwn",942
"ik",941
"seeing",941
"kode",941
"goin",940
"john",940
"yessss",940
"main",940
"upcoming",940
"sexy",939
"played",934
"kaysan",934
"genuinely",933
"kekwalk",931
"lazer",930
"45",929
"actor",928
"changed",927
"stuff",927
"definitely",925
"haircut",925
"mcqueen",925
"weirdo",923
"throwing",922
"seg",921
"spider",921
"clear",920
"knew",919
"mm",918
"viewers",917
"emp",917
"bubbles",915
"butt",914
"balls",913
"pm",913
"19",912
"maj",912
"whatdoesheevendo",912
"looool",910
"clappi",910
"ahhh",909
"shout",909
"chris",908
"ouushit",908
"tatum",908
"bigger",906
"pr",906
"theyre",906
"hurt",905
"copy",905
"wtfff",904
"boooo",903
"redo",903
"http",902
"tinyurl",902
"dis",900
"means",900
"bum",899
"jasonnn",899
"air",897
"slop",897
"kappa",895
"learn",895
"noise",894
"together",894
"redify",893
"mogs",892
"ydf",892
"couple",891
"schizo",891
"wc",888
"alright",887
"pan",887
"desktop",886
"supposed",884
"ending",882
"sucks",882
"disney",881
"cs",880
"beta",879
"stabechopped",878
"scam",877
"shots",877
"cr7",877
"less",876
"hating",876
"rest",875
"mexican",873
"y'all",871
"gio",871
"gloves",870
"freaky",870
"teeth",868
"carry",868
"sitting",868
"s00n",868
"each",866
"american",866
"stadium",866
"lmfaoooooooooooo",865
"anime",861
"catch",861
"table",860
"wendy",860
"seats",860
"foul",858
"found",858
"bull",858
"ohh",856
"crash",856
"paying",856
"niggas",856
"faster",855
"key",854
"self",854
"sign",853
"seconds",852
"aww",852
"country",852
"flag",851
"once",851
"feeling",850
"widealert",849
"frame",848
"giving",847
"whatttt",847
"ohhh",846
"wth",846
"honestly",843
"silk",843
"ran",842
"fff",842
"asked",841
"cst",841
"dying",841
"forget",841
"smorc",838
"total",838
"wonder",837
"pop",836
"yep",836
"das",835
"fw",835
"snitched",835
"nooooooo",833
"bih",832
"damnnn",832
"larpers",832
"follow",831
"seaside",831
"lmaooooooooooo",830
"jail",828
"chicken",826
"jasont2flirt",826
"buns",825
"wwwwwwwwwwwwwww",824
"dep",824
"ofcourse",824
"bar",823
"quit",823
"wipe",823
"omgggg",822
"carried",820
"1v1",820
"picture",820
"el",819
"xd",819
"hungry",818
"gamble",817
"reaction",817
"gun",817
"gifting",817
"hoco",817
"goldplz",815
"oui",814
"either",813
"ones",812
"blazian",812
"boi",811
"101",811
"comms",809
"emily",809
"jeffy",809
"deep",808
"challenge",806
"gas",806
"sybau",806
"deserve",804
"post",802
"elisvp",802
"yagoo",801
"dream",800
"knicks",798
"stabecaught",798
"starting",797
"crine",796
"favorite",795
"swear",794
"intro",793
"ignore",793
"missing",792
"steal",792
"davis",790
"1k",789
"deny",789
"america",788
"using",788
"date",786
"horrible",786
"english",785
"tmr",784
"isn",783
"solo",783
"mind",779
"naw",778
"sketch",778
"seat",777
"ewwwwww",776
"telling",776
"quality",776
"nat",776
"jerry",775
"wild",775
"airbnb",775
"super",774
"active",774
"pffttt",774
"waga",774
"died",773
"emotional",773
"energy",773
"haskel",773
"chain",771
"interesting",771
"thinks",769
"chair",766
"pookie",766
"tonight",766
"nguyen",764
"germany",762
"shiiii",762
"lolllll",761
"chant",761
"poses",760
"character",759
"fox",758
"bc",757
"window",757
"dale",757
"star",754
"height",753
"online",753
"bitched",750
"cover",749
"polarbear",748
"derp",747
"biggest",746
"yup",746
"belgium",746
"court",745
"goated",744
"shitty",744
"awww",743
"bedge",743
"wat",741
"mud",741
"266",741
"assept",741
"genly",741
"lmfaooooooooooooo",740
"bouta",738
"cheergi",738
"chin",738
"internet",738
"store",738
"troll",736
"boo",735
"emote",735
"heyguys",735
"ended",735
"omfg",735
"host",731
"busy",730
"lookin",730
"pack",730
"smiley",729
"imhim",729
"glaze",727
"wheel",727
"arrested",727
"dw",726
"players",726
"likes",724
"dtm",724
"let's",723
"wrap",723
"ain't",720
"vietnam",720
"thinking",719
"300",719
"links",718
"summer",718
"atleast",717
"banggg",717
"count",716
"tony",716
"nahhhh",715
"junko",715
"click",714
"aired",714
"marlons",714
"past",712
"caretaker",712
"plaqueboylogo",711
"fence",710
"healed",709
"ima",708
"stars",708
"tall",708
"sponsor",708
"runnnn",708
"dunderhead",707
"fuh",706
"zoom",706
"aw",705
"buzzer",705
"nick",705
"hahahahaha",704
"trip",704
"janitor",701
"mecha",701
"congrats",700
"putting",700
"wtff",700
"auntie",700
"knowledge",699
"worth",699
"goallll",699
"pulling",698
"shush",698
"23",697
"lyrics",697
"chino",697
"dropped",696
"slap",696
"teach",696
"beast",695
"slam",694
"texas",693
"urself",693
"aim",693
"1st",692
"fall",692
"nasty",692
"google",692
"gold",691
"banana",690
"bots",690
"sense",690
"claim",689
"act",688
"jude",688
"lemme",687
"bear",686
"millionaire",686
"gai",685
"gooooo",685
"ayyyyy",685
"paint",685
"sob2",685
"widespeednod",685
"den",684
"weenie",684
"wwwwwwwwwwwwwwww",684
"goalll",683
"bouncer",680
"ahead",679
"state",678
"truck",678
"oou",678
"paybae",678
"fatty",677
"kingkaex",677
"cold",676
"smart",676
"yooooooo",675
"jeez",674
"lagging",673
"t1",673
"production",672
"sara",672
"shits",671
"flow",671
"nervous",671
"gregged",671
"bathroom",669
"deserved",669
"prince",668
"wsp",667
"holding",667
"lick",666
"teams",666
"campus",666
"bangggg",666
"valid",665
"timing",665
"lacys",663
"rock",661
"lights",661
"jasontheween's",660
"harder",659
"jasont2huh",658
"stage",656
"losed",656
"1000",655
"lee",655
"understand",655
"bud",654
"epic",654
"cop",654
"flash",653
"ffff",653
"gaming",652
"votenay",652
"viral",652
"35",651
"exactly",651
"ate",650
"gta",650
"promo",650
"um",650
"lower",649
"pressed",649
"gate",649
"corny",648
"loo",648
"kuma",648
"office",648
"pho",648
"bribe",647
"selling",647
"hitting",646
"foot",645
"damnn",644
"robbed",644
"ome3",644
"cops",644
"lmfaoooooooooooooo",643
"sec",643
"brazil",641
"gettin",641
"nose",640
"q",640
"ears",640
"tried",640
"widevibe",640
"omgg",639
"test",639
"belly",639
"doesn't",639
"eats",638
"jasonn",638
"adapt2flock",638
"zaza",637
"level",637
"jasonnnn",637
"yugi2x",637
"edits",636
"grab",636
"mmmmmmm",636
"lazy",636
"de",636
"roomate",635
"gaypride",634
"polo",634
"icl",634
"million",634
"plan",633
"joy",633
"confession",633
"finals",632
"hang",631
"hoop",630
"piss",630
"must",629
"subtember",629
"filter",628
"anyways",627
"bunch",627
"lawyer",627
"cheese",626
"beautiful",626
"dremo",626
"goatemotey",626
"history",625
"tree",625
"lean",624
"restart",624
"answer",623
"plaqueboylogo2",623
"lulw",622
"step",622
"asleep",622
"kaicenat",622
"5'6",622
"age",621
"bangg",621
"soul",620
"text",620
"smell",620
"monday",620
"grass",620
"bike",619
"chinese",619
"south",619
"tap",618
"what's",618
"attention",618
"vip",618
"shooting",618
"ark",617
"example",617
"lucky",617
"jasont2saj",617
"paste",615
"papi",614
"rocket",613
"squad",613
"trick",612
"timer",610
"60",610
"park",610
"wheels",610
"looked",609
"speaking",608
"science",608
"goalie",608
"yay",607
"seriously",607
"congo",607
"slapped",606
"20k",605
"young",605
"build",605
"soft",604
"keys",604
"amen",603
"neegy",602
"prayge",601
"rondale",600
"cheating",599
"ight",599
"welcome",599
"field",599
"frat",599
"arent",598
"flip",597
"og",597
"rice",597
"gekk",595
"lytdk",595
"netherlands",595
"hii",594
"showing",594
"90",593
"during",593
"knock",593
"notes",592
"sumlikethat",592
"rank",591
"zesty",591
"words",591
"cancel",590
"doe",590
"worry",590
"space",590
"garcia",590
"wash",589
"99",589
"things",589
"bilzo",589
"toy",588
"brah",588
"mooda",588
"teammate",588
"third",587
"speed32",587
"diamond",586
"human",586
"anglebeats",585
"rq",584
"fortnite",583
"lmaoooooooooooo",583
"fights",583
"sword",583
"nut",582
"wasn",582
"niche",582
"asss",581
"loves",580
"ishowspeed",580
"songs",579
"ny",579
"arcade",579
"vincent",579
"gaf",578
"bloodtrail",578
"dragging",578
"suit",578
"sauce",577
"everytime",577
"loooool",576
"row",576
"subathon",576
"rent",576
"y0",576
"diff",575
"fa",575
"losers",575
"monster",574
"bright",574
"thanked",574
"weed",574
"po",574
"block",573
"mukbang",573
"roll",573
"travis",573
"2x",573
"arm",573
"power",573
"yugis",573
"message",572
"pet",572
"carne",572
"ive",571
"yuh",571
"hall",569
"yesssss",569
"smaller",569
"denyiai",569
"wheelchair",569
"order",568
"judges",568
"problem",568
"french",567
"hilarious",567
"wet",567
"gassing",567
"m3",567
"luck",566
"pissed",566
"tmrw",566
"bless",566
"spurs",566
"useless",566
"works",565
"legs",564
"goalllll",564
"smile",563
"chrome",563
"near",562
"7th",562
"peace",561
"soo",561
"tour",561
"ayooooo",560
"inhaler",560
"30k",560
"gc",560
"pushup",560
"kind",559
"ro",559
"hannipiece",559
"methods",559
"rani",559
"jinxlul",558
"ex",557
"ooooooo",557
"lockin",557
"asthma",556
"twins",556
"jasont2chuzz",556
"strong",555
"emi",555
"paper",554
"standing",554
"canes",554
"careful",553
"fkn",553
"crib",553
"frankerz",553
"cheer",552
"lmfaooooooooooooooo",552
"poop",552
"stuck",552
"takes",552
"stairs",552
"legend",551
"map",551
"fye",550
"ov",550
"champ",549
"none",549
"dry",549
"letting",549
"controller",549
"vest",549
"moment",548
"maxlol",548
"anyway",547
"llll",547
"diddy",547
"bench",544
"impossible",544
"ouuuuu",544
"basically",543
"blind",543
"delete",543
"ear",543
"mira",543
"remove",543
"41",542
"segments",542
"valorant",541
"handsome",541
"winner",541
"shoutout",540
"vohiyo",540
"dantes",540
"egg",539
"belt",539
"dami",539
"private",539
"asada",538
"fired",537
"defense",536
"squid3",536
"threw",536
"meeting",536
"cough",536
"emiru",535
"semi",535
"ittt",534
"sayin",534
"town",534
"button",533
"les",533
"plus",533
"mask",533
"reem",533
"uzi",532
"zero",532
"6th",532
"closer",532
"hotel",532
"accountability",532
"hire",531
"yours",530
"brooooo",529
"child",529
"setup",529
"sun",528
"pizza",528
"driving",528
"acc",527
"meat",526
"poki",526
"slide",526
"breakfast",525
"chop",525
"jackson",525
"needa",525
"needed",525
"wtffff",525
"wedidthat",525
"comment",524
"throat",524
"videos",524
"broken",524
"sent",524
"explain",523
"she's",523
"wwwwwwwwwwwwwwwww",523
"comeback",523
"followage",523
"griff",523
"miami",522
"suite",522
"hug",521
"noooooooo",521
"rising",521
"kane",521
"suuh",521
"khan",521
"dudes",520
"goodbye",520
"hahahah",520
"ion",519
"record",519
"senegal",519
"woowop",519
"apple",518
"lame",518
"sup",518
"comes",518
"pc",517
"choke",517
"bomb",517
"kelo",517
"comin",516
"shouldve",516
"saving",516
"tone",516
"uu",516
"concerned",516
"erobb",516
"allowed",515
"killed",515
"coconut",515
"christ",514
"escape",514
"droid",513
"elephant",513
"paige",513
"fold",512
"wdym",510
"breath",509
"rate",509
"living",509
"blonde",508
"auditorium",508
"2k",507
"ohhhh",507
"frying",507
"omegalul",506
"flying",506
"starts",506
"pain",505
"jokes",505
"students",505
"shanks",504
"spit",504
"dip",504
"squid1",503
"views",503
"questions",503
"axe",503
"raise",502
"talkin",502
"performance",501
"yu",501
"larp2x",501
"siggygg",501
"elevator",500
"app",500
"lens",500
"dogshit",499
"plays",499
"tie",499
"spin",498
"tickets",498
"teachers",498
"wotion",498
"boring",497
"imma",497
"draw",496
"coco",494
"typing",493
"kc3",493
"advice",492
"barely",492
"updates",492
"wabe",492
"ruin",491
"chalk",490
"rude",490
"squid4",490
"helmet",490
"hates",489
"killing",489
"account",489
"martin",489
"topchatted",489
"wemby",489
"croatia",489
"shave",488
"clothes",487
"nba",487
"danny",487
"wop",487
"everyday",486
"women",486
"sport",485
"ground",485
"jasmine",485
"neck",485
"rp",485
"lovers",485
"saunturs",485
"shiza",485
"smoking",484
"allez",484
"knee",483
"there's",483
"bullied",483
"te",483
"silver",482
"trailer",482
"tight",482
"persona",482
"met",481
"president",481
"cinna2x",481
"lopey",481
"150",480
"lwk",480
"z",479
"mine",479
"bald",479
"china",479
"wide",479
"kappapride",478
"screaming",478
"whatever",478
"crystal",477
"quote",476
"strangers",476
"address",475
"ewwwwwww",474
"duet",474
"sneak",474
"cancer",474
"sissy",474
"boots",474
"fck",473
"boom",472
"socks",472
"stare",471
"turned",471
"goodnight",469
"som",468
"race",467
"sooo",467
"phones",467
"york",467
"yikes",466
"indian",466
"jumped",466
"jew",466
"tbf",466
"backwards",465
"disgusting",465
"dr",465
"vas",465
"greet",465
"tunnel",465
"218",465
"beating",464
"ghost",463
"p2",463
"san",463
"chips",463
"cinco",463
"member",462
"radio",462
"vote",462
"road",462
"cindy",462
"fffff",462
"cosplay",461
"ksi",460
"yoooooooo",460
"mikey",460
"heal",459
"lololol",459
"legacy",459
"ome20",459
"drinking",458
"scary",458
"luv",458
"ping",458
"jayson",458
"cp",458
"footgoal",458
"sour",458
"volleyball",458
"lighting",457
"somebody",457
"pilat",457
"bait",456
"brown",456
"pulled",456
"forever",455
"raphael",455
"they're",455
"temu",454
"baylesh",454
"phew",454
"haskelll",454
"huss",454
"le",453
"book",453
"kaijuri",453
"victim",453
"mfer",452
"street",452
"followers",452
"blurry",452
"demons",451
"happens",451
"360",451
"scene",451
"toss",451
"view",451
"yk",449
"enjoy",449
"pbm32",449
"guard",448
"jealous",448
"morocco",448
"ab",447
"arc",447
"rudy",447
"yh",447
"clone",446
"helicopter",446
"drooler",446
"imglitch",446
"huge",445
"proud",445
"damnnnn",445
"panda",445
"80",444
"legit",444
"mike",444
"myheart",444
"jimmy",444
"lane",444
"heads",443
"riding",443
"mhmm",443
"vespravxltron",442
"breathe",441
"runnnnn",441
"meee",440
"supd",440
"4k",439
"gunna",439
"jacob",439
"peter",439
"famous",438
"confused",438
"photo",438
"size",438
"trihard",438
"stealing",438
"where's",437
"attack",436
"hmm",436
"pics",436
"rap",435
"ginji",435
"widespeedcall",435
"pride",434
"batman",434
"ben",434
"clown",434
"camerman",434
"methodman",433
"dollar",432
"omggggg",432
"wym",432
"pee",432
"homecoming",431
"laggy",431
"alm",430
"tht",430
"pst",430
"cream",429
"garbage",429
"auto",429
"scammed",429
"mile",429
"timed",429
"sports",428
"cameras",428
"sonn",428
"nike",428
"gamer",428
"shoulder",428
"blocked",427
"hahahahah",427
"erm",427
"pressure",427
"names",426
"orange",426
"250",426
"excuses",426
"jeremiah",426
"future",425
"mee",425
"become",425
"gilly",425
"ovo",425
"140",425
"stabewhite",425
"hr",424
"juice",424
"twice",424
"gooner",424
"noooooooooo",423
"asians",423
"chatting",423
"captain",423
"joined",422
"curselit",422
"suburbbaby",422
"case",421
"empty",421
"mess",421
"gives",420
"insta",420
"lmaooooooooooooo",420
"messages",420
"average",419
"sir",419
"punch",419
"season",418
"code",418
"louder",418
"guuh",418
"nooooooooo",417
"uhhhh",417
"spoilers",417
"baleshing",417
"yvette",417
"knocked",416
"ne",416
"wouldnt",416
"alert",416
"isn't",416
"knees",416
"oi",415
"track",415
"form",415
"thunder",414
"lllll",413
"three",413
"loss",413
"scoring",413
"cafeteria",413
"leaderboard",412
"picked",412
"hype",412
"booty",412
"shyt",412
"public",411
"reacts",411
"jackass",411
"uncle",411
"120",411
"goallllll",411
"americans",410
"bounce",410
"pink",410
"trade",410
"turkey",410
"herewego",410
"sonnn",410
"viewer",409
"gah",409
"wylin",409
"ap",408
"meant",408
"waste",408
"learning",408
"college",407
"bart",407
"uzbekistan",407
"control",406
"tobi",406
"walton",406
"bruno",405
"rules",405
"switched",405
"50k",404
"dummy",404
"land",404
"tourney",404
"flex",403
"gear",403
"mall",403
"mari",403
"looooool",402
"trippin",402
"jack",402
"cc",402
"olise",402
"wwwwwwwwwwwwwwwwww",401
"thugs",401
"lacykek",401
"dickhead",400
"toe",400
"nahhhhh",399
"subscribe",399
"business",399
"dodge",399
"cancelled",398
"27",398
"pushing",398
"chants",397
"lamine",397
"sleepover",397
"duck",396
"glass",396
"lied",396
"22teen",396
"goon",396
"trap",396
"pimple",396
"fed",395
"xin",395
"alien17",395
"hits",394
"shaking",394
"ayyyyyy",394
"jasonnnnn",394
"cartel",394
"who's",393
"drugs",393
"que",393
"version",393
"stbl",393
"tung",393
"dayum",392
"aldo",392
"target",392
"korean",391
"pro",391
"shoulda",391
"cutting",390
"gggg",390
"awwww",390
"replay",390
"kek",390
"600",389
"petite",389
"dot",389
"brick",388
"gap",388
"ohmydog",387
"ssssss",387
"leaked",386
"28",386
"italy",386
"interview",385
"fl",385
"jrk",385
"re7",385
"comp",384
"entire",384
"grow",384
"hahah",384
"mmmmmmmm",384
"racism",384
"125",384
"accent",383
"obviously",383
"film",383
"buh",383
"volim",383
"hiiii",382
"numbers",382
"swag",382
"cape",382
"seek",382
"harry",381
"pose",381
"bracket",381
"feels",380
"chatter",380
"update",380
"area",380
"allat",379
"minion",379
"tripping",379
"carrying",379
"five",379
"possible",379
"agabounce",379
"dictator",379
"mail",379
"roof",379
"hearing",378
"pissing",378
"expect",378
"darren",378
"29",377
"father",377
"retards",377
"social",377
"ac",377
"goooooo",376
"havent",376
"itt",376
"happend",376
"justbechattingfr",376
"bakery",376
"alex",375
"capping",375
"india",375
"dap",375
"meccha",375
"everywhere",374
"fam",374
"duh",374
"enzo",374
"chameleon",374
"carti",373
"decent",373
"rule",373
"desk",373
"international",373
"keeper",373
"counter",372
"lip",372
"showed",372
"touching",372
"rush",371
"recording",371
"subbed",371
"outfit",371
"leader",371
"boston",371
"blow",370
"cheat",370
"toes",370
"35k",370
"clix",370
"ahhhh",369
"lay",369
"search",369
"tough",369
"dgaf",369
"ding",369
"2009",369
"banggggg",369
"doherty",369
"jilky",369
"llr",369
"turning",368
"we're",368
"handle",367
"itttt",367
"lmfaoooooooooooooooo",367
"mil",367
"sex",367
"loot",367
"lebronjam",366
"ups",366
"earlier",365
"sht",365
"toilet",365
"oooooooo",365
"touched",365
"trynna",365
"strike",365
"aswell",364
"may",364
"vod",364
"share",364
"cheap",363
"cus",363
"goood",363
"whoever",363
"cheeks",362
"few",362
"crack",362
"raw",362
"nun",361
"others",361
"reader",361
"jasont2punch",361
"amp",361
"fish",360
"heat",360
"ni",360
"hrs",360
"location",360
"genius",359
"grind",359
"skinny",359
"yummy",359
"write",359
"trouble",359
"messy",359
"shirtless",359
"owns",358
"soda",358
"smiling",358
"slime",358
"aegiszf",358
"70",357
"james",357
"sadge",357
"alot",357
"bottle",357
"wallahi",357
"above",356
"hidden",356
"owen",356
"comfort",356
"complaining",356
"married",356
"couch",355
"moon",355
"moved",355
"blew",355
"maru",355
"passed",354
"tn",354
"bello",354
"dollars",354
"staweenie",354
"lljw",354
"couldnt",353
"hiding",353
"beer",353
"agaredbull",353
"apply",352
"battle",352
"buff",352
"damm",352
"scream",352
"fits",352
"charge",352
"sidemen",352
"verde",352
"able",351
"ocean",351
"ruining",351
"except",351
"woke",351
"uni",351
"lacythugs",351
"lollllll",350
"reference",350
"noodles",350
"haerinpiece",350
"marlawn",350
"lotus",350
"timeout",349
"board",349
"acl",349
"cars",348
"freak",348
"hmmm",348
"nga",348
"fav",347
"flower",347
"michael",346
"ous",346
"ticket",346
"awake",346
"plaqueboymax",346
"goofy",345
"stalling",345
"yelling",345
"penis",345
"skin",345
"airball",345
"ohno",345
"gimme",344
"mouse",344
"passion",344
"lmk",344
"clutch",344
"houston",344
"slowdown",344
"yooooooooo",343
"bread",343
"aurafarming",343
"elbows",343
"thru",342
"awkward",342
"ot",342
"shhh",342
"bullying",342
"difference",342
"manager",342
"tween",342
"yoxic",342
"higher",341
"honest",341
"built",341
"punchtrees",341
"cardio",340
"devil",340
"sometimes",340
"fridge",340
"iq",339
"meeee",339
"mobile",339
"payphone",339
"evidence",339
"the5th8icant",339
"twith",339
"marlington",339
"mj",338
"dm",338
"hater",338
"bellingham",338
"3k",337
"common",337
"magic",337
"33",337
"avengers",337
"helping",337
"setting",336
"champion",336
"purple",336
"mane",335
"mate",335
"rather",335
"split",335
"variant",335
"reset",335
"applecatrun",335
"copium",335
"tesla",335
"226",335
"bruhhh",334
"choose",334
"course",334
"stall",334
"strat",334
"skipped",334
"report",333
"bought",333
"competition",333
"worked",333
"31",333
"waking",333
"mijonion",333
"puffer",333
"tweaking",332
"breaking",332
"bbl",332
"stink",332
"tel",332
"confessions",332
"leak",331
"yell",331
"rain",331
"jestering",331
"spent",330
"uppp",330
"negative",330
"arms",330
"stanley",330
"fireworks",330
"jaycondones2x",330
"jumping",329
"wwwwwwwwwwwwwwwwwww",329
"collar",329
"cryin",328
"ol",328
"rat",328
"training",328
"apart",328
"tournament",328
"ole",328
"yam",328
"longer",327
"poll",327
"vietnamese",327
"op",327
"tag",327
"jynxi",327
"tpain",327
"eh",326
"glazing",326
"android",326
"limit",326
"worldwide",326
"editor",326
"airrack",326
"baddie",325
"sprite",325
"barber",325
"blood",325
"llol",325
"mirror",325
"32",324
"greatest",324
"hahahahahaha",324
"kais",324
"pinned",324
"youll",324
"zone",324
"leeked",324
"ja",323
"jolly",323
"madrid",323
"brought",323
"prison",323
"alt",323
"butter",323
"switching",323
"bird",322
"warm",322
"clearly",322
"picking",322
"somewhere",322
"tooo",322
"fbtouchdown",322
"athletic",322
"upstairs",322
"accurate",321
"ca",321
"doctor",321
"lmfaaooo",321
"naur",321
"neon",321
"non",321
"sky",321
"fuk",321
"illegal",321
"trio",321
"watchparty",321
"experience",320
"flat",320
"du",320
"dnd",320
"feelsvi",320
"hint",320
"period",320
"injured",320
"pillow",320
"beats",319
"bored",319
"oof",319
"algeria",319
"alum",319
"pretend",318
"brand",318
"heaven",318
"shiiiii",318
"sideeye",318
"cube",318
"ayoooooo",317
"bracelet",317
"net",317
"adds",317
"inv",317
"tax",317
"infront",316
"piano",316
"popcorn",316
"fashion",316
"soooo",316
"present",316
"clover",316
"hips",316
"lfmao",315
"lord",315
"refs",315
"sylas",315
"weeks",315
"based",314
"chest",314
"memory",314
"posted",314
"bans",314
"lisa",314
"plate",314
"classes",314
"yamal",314
"siebe",314
"wakey",314
"mafia",313
"rb",313
"gamba",312
"hoodie",312
"tiktoks",312
"whale",312
"cameramen",312
"crank",312
"bob",311
"powerupl",311
"pork",311
"doors",311
"bars",310
"roblox",310
"sava",310
"fraud",309
"homeless",309
"tha",309
"wowww",309
"planning",309
"miles",309
"dawla",309
"penalties",309
"gassed",308
"papa",308
"buzz",308
"master",308
"wasting",308
"hill",308
"austria",308
"goall",308
"finished",307
"lmaoooooooooooooo",307
"hurts",307
"agabye",307
"dong",307
"coke",306
"lips",306
"pmo",306
"lugpt",306
"clipped",305
"deleted",305
"easily",305
"prediction",305
"smth",305
"mama",305
"145",305
"opposite",305
"whistle",305
"haters",304
"lfg",304
"lmaao",304
"woman",304
"crap",304
"48",304
"crashout",304
"wha",303
"bday",303
"méxico",303
"donate",302
"keeps",302
"lunch",302
"notice",302
"shooter",302
"streamm",302
"contact",302
"cursed",302
"tapped",302
"g1ngebrexit",302
"jodi",302
"between",301
"bigmonraph",301
"vids",301
"jacket",301
"jojo",301
"wouldve",301
"eu",301
"reads",301
"gee",300
"messed",300
"lead",300
"quite",300
"smack",300
"2024",300
"clocked",300
"africa",300
"hasnt",300
"moist",300
"widedansi",300
"towel",299
"welp",299
"wanum",299
"kevin",298
"loooooool",298
"meal",298
"tyler",298
"aren",298
"booooo",298
"stats",298
"shhhh",298
"sides",298
"130",297
"nails",297
"upp",297
"dinner",297
"sajj",297
"false",297
"cuh",296
"cuck",296
"simon",296
"swing",296
"anonymous",296
"feed",296
"gpt",296
"australia",296
"debate",296
"nsr",296
"chilll",295
"mo",295
"pokimane",295
"server",295
"tenz",295
"flowers",295
"maxxing",295
"stretch",295
"jaaason",295
"lmfoa",294
"ouch",294
"ken",294
"headgear",294
"mia",293
"obvious",293
"opening",293
"yr",293
"beef",293
"promise",293
"assist",293
"alive",292
"dancing",292
"kobe",292
"yessir",292
"dear",292
"massive",292
"popular",292
"sober",292
"traffic",292
"deen",292
"angry",291
"mb",291
"weirdos",291
"van",291
"pepper",291
"destroy",290
"faded",290
"purpose",290
"whattttt",290
"lore",290
"pitch",290
"et",290
"spray",290
"fousey",290
"offf",289
"asianjeff",289
"crashing",289
"pudgie",289
"background",288
"ninja",288
"taco",288
"blowing",288
"ideas",288
"poo1fool",288
"agree",287
"hole",287
"parasocial",287
"wraps",287
"sending",287
"streammm",287
"theater",287
"yessssss",287
"pffft",287
"ffffff",287
"charity",286
"fking",286
"andrew",286
"ramen",286
"spell",286
"auraaa",286
"goddamn",285
"yuji",285
"cart",285
"chilling",285
"beach",285
"you'll",285
"tied",285
"guns",285
"adhd",284
"tom",284
"computer",284
"aviv",284
"grok",284
"lmfaooooooooooooooooo",283
"freeze",283
"lives",283
"mercywing1",283
"spots",283
"patient",283
"robot",283
"ronn",283
"predict",282
"typa",282
"yoooooooooo",282
"prize",282
"shittt",282
"maxing",282
"sh",282
"balogun",282
"backkk",281
"disrespect",281
"station",281
"silkys",281
"egypt",281
"anthem",280
"subprise",280
"booo",280
"cutie",280
"jeans",280
"scores",280
"spanish",280
"landing",280
"meta",280
"rope",280
"curfew",280
"artist",279
"ohhhhh",279
"swim",279
"funky",279
"supporting",279
"ome",279
"reels",279
"2025",279
"21cars",279
"colombia",279
"gentry",279
"plot",279
"stutter",279
"slip",278
"staying",278
"wife",278
"generational",278
"mi",278
"42",278
"los",278
"shitt",277
"couldve",277
"apologize",277
"highlights",277
"shirts",277
"kaimillion",277
"amazon",276
"ewwwwwwww",276
"jr",276
"choice",276
"mercywing2",276
"basket",276
"shame",276
"dimple",276
"ellysa",276
"bite",275
"cock",275
"pot",275
"rounds",275
"begging",275
"wooo",275
"lies",275
"sims",275
"chan",274
"rare",274
"wwwwwwwwwwwwwwwwwwww",274
"bowl",274
"hopefully",274
"spoiler",274
"catrnado",274
"powerupr",274
"teaching",274
"alcohol",274
"cable",274
"geeeg",274
"fu",273
"heavy",273
"nuts",273
"ayeee",273
"bruhh",273
"whens",273
"pictures",273
"ditch",273
"maxwell",273
"tuck",273
"yonnas",273
"doi",272
"cha",272
"stopped",272
"scroll",272
"tuesday",272
"dembele",272
"reload",272
"blizo",272
"jordan",271
"ktown",271
"potential",271
"thug",271
"vacation",271
"odds",271
"grill",271
"jackal",271
"pencil",271
"sez",271
"broooooo",270
"ralph",270
"geek",270
"spitty",270
"sykkuno",270
"tower",270
"europe",270
"immunity",270
"cannot",269
"falling",269
"wtfffff",269
"youuu",269
"japanese",269
"mrdestructoid",269
"frank",269
"june",269
"goalllllll",269
"color",268
"heyyy",268
"convo",268
"camp",268
"sister",268
"waffle",268
"20c",268
"lmaooooooooooooooo",267
"loose",267
"note",267
"oat",267
"75",267
"se",267
"bacrip",267
"tombrady2008",267
"fuslie",267
"asap",266
"cum",266
"professional",266
"fact",266
"bringing",266
"grey",266
"pt",266
"wasn't",266
"diana",266
"disrespectful",266
"model",266
"quack",266
"whose",266
"rlly",265
"batchest",265
"cams",265
"i'll",265
"fawk",265
"000",264
"catjam",264
"plug",264
"boot",264
"mention",264
"per",264
"valkyrae",264
"ronnn",264
"forward",263
"kicking",263
"spongebob",263
"poster",263
"elbow",263
"coughing",263
"sohiiwhatsup",263
"taken",263
"rooms",263
"parade",263
"calls",262
"hahahahahah",262
"triple",262
"ultra",262
"comments",262
"justice",262
"sonnnn",262
"luddy",262
"shop",262
"sock",262
"career",261
"changing",261
"gooooooo",261
"talks",261
"volume",261
"parents",261
"packed",261
"cross",261
"drone",261
"education",261
"piofy",261
"bts",260
"oliver",260
"shift",260
"settings",260
"mini",260
"mexsico",260
"hospital",259
"huzz",259
"chills",259
"dud",259
"language",259
"halftime",259
"rosii",259
"umm",258
"horse",258
"bags",258
"cheater",257
"dubs",257
"lolllllll",257
"liar",257
"humiliation",257
"square",257
"humble",256
"kingjabas",256
"tea",256
"woulda",256
"rid",256
"creator",256
"fighters",256
"tub",256
"bepsy",256
"dinkdonk",256
"carley",256
"anum",256
"lethimcook",255
"meme",255
"naked",255
"wassup",255
"felt",255
"pace",255
"silly",255
"wig",255
"zzzzzz",255
"woww",255
"application",255
"ranked",255
"virtualhug",255
"jamier17spinkitty",255
"email",254
"sucking",254
"clouds",254
"con",254
"personal",254
"reply",254
"wowwww",254
"networking",254
"arlon",254
"pero",254
"55",253
"nooooooooooo",253
"holyy",253
"prank",253
"trong",253
"hattrick",253
"legendary",252
"womp",252
"reverse",252
"playin",252
"igotnothing",252
"topic",252
"xenoezy",252
"telephone",252
"idc",251
"forehead",251
"homework",251
"speech",251
"emotes",251
"arsenal",251
"haven",251
"quest",251
"chocolate",250
"grinding",250
"knowing",250
"scripted",250
"sweat",250
"youu",250
"bouncing",250
"jury",250
"komodohype",250
"perform",250
"study",250
"style",250
"zzzzz",250
"safari",250
"ojay",250
"drag",249
"ft",249
"salt",249
"wasted",249
"proof",249
"lyin",249
"folk",249
"janitors",249
"needheal",249
"freee",249
"coolcat",248
"monkey",248
"npc",248
"tik",248
"myself",248
"nowayy",248
"uhm",248
"un",248
"wee",248
"exhaust",248
"ungrateful",248
"born",247
"fortone",247
"llllll",247
"restarted",247
"tune",247
"wwwwwwwwwwwwwwwwwwwww",247
"sheesh",247
"tweak",247
"urs",247
"muscles",247
"otion",247
"burgers",246
"dms",246
"national",246
"whys",246
"silence",246
"staring",246
"surgery",246
"lines",246
"parties",246
"paul",246
"musty",246
"boyfriend",245
"canceled",245
"effort",245
"idiots",245
"pocket",245
"issues",245
"seems",245
"twitchunity",245
"juh",245
"loses",245
"saywallahi",245
"dangerous",244
"ends",244
"ho",244
"verse",244
"fill",244
"stack",244
"expo",244
"guyed",244
"luca",244
"moron",244
"vooid33",244
"joking",243
"awwe",243
"backk",243
"explore",243
"lime",243
"lagg",243
"rober",243
"solid",242
"donowall",242
"gk",242
"liemeter",242
"user",242
"yap",242
"slammed",242
"jordyn",242
"juicy",241
"failed",241
"stinky",241
"transition",241
"kirk",241
"millionaires",241
"subway",241
"ecuador",241
"scooter",241
"broth",241
"closed",240
"naruto",240
"service",240
"grandma",240
"shoe",240
"darla",240
"jesters",240
"diss",239
"ily",239
"owww",239
"cookie",239
"jsut",239
"newjeans",239
"surely",239
"bowling",239
"ta",239
"aircut",239
"charger",239
"parker",239
"spoil",239
"braden",239
"poggers",238
"trenches",238
"xqcl",238
"balding",238
"310",238
"rockout",238
"donde",238
"toolkit",238
"yonnaaa",238
"delusional",237
"deserves",237
"ggggg",237
"spicy",237
"wa",237
"ouuuuuu",237
"talked",237
"caitthinking",237
"contract",237
"kno",236
"ritual",236
"airplane",236
"dodgeball",236
"runnnnnn",236
"arrest",235
"badge",235
"brush",235
"6k",235
"glorp",235
"wideravetime",235
"assistant",235
"135",235
"jb",234
"unless",234
"wwwwwwwwwwwwwwwwwwwwww",234
"hallway",234
"prof",234
"tt",234
"210",234
"garage",234
"bron",233
"tears",233
"overall",233
"adapts",233
"army",233
"travel",233
"injury",233
"clicking",232
"praying",232
"upppp",232
"cards",232
"embarrassing",232
"glitch",232
"crumbs",232
"fren",232
"nonono",232
"overly",232
"somehow",232
"battery",232
"glitchlit",231
"iron",231
"snacks",231
"yrg",231
"cornball",231
"jayway",231
"engaged",231
"jawhns",231
"kitchen",231
"huhh",230
"leaves",230
"refund",230
"07",230
"sniper",230
"connection",230
"ragebaiting",230
"scrapppy",230
"treasure",230
"loco",230
"soonerlater",230
"rula",230
"burn",229
"holyyy",229
"offline",229
"th",229
"immersion",229
"ripped",229
"sheep",229
"connect",229
"rawdog",229
"dorms",229
"jerseys",229
"melk",229
"cicada",229
"ayeeee",228
"ewwwwwwwww",228
"mental",228
"stomach",228
"speaker",228
"elegiggle",228
"jet",228
"layis",228
"doomsday",228
"nanawaxa",228
"hanging",227
"innn",227
"stabedance",227
"dilky",227
"l0l",227
"kia",227
"moaning",226
"pushups",226
"spread",226
"tok",226
"spend",226
"hoppers",226
"issue",226
"litter",226
"members",226
"niga",226
"lacyyy",226
"palestine",226
"combo",225
"overtime",225
"crashed",225
"pity",225
"channels",225
"jelly",225
"abort",225
"mansion",225
"haskellll",225
"addy",225
"200k",224
"bronze",224
"gotchu",224
"38",224
"beard",224
"funniest",224
"input",224
"recorded",224
"zzzzzzz",224
"realize",224
"ipad",224
"pj",224
"prom",224
"lacykekw",224
"absolute",223
"blur",223
"cash",223
"dropping",223
"snap",223
"tomato",223
"stolen",223
"wind",223
"pulisic",223
"mecca",223
"ahhhhh",222
"lmaoooooooooooooooo",222
"plsss",222
"hood",222
"united",222
"cameron",222
"coping",222
"bj",222
"myth",222
"north",222
"spark",222
"weather",222
"y2x",222
"blink",222
"footyellow",222
"muscle",222
"jingle",222
"looooooool",221
"page",221
"walked",221
"skill",221
"ome14",221
"pdf",221
"shameless",221
"bta",221
"guards",221
"hannijam",221
"ntm",221
"watkins",221
"laggg",221
"shows",220
"bail",220
"dragon",220
"corn",220
"deja",220
"giveaway",220
"jiriya12345",220
"lmfaoooooooooooooooooo",219
"ooooooooo",219
"heck",219
"vro",219
"glue",219
"auraa",219
"embers",219
"oouu",219
"throws",219
"uuhuu",219
"guidance",219
"cucumber",219
"bacon",218
"boat",218
"bucks",218
"rose",218
"section",218
"killer",218
"lethal",218
"taller",218
"til",218
"walls",218
"yapping",218
"bug",218
"holddd",218
"00",217
"easier",217
"bridge",217
"omgggggg",217
"stepped",217
"cheated",217
"balrighttt",217
"context",217
"couldn",217
"iran",217
"jayyy",217
"ousour",217
"saves",217
"spawn",217
"chairs",217
"amogus",216
"brodie",216
"brokeback",216
"glad",216
"ripbozo",216
"dress",216
"geo",216
"mmmmmmmmm",216
"natural",216
"oops",216
"worker",216
"damage",216
"kicks",216
"suiiii",216
"lounge",216
"named",215
"pokemon",215
"zzz",215
"female",215
"honey",215
"reveal",215
"walmart",215
"clm",215
"mickey",215
"ttt",215
"couson",215
"important",215
"rb17",215
"slept",215
"triangle",215
"bop",214
"broski",214
"center",214
"doo",214
"reactions",214
"confidence",214
"guest",214
"redemption",214
"teddy",214
"friendly",214
"culture",213
"heh",213
"punching",213
"site",213
"taste",213
"dats",213
"mill",213
"zzzzzzzz",213
"clout",213
"machine",213
"peanut",213
"reta",213
"swapped",213
"yuki",213
"hydration",213
"vegas",213
"clueless",212
"mac",212
"marvel",212
"plat",212
"surprised",212
"buying",212
"checking",212
"static",212
"jasonnnnnn",212
"reach",212
"750",212
"tiny",212
"40k",212
"doug",212
"movieeee",212
"obsessed",212
"pollution",212
"lacey",212
"mofongo",212
"calll",211
"curry",211
"ded",211
"folded",211
"refresh",211
"rob",211
"secs",211
"theme",211
"mexicans",211
"bits",211
"prove",211
"backup",211
"movieee",211
"stands",211
"apples",211
"clash",210
"pour",210
"monitor",210
"neymar",210
"ooh",210
"sassy",210
"woahhh",210
"g1njii",210
"36",210
"95",210
"commands",210
"spar",210
"surfer",210
"vu",210
"lacyy",210
"swimming",210
"era",209
"pads",209
"brazilian",209
"commit",209
"gods",209
"tru",209
"202",209
"skipping",209
"abs",209
"poudi",209
"fumibean",209
"series",208
"capp",208
"dreams",208
"girlfriend",208
"library",208
"lolo",208
"youuuu",208
"cologne",208
"myavatar",208
"protect",208
"jd916",208
"peon",208
"position",207
"salad",207
"lift",207
"rooting",207
"85",207
"champs",207
"olay",207
"injest",207
"gum",206
"jk",206
"karaoke",206
"pump",206
"wouldn",206
"yooooooooooo",206
"flashbang",206
"hol",206
"asain",206
"ogre",206
"slides",206
"underdog",206
"won't",206
"ladder",206
"wwwwwwwwwwwwwwwwwwwwwwww",205
"activated",205
"confirmed",205
"older",205
"teamjubbles",205
"warning",205
"wars",205
"friday",205
"kings",205
"werent",205
"shape",205
"sim",205
"bangggggg",205
"kit",205
"patreon",205
"vaping",205
"alarm",205
"jawhnn",205
"parking",205
"tongue",204
"woooo",204
"aj",204
"echo",204
"himm",204
"od",204
"queue",204
"usually",204
"115",204
"fffffff",204
"laga",204
"waterboy",204
"tbvnks",204
"fanums",204
"awesome",203
"vanilla",203
"clarence",203
"oldest",203
"uhhhhh",203
"wubbles",203
"keeping",203
"defogabe",203
"drain",203
"giveheal",203
"lotd",203
"mission",203
"arkyyy",203
"pd",203
"compared",202
"repeat",202
"expensive",202
"glitchcat",202
"karma",202
"mother",202
"price",202
"singer",202
"speechless",202
"stroke",202
"ricegum",202
"smells",202
"4ton",202
"ouushi",202
"sat",202
"sudden",202
"beep",202
"henry",202
"marathon",202
"newrecord",202
"flop",202
"uphill",202
"2023",201
"counts",201
"fo",201
"gayge",201
"mfers",201
"noooooooooooo",201
"pepelaugh",201
"pleaseee",201
"reddit",201
"sweaty",201
"boost",201
"math",201
"noone",201
"cracked",201
"eggs",201
"maps",201
"whatdatmean",201
"modric",201
"limetimepelon",201
"absolutely",200
"bands",200
"breathing",200
"dare",200
"feelin",200
"logo",200
"podcast",200
"runs",200
"dem",200
"earth",200
"gifts",200
"fossabot",200
"redacted",200
"sui",200
"bong",200
"patch",200
"brothers",199
"snapped",199
"upside",199
"zombies",199
"yeahhh",199
"apparently",199
"bank",199
"kukoshil",199
"reunion",199
"haskells",199
"comming",199
"poco",199
"gross",198
"moves",198
"secret",198
"santipulgaz",198
"dennis",198
"auraaaa",198
"trading",198
"walker",198
"400",197
"compare",197
"jumpscare",197
"sync",197
"streammmm",197
"infinite",197
"oil",197
"332",197
"anga",197
"cutscenes",197
"rawdogmoon",197
"visit",197
"boyslowdown",197
"soap",197
"kaiya",197
"hook",196
"finger",196
"ing",196
"vision",196
"checked",196
"strategy",196
"jabas",196
"distract",196
"mar3lgm3",196
"poach",196
"return",196
"oceanbbyyx",196
"homie",195
"gulp",195
"inn",195
"ko",195
"minimum",195
"sunday",195
"li",195
"adapt2sad",195
"complain",195
"employee",195
"holdd",195
"jawnh",195
"smacked",195
"tothehill",195
"cardigan",195
"luds",195
"bosno",195
"bay",194
"hows",194
"chose",194
"colors",194
"fruit",194
"learned",194
"melvin",194
"2022",194
"system",194
"blau",194
"polar",194
"maxxx",194
"turtle",194
"whoisyou",194
"hatrick",194
"given",193
"heyy",193
"jasont2bird",193
"along",193
"basement",193
"blocking",193
"dumbasses",193
"feelsstrongman",193
"circle",193
"superman",193
"65",193
"arkys",193
"dentist",193
"sponsors",193
"tori",193
"randoms",192
"sadly",192
"wang",192
"cost",192
"hunter",192
"tiff",192
"brainslug",192
"nap",192
"snuck",192
"tew",192
"rdc",192
"34",191
"charlie",191
"fucks",191
"golf",191
"jayy",191
"kidding",191
"quarter",191
"fry",191
"kahoot",191
"kaicsturdyy",191
"cherry",191
"josh",191
"athlete",191
"levels",191
"pointless",191
"positive",191
"teen",191
"barca",191
"gerd",191
"katieb",191
"ludwigs",191
"freetheween",191
"cake",190
"shitting",190
"assss",190
"correct",190
"fest",190
"jade",190
"pleasee",190
"should've",190
"shouldnt",190
"ws",190
"enzouf32",190
"hesi3ball",190
"lace",190
"cactus",190
"bill",189
"candy",189
"known",189
"tdy",189
"christmas",189
"general",189
"loved",189
"offstream",189
"choked",189
"lungs",189
"joining",189
"streamelements",189
"cateat",189
"drinks",189
"elisclassic",189
"reff",189
"iphone",189
"puzzle",189
"brotha",188
"drank",188
"pog",188
"scare",188
"shine",188
"wwwwwwwwwwwwwwwwwwwwwww",188
"princess",188
"anxiety",188
"recreate",188
"director",188
"est",188
"goomba",188
"mei",188
"pele",188
"cafe",188
"teegri1bron",188
"ads",187
"ayooooooo",187
"revenge",187
"spitting",187
"watches",187
"kept",187
"mix",187
"mmmmmmmmmm",187
"plant",187
"rizzing",187
"tape",187
"wut",187
"hairline",187
"agents",187
"dapping",187
"doood",187
"especially",187
"imtyping",187
"overstimulated",187
"stranger",187
"primatepaige",187
"15k",186
"bruv",186
"holly",186
"instantly",186
"sza",186
"denypiece",186
"gooning",186
"ketchup",186
"rim",186
"balance",186
"flako",186
"moshi",186
"5'5",185
"johnny",185
"sandwich",185
"gotten",185
"role",185
"clapping",185
"chillin",185
"knowww",185
"maxx",185
"bazalright",185
"belka",185
"blaming",185
"danipiece",185
"draft",185
"minecraft",185
"ronnnn",185
"slug",185
"jebasted",185
"bo",184
"knife",184
"meeeee",184
"watchin",184
"awwwww",184
"chances",184
"fcking",184
"stressing",184
"performative",184
"showering",184
"ortiz",184
"rizpy",184
"bae",183
"clipzy",183
"fuckk",183
"added",183
"completely",183
"mexicoooo",183
"sand",183
"ummm",183
"vc",183
"chasing",183
"edgar",183
"unfortunately",183
"12k",183
"cuffem",183
"health",183
"marshallspurist",183
"agg",183
"bleus",183
"dc",182
"himmm",182
"matters",182
"release",182
"sentence",182
"8th",182
"accident",182
"corruption",182
"dent",182
"gambling",182
"nana",182
"parlay",182
"tilt",182
"bleedpurplehd",182
"yonnaa",182
"31st",182
"500k",181
"pronounced",181
"respond",181
"salty",181
"thx",181
"zest",181
"callin",181
"celebrate",181
"180",181
"backrooms",181
"hosting",181
"filming",181
"kappu",181
"baited",180
"fool",180
"opinion",180
"purr",180
"zzzz",180
"holyyyy",180
"liked",180
"steam",180
"zzzzzzzzz",180
"fn",180
"stray",180
"exemclap",180
"ome105",180
"dooood",180
"goallllllll",180
"strawberry",180
"luke",180
"megamind",180
"expelling",180
"drawing",179
"happi",179
"helll",179
"mommy",179
"poo",179
"rapper",179
"unlike",179
"backkkk",179
"dammm",179
"drip",179
"elite",179
"fully",179
"multiple",179
"noti",179
"speedlaugh",179
"sykunno",179
"mexicooo",179
"adapt2rt",179
"taxi",179
"ace",178
"awful",178
"bible",178
"blm",178
"sweating",178
"encore",178
"lesson",178
"oouuu",178
"tufff",178
"force",178
"loving",178
"santis",178
"rotate",178
"thoughts",178
"upgrade",178
"balenci",178
"chapter",178
"ducking",178
"giggle",178
"osj",178
"ceremony",178
"admin",178
"anybody",177
"crush",177
"hai",177
"heyyyy",177
"lllllll",177
"nephew",177
"sugar",177
"thr",177
"wholesome",177
"8k",177
"chatgpt",177
"clanker",177
"daren",177
"hammer",177
"taww",177
"yogi",177
"dreamdoll",177
"44",176
"nowaying",176
"session",176
"37",176
"asia",176
"1s",176
"aliens",176
"rockydacourage",176
"vr",176
"stabeta",176
"mrbeast",176
"telemundo",176
"kaii",176
"damnnnnn",175
"horror",175
"pounds",175
"teh",175
"ayyyyyyy",175
"exposed",175
"matching",175
"misses",175
"remind",175
"wayyy",175
"7cinema",175
"ballright",175
"brunson",175
"dmca",175
"flights",175
"larppp",175
"texting",175
"xl",175
"horny",174
"catching",174
"figure",174
"wack",174
"yesssssss",174
"rough",174
"kaiii",174
"logs",174
"wt",174
"feelstheaura",174
"focusss",174
"imnotcheating",174
"peer",174
"stinkycheese",174
"ewccrush",174
"tbanks",174
"cappp",173
"dogs",173
"sausage",173
"apology",173
"fingers",173
"gain",173
"smooth",173
"coulda",173
"nd",173
"editing",173
"fighter",173
"freedom",173
"oww",173
"sliky",173
"terrorist",173
"balcony",173
"lagggg",173
"ryah",173
"effect",172
"hswp",172
"loooooooool",172
"beans",172
"boooooo",172
"ffs",172
"fuckkk",172
"genes",172
"monkas",172
"workout",172
"sisters",172
"behbeh",172
"creators",172
"disguise",172
"virus",172
"dallas",172
"yonnaaaa",172
"album",171
"award",171
"beg",171
"bell",171
"congratulations",171
"create",171
"diesofcringe",171
"moments",171
"practicing",171
"39",171
"ara",171
"spoon",171
"depends",171
"hakone",171
"truthnuke",171
"yugiii",171
"goalkeeper",171
"mascot",171
"corey",171
"58",170
"hittin",170
"literal",170
"osfrog",170
"sniffa",170
"insecure",170
"ratio",170
"wildin",170
"suiii",170
"bam",170
"choo",170
"therapy",170
"promote",170
"puredxsignss",170
"wonderwall",170
"freaking",169
"makin",169
"nahhhhhh",169
"skills",169
"ss",169
"carpet",169
"deo",169
"meow",169
"fyp",169
"audience",169
"cone",169
"flock",169
"gut",169
"hus",169
"scorpyl2",169
"storm",169
"otv",169
"stabel",169
"goats",168
"hahahahha",168
"ignored",168
"instant",168
"lap",168
"oscar",168
"everyones",168
"personally",168
"scammer",168
"shh",168
"tear",168
"frog",168
"movement",168
"treat",168
"followed",168
"300k",168
"anotherrecord",168
"florida",168
"photos",168
"traded",168
"amineultraa",168
"edmond",168
"ahahaha",167
"ewwwwwwwwww",167
"info",167
"ova",167
"recruit",167
"shitttt",167
"co",167
"ome52",167
"aren't",167
"nxsski",167
"cups",167
"minionspittingpopcornlol",167
"mogg",167
"pill",167
"rivals",167
"staff",167
"deadspot",167
"passing",166
"six",166
"talm",166
"thas",166
"central",166
"dressed",166
"ittttt",166
"original",166
"jobs",166
"deodorant",166
"fov",166
"huzz29",166
"intheirbag",166
"item",166
"sore",166
"arkyyyy",166
"lljtw",166
"vlog",166
"loner",166
"fein",166
"butterfly",166
"deaf",165
"dribble",165
"emo",165
"episode",165
"geez",165
"takin",165
"appreciate",165
"ant",165
"cloned",165
"fear",165
"haddy",165
"malphite",165
"santit20catshakira",165
"thong",165
"flyyve",165
"capon3ee",165
"esta",165
"iraq",165
"oblivion",165
"greatdeyz",165
"braindead",164
"complete",164
"ohhhhhh",164
"onion",164
"ina",164
"reminds",164
"striker",164
"noodle",164
"bonk",164
"cousins",164
"muh",164
"puzzles",164
"casual",163
"movies",163
"pure",163
"violin",163
"bunny",163
"media",163
"permission",163
"shy",163
"tips",163
"otter",163
"arkyy",163
"sunion",163
"riley",163
"connor",163
"bape",163
"candle",163
"genuine",162
"kanye",162
"kpop",162
"surprise",162
"thumbnail",162
"2v2",162
"cheats",162
"entertaining",162
"familiar",162
"magnificent",162
"mood",162
"saturday",162
"personality",162
"oml",162
"bryan",162
"frozen",162
"locker",162
"pa",162
"seemed",162
"tawww",162
"arguing",162
"gabe",162
"teammates",162
"stabelul",162
"animals",161
"mock",161
"mop",161
"range",161
"wooooo",161
"bat",161
"ee",161
"millions",161
"nowhere",161
"projecting",161
"talented",161
"villain",161
"besides",161
"hp",161
"iknow",161
"oj",161
"regardless",161
"ron's",161
"senior",161
"sneaking",161
"grip",161
"marzzgg",161
"doll",161
"cominggg",160
"diet",160
"dum",160
"cookin",160
"option",160
"suppose",160
"prepare",160
"ch",160
"ome9",160
"disabled",160
"pins",160
"carrot",160
"elijah",160
"turf",160
"warriors",160
"zombie",160
"awards",159
"blud",159
"british",159
"crazyyy",159
"instagram",159
"confident",159
"hearts",159
"jackie",159
"looooooooool",159
"mics",159
"relationship",159
"int",159
"al",159
"autistic",159
"dah",159
"geeked",159
"gru",159
"recent",159
"sushi",159
"tacos",159
"cheering",159
"potatbotat",159
"ballon",159
"taylor",159
"cabo",159
"dab",158
"glove",158
"sooooo",158
"tubby",158
"autotune",158
"feminist",158
"gosh",158
"headphones",158
"speeds",158
"company",158
"finding",158
"respectfully",158
"baseball",158
"reid",158
"wings",158
"zeus",158
"lanah",158
"dontai",158
"neri",158
"400k",157
"bruhhhh",157
"ignoring",157
"mcdonalds",157
"sin",157
"breaks",157
"drill",157
"hamy",157
"omegadance",157
"winners",157
"sonnnnn",157
"arrived",157
"993rs",157
"baiting",157
"letter",157
"pushed",157
"slipped",157
"slur",157
"tweets",157
"yugi2xy2x",157
"slumber",157
"swift",157
"shade",157
"yonnna",157
"englanddd",157
"accidentally",156
"ick",156
"peep",156
"hm",156
"seem",156
"toxic",156
"chao",156
"he'll",156
"2slimey",156
"airline",156
"domain",156
"leek",156
"shalom",156
"shark",156
"thankyou",156
"marmar",156
"massage",156
"cr41",156
"realka58shocked",156
"anna",155
"classs",155
"credit",155
"painting",155
"picks",155
"rly",155
"someones",155
"stinks",155
"wya",155
"bun",155
"tearglove",155
"uwu",155
"sponsored",155
"deadahh",155
"objection",155
"sleepy",155
"testing",155
"mango",155
"miller",155
"onto",154
"wwwwwwwwwwwwwwwwwwwwwwwwww",154
"goooooooo",154
"rejected",154
"thread",154
"daddyyy",154
"california",154
"jasont2blackball",154
"dezz",154
"gol",154
"w5",154
"castro",154
"nepo",154
"portable",154
"bounty",154
"teamate",154
"ayeeeee",153
"mega",153
"pancakes",153
"advantage",153
"dontcarecallbubbles",153
"silent",153
"unfair",153
"wayyyy",153
"yah",153
"coms",153
"kung",153
"lanes",153
"stinkyglitch",153
"xdd",153
"adidas",153
"haskelllll",153
"kidnapped",153
"snake",153
"interact",153
"tunnels",153
"carnival",153
"pancake",153
"tolutwlaugh",153
"hardest",152
"jaosn",152
"lin",152
"yeahhhh",152
"disappointed",152
"wondering",152
"uuu",152
"duckass",152
"makeup",152
"stressed",152
"valley",152
"chooo",152
"conversation",152
"matterdaddy",152
"medium",152
"omepiece",152
"slick",152
"thick",152
"las",152
"honduras",152
"leo",152
"liver",152
"husband",151
"knockout",151
"lmaooooooooooooooooo",151
"hehe",151
"loop",151
"midnight",151
"movin",151
"naaa",151
"teleport",151
"interested",151
"wht",151
"ari",151
"arkyszn",151
"ure",151
"aids",151
"daddyyyy",151
"mustache",151
"overlay",151
"upset",151
"ag",151
"boba",151
"mbg",151
"offsides",151
"zebra",151
"fadepushup",151
"children",150
"gggggg",150
"regular",150
"granny",150
"oooooooooo",150
"signed",150
"stacked",150
"byeee",150
"pig",150
"bach",150
"canadian",150
"cristiano",150
"hopping",150
"lob",150
"sees",150
"situation",150
"tilted",150
"landed",150
"jub",150
"3x1",150
"among",149
"cheer100",149
"fail",149
"leaking",149
"rolling",149
"smash",149
"interest",149
"stayed",149
"lobbies",149
"network",149
"coffee",149
"highschool",149
"horn",149
"kevinnminn",149
"org",149
"sis",149
"snipe",149
"sticker",149
"windows",149
"cdawg",149
"review",148
"rub",148
"youtuber",148
"exact",148
"flexing",148
"hahahha",148
"i've",148
"places",148
"gifters",148
"obv",148
"ome18",148
"available",148
"cleaning",148
"debt",148
"perhaps",148
"prepffttt",148
"sny",148
"sue",148
"omw",148
"scuba",148
"robbing",148
"pebble",148
"sukimellow",148
"lantern",148
"payout",147
"usual",147
"4head",147
"anger",147
"entertainment",147
"riptide",147
"technically",147
"translate",147
"bo5",147
"events",147
"inviting",147
"magical",147
"pi",147
"predictions",147
"pulgaz",147
"tae",147
"yvl",147
"mafongo",147
"ochoa",147
"paris",147
"haskel3tonguehaskell",147
"46",146
"anywhere",146
"bugging",146
"lolololol",146
"takenrg",146
"theatre",146
"chase",146
"plss",146
"angel",146
"laptop",146
"brodigy",146
"grew",146
"hasn",146
"lok",146
"punches",146
"replies",146
"retired",146
"yugii",146
"stud",146
"vsb",146
"password",146
"aegis",146
"poudii",146
"buggin",145
"giveplz",145
"ladies",145
"speedrun",145
"valo",145
"whatttttt",145
"ayee",145
"crime",145
"lotta",145
"oooh",145
"shadow",145
"winetime",145
"bums",145
"fort",145
"wedding",145
"5star",145
"became",145
"obsession",145
"packs",145
"thathit",145
"swedish",145
"tpfufun",145
"beginning",144
"chew",144
"dylan",144
"es",144
"faking",144
"fucker",144
"jit",144
"ugh",144
"waht",144
"allow",144
"amount",144
"chemistry",144
"lollllllll",144
"male",144
"mannn",144
"nooooooooooooo",144
"expected",144
"yira4l",144
"closet",144
"knowwww",144
"root",144
"runes",144
"snowcone",144
"zoo",144
"castle",144
"coolstorybob",144
"hoops",144
"maxxxx",144
"yonnaaaaa",144
"runnnnnnn",144
"untuck",144
"jiggle",144
"across",143
"busted",143
"lmafo",143
"lmfaooooooooooooooooooo",143
"risk",143
"spice",143
"taht",143
"performing",143
"youve",143
"chloe",143
"kim",143
"mhmmm",143
"perma",143
"collabs",143
"focuss",143
"mold",143
"replace",143
"asadi",143
"drove",143
"cymbals",143
"knoww",142
"stoppp",142
"tee",142
"lmaoaoao",142
"wwwwwwwwwwwwwwwwwwwwwwwwwwwwwwww",142
"haven't",142
"jiyuvavibing",142
"raided",142
"embarrassed",142
"holdddd",142
"offer",142
"planet",142
"psg",142
"strength",142
"towards",142
"bath",142
"trophy",142
"underdogs",142
"abuh",141
"egoed",141
"problems",141
"project",141
"yeaaa",141
"creative",141
"held",141
"lmfaaoo",141
"pleaseeee",141
"plssss",141
"gm",141
"glow",141
"hyper",141
"jasont2aznlm",141
"bush",141
"haram",141
"pk",141
"rocks",141
"suiiiii",141
"worried",141
"rattle",141
"begwan",141
"comingggg",141
"spatula",141
"69",140
"lm",140
"continue",140
"electric",140
"ep",140
"fucken",140
"sabaping",140
"110",140
"ba67",140
"balloon",140
"balrightttt",140
"counselor",140
"drunkcrow",140
"employees",140
"gimmick",140
"quickly",140
"rust",140
"steps",140
"quill",140
"dubb",140
"tiana",140
"lamo",139
"laroi",139
"pair",139
"sea",139
"sturdy",139
"titan",139
"wason",139
"action",139
"er",139
"gameplay",139
"tripod",139
"uo",139
"enemy",139
"exist",139
"inc",139
"heli",139
"holon",139
"minions",139
"percent",139
"protein",139
"silkyyy",139
"slimed",139
"wire",139
"youdontsay",139
"daps",139
"downstairs",139
"earrings",139
"buldak",139
"darkmode",139
"aang",139
"sukii",139
"cali",138
"chip",138
"helps",138
"outro",138
"riot",138
"yb",138
"beater",138
"elisjam",138
"pressing",138
"steve",138
"survival",138
"cookies",138
"aston",138
"ayy67",138
"fading",138
"netz",138
"rematch",138
"purge",138
"sofi",138
"corners",138
"exemegalul",138
"london",138
"2xrakai",138
"runik",138
"jaime",138
"e11ysa",138
"huhhh",137
"hurting",137
"meh",137
"warrior",137
"whoa",137
"exit",137
"lineup",137
"loooooooooool",137
"opp",137
"sounded",137
"43",137
"justin",137
"tokyo",137
"countries",137
"hustle",137
"ooop",137
"yuritdavid",137
"yalls",137
"jhawn",137
"vamosss",137
"chains",137
"announced",137
"bagel",136
"cole",136
"lonely",136
"mundo",136
"wwwwwwwwwwwwwwwwwwwwwwwwwww",136
"yeaaaa",136
"1m",136
"bean",136
"blessed",136
"capppp",136
"jordvns",136
"ohio",136
"owner",136
"shiiiiii",136
"farmed",136
"tore",136
"ome104",136
"spy",136
"cupcake",136
"neighbor",136
"bins",136
"chem",136
"db",136
"gbad",136
"skai",136
"dono",135
"karl",135
"basic",135
"bias",135
"br",135
"church",135
"musical",135
"whyd",135
"wo",135
"luh",135
"ricky",135
"couples",135
"flew",135
"watermelon",135
"bnb",135
"dihh",135
"dirt",135
"healthy",135
"nononono",135
"pjsugar",135
"predicts",135
"puss",135
"roncaught",135
"st",135
"weren",135
"bopbop",135
"markell",135
"tae2smooth",135
"ste",135
"6iso",135
"kierra",135
"vercet1laugh",135
"bucket",134
"crazyy",134
"hip",134
"odd",134
"hiiiii",134
"outtt",134
"playlist",134
"sm",134
"comfortable",134
"stank",134
"turns",134
"costume",134
"friesss",134
"hivise",134
"ignite",134
"jawhnnn",134
"larpp",134
"tommygii",134
"auraaaaa",134
"trunk",134
"feverfighter",134
"sarah",134
"streamerbountyhunter",134
"brooooooo",133
"jayyyy",133
"autism",133
"pal",133
"seee",133
"typical",133
"24hr",133
"success",133
"streamed",133
"baddies",133
"category",133
"lake",133
"mentioned",133
"ouuuuuuu",133
"rtt",133
"themselves",133
"watdatmean",133
"lacyyyy",133
"nothin",133
"improve",133
"lacy's",133
"calabasas",133
"jaykayrah",133
"trampoline",133
"gamerhood",133
"chatt",132
"edited",132
"omggggggg",132
"yoooooooooooo",132
"daily",132
"corgiderp",132
"covid",132
"holiday",132
"replaced",132
"1y",132
"atl",132
"cheers",132
"cou",132
"dumbahh",132
"farms",132
"lesbianpride",132
"mount",132
"shaving",132
"extraemily",132
"saudi",132
"doooood",132
"adapt2flock2",132
"soleplier",132
"kite",132
"created",131
"easiest",131
"nono",131
"owe",131
"woahhhh",131
"wyd",131
"yrs",131
"changes",131
"hacked",131
"mixed",131
"tay",131
"ton",131
"assume",131
"babies",131
"custom",131
"goyard",131
"ikea",131
"nay",131
"omescrajj",131
"undespaired2078",131
"gimp",131
"4774",131
"8207",131
"91302",131
"9998",131
"granada",131
"afford",130
"iceman",130
"llllllll",130
"tim",130
"banning",130
"diversity",130
"wise",130
"screenshot",130
"5'7",130
"foo",130
"jasonnnnnnn",130
"cannon",130
"chuds",130
"greedy",130
"ragebaited",130
"rawkout",130
"starlink",130
"notbtwapple",130
"roo",130
"bare",130
"timeouts",130
"stabesuss",130
"gray",130
"bastard",129
"chillll",129
"faxxx",129
"ayyyyyyyy",129
"clue",129
"decide",129
"gg's",129
"outt",129
"growing",129
"august",129
"chick",129
"yira",129
"yuck",129
"307",129
"chudding",129
"dies",129
"diving",129
"levi",129
"pu",129
"korra",129
"houses",129
"expell",129
"ayoooooooo",128
"cartoon",128
"futbol",128
"swallow",128
"2222",128
"backkkkkk",128
"headset",128
"homelander",128
"planned",128
"strip",128
"indeed",128
"kkona",128
"movieeeee",128
"beside",128
"bonus",128
"deported",128
"fever",128
"garden",128
"nobodygaf",128
"rolf",128
"ronald",128
"tables",128
"ther",128
"ronaldos",128
"transgenderpride",128
"goalllllllll",128
"mighty",128
"restaurant",128
"perfection",128
"babe",127
"countdown",127
"fuckkkk",127
"spotify",127
"wierd",127
"wwwwwwwwwwwwwwwwwwwwwwwww",127
"aa",127
"explode",127
"fkin",127
"thrown",127
"ybggg",127
"ulted",127
"doordash",127
"forced",127
"kaichu",127
"olds",127
"request",127
"speds",127
"writing",127
"hn",127
"dizzy",127
"reggie",127
"silkyy",127
"pattern",127
"cats",127
"concert",126
"falls",126
"faxx",126
"ptsd",126
"toooo",126
"cuts",126
"filipino",126
"karate",126
"witness",126
"zzzzzzzzzz",126
"booooooo",126
"breaker",126
"contest",126
"dey",126
"jaysan",126
"license",126
"snow",126
"filled",126
"hopper",126
"lesh",126
"merch",126
"selena",126
"smacking",126
"unmod",126
"unreal",126
"hotspot",126
"mau5",126
"puede",126
"giannirahh",126
"meesterkeem",126
"111",125
"abg",125
"b4",125
"fought",125
"frfr",125
"gooooooooo",125
"grade",125
"lollol",125
"shove",125
"taught",125
"ut",125
"vocals",125
"faces",125
"kaiccryy",125
"lazar",125
"rays",125
"shhhhh",125
"47",125
"wowwwww",125
"bopshart",125
"entertain",125
"happiness",125
"jalen",125
"orb",125
"qr",125
"rome",125
"sleeper",125
"snoworries",125
"tool",125
"unban",125
"underwear",125
"yourragegaming",125
"49",125
"unite",125
"economy",125
"goallllllllll",125
"television",125
"halland",125
"radiation",125
"jorts",125
"chalked",124
"champions",124
"goattt",124
"gummy",124
"typed",124
"coast",124
"automod",124
"elisdancy",124
"magnet",124
"matches",124
"enter",124
"qatar",124
"kaicyougoodmud",124
"sleeves",124
"expand",124
"bricked",123
"russel",123
"bass",123
"flashbacks",123
"junior",123
"slower",123
"sov",123
"stabehmm",123
"trail",123
"wojito",123
"yal",123
"polyester",123
"salah",123
"dubbb",123
"vamossss",123
"joel",123
"quilt",123
"doubt",122
"owwww",122
"sid",122
"froze",122
"honesty",122
"jam",122
"nukes",122
"opened",122
"bleedpurple",122
"salon",122
"gassin",122
"iykyk",122
"multi",122
"105",122
"frens",122
"harden",122
"hatewatch",122
"kills",122
"milo",122
"newjeanzzt",122
"peiontm",122
"pulls",122
"resume",122
"smoked",122
"lorax",122
"suiiiiii",122
"bosnoo",122
"cicadas",122
"suhmmiee",122
"hereeee",121
"lover",121
"murder",121
"stopp",121
"chosen",121
"command",121
"hahahahahahaha",121
"hmmmm",121
"onnn",121
"properly",121
"wrote",121
"sink",121
"streets",121
"pixels",121
"stress",121
"buzzball",121
"shoots",121
"sniping",121
"tattoo",121
"tournaments",121
"deer",121
"en",121
"serve",121
"shore",121
"chopper",121
"umbrella",121
"kaiiii",121
"oppa",121
"dreamcon",121
"madai",121
"dooo",120
"giannis",120
"globe",120
"himmmm",120
"inches",120
"incident",120
"nightmare",120
"ten",120
"uuuh",120
"waffles",120
"byeeee",120
"soy",120
"eliminated",120
"guessing",120
"innnn",120
"popping",120
"banggggggg",120
"choking",120
"focussss",120
"glitchnrg",120
"hearsay",120
"innocent",120
"legal",120
"metal",120
"partying",120
"shazam",120
"simple",120
"vayne",120
"adlibs",120
"mex",120
"saka",120
"stabedance1",120
"yonnajay",120
"hazard",120
"rolly",120
"ome150",120
"lettuce",120
"etayy",120
"nicewigg",120
"25k",119
"forest",119
"jasont2pog",119
"rise",119
"survived",119
"bb",119
"distraction",119
"dope",119
"porn",119
"sharp",119
"wwwwwwwwwwwwwwwwwwwwwwwwwwww",119
"ffffffff",119
"pineapple",119
"wednesday",119
"carson",119
"crew",119
"donut",119
"engagement",119
"flick",119
"fosco",119
"kenneth",119
"lollipop",119
"millionare",119
"raining",119
"ridnsjsis",119
"snatched",119
"snipers",119
"tah",119
"thts",119
"waited",119
"cinnamon",119
"withered",119
"baggy",119
"rugrug",119
"hack",118
"lmaoooooooooooooooooo",118
"lucas",118
"rider",118
"sage",118
"struggling",118
"twerk",118
"west",118
"yeahh",118
"bruce",118
"closing",118
"damnnnnnn",118
"defo",118
"ehh",118
"fastest",118
"hahahhaha",118
"patience",118
"pp",118
"skips",118
"yeh",118
"desert",118
"rizzy",118
"caseoh",118
"chorus",118
"jasont2pb",118
"tism",118
"actors",118
"african",118
"backyard",118
"kickback",118
"kk",118
"siuuuu",118
"stinker",118
"trueing",118
"wouldn't",118
"enjoying",118
"larpppp",118
"waters",118
"yard",118
"kaicnaenae",118
"60k",117
"bust",117
"christian",117
"whip",117
"rep",117
"soup",117
"unlucky",117
"uno",117
"value",117
"weee",117
"meaning",117
"combined",117
"fncs",117
"ome478",117
"pilot",117
"sodapoppin",117
"spending",117
"trees",117
"european",117
"nurse",117
"hotdogs",117
"peel",117
"2020forward",117
"poncho",117
"compute",117
"freejason",117
"mouthpieces",117
"i'd",116
"letsss",116
"malone",116
"fumbled",116
"laughed",116
"loading",116
"sunshine",116
"trolls",116
"youuuuu",116
"celebrating",116
"answers",116
"austin",116
"dumber",116
"file",116
"spoiled",116
"thst",116
"ammo",116
"awareness",116
"dune",116
"lb",116
"vlad",116
"samsung",116
"toad",116
"hyped",116
"unplug",116
"habitat",116
"torn",116
"ktb",116
"ahahahaha",115
"below",115
"brady",115
"four",115
"gucci",115
"hereee",115
"hotdog",115
"shell",115
"subscription",115
"cracking",115
"mann",115
"mc",115
"mmmmmmmmmmm",115
"sheet",115
"shouldn",115
"successful",115
"ivy",115
"yrgeyrg",115
"actions",115
"flags",115
"forcing",115
"base",115
"beh",115
"bi",115
"camping",115
"hotbox",115
"peoples",115
"retake",115
"sesh",115
"stepping",115
"stronger",115
"therapist",115
"ooou",115
"panning",115
"parachute",115
"laundry",115
"property",115
"2016",114
"bozo",114
"editors",114
"ewwwwwwwwwww",114
"hh",114
"status",114
"cod",114
"dating",114
"plaque",114
"sweep",114
"exposure",114
"follower",114
"twitchvotes",114
"inch",114
"pokdarkrai",114
"blunt",114
"galaxy",114
"hdity",114
"poke",114
"weldon",114
"allan",114
"cinnas",114
"dudeee",114
"lays",114
"slayyy",114
"tommorow",114
"jaylen",114
"ella",114
"idgaf",113
"istg",113
"jj",113
"mars",113
"nahhhhhhh",113
"survive",113
"cleared",113
"feds",113
"mexicooooo",113
"okayyy",113
"recess",113
"span",113
"zzzzzzzzzzz",113
"1500",113
"bump",113
"blankies",113
"lighter",113
"sabo",113
"vods",113
"billionaire",113
"bist",113
"cgi",113
"divaaa",113
"epicness",113
"hunt",113
"ivan",113
"tombraid",113
"expierence",113
"56",112
"fist",112
"jajaja",112
"pjsalt",112
"reality",112
"wayy",112
"5head",112
"comedy",112
"di",112
"filo",112
"moms",112
"naa",112
"smokes",112
"weapon",112
"adding",112
"ar",112
"assholes",112
"gen",112
"research",112
"baker",112
"cortisol",112
"dryestmocha",112
"fountain",112
"koj0bach",112
"njz",112
"spams",112
"yoohoo",112
"0omystic0o",112
"2024silky",112
"dorks",112
"filho",112
"seattle",112
"tuts",112
"mustard",112
"proposed",112
"spoiling",112
"gorlock",112
"stamina",112
"matcha",112
"lamp",112
"hannipls",112
"roommates",112
"thumbnails",112
"raphaelsololive",112
"plastic",111
"voices",111
"wtffffff",111
"yeat",111
"10000",111
"announce",111
"bubble",111
"daniel",111
"dumbest",111
"forgive",111
"messing",111
"produce",111
"rave",111
"splendid",111
"wwwwwwwwwwwwwwwwwwwwwwwwwwwwww",111
"cya",111
"atlanta",111
"dd",111
"keith",111
"nettspend",111
"workers",111
"activate",111
"crum",111
"fades",111
"rttt",111
"stomp",111
"t1allstars",111
"trades",111
"willow",111
"ankle",111
"evb",111
"holyasianaura",111
"llc",111
"serioussloth",111
"stabehyper",111
"nozedz",111
"punoko",111
"envelope",111
"ps2",111
"runnnnnnnn",111
"cereal",110
"pole",110
"wilding",110
"yuhhh",110
"birth",110
"chef",110
"claps",110
"jamal",110
"manz",110
"necklace",110
"skit",110
"trollin",110
"failure",110
"04",110
"2027",110
"368",110
"hask",110
"hoa",110
"jah",110
"laying",110
"malik",110
"ohnonono",110
"opportunity",110
"primez",110
"uniform",110
"unlocked",110
"whoop",110
"engine",110
"texture",110
"entrance",110
"fog",110
"puto",110
"comingg",110
"kappahd",110
"crossed",110
"dpoy",110
"expel",110
"blacklivesmatter",109
"meeeeee",109
"ranch",109
"tweakin",109
"uncomfortable",109
"yum",109
"improv",109
"introduce",109
"niceee",109
"remake",109
"thai",109
"upload",109
"wah",109
"mass",109
"herself",109
"uuuu",109
"1jdab1",109
"dash",109
"ru",109
"sucked",109
"chipotle",109
"deshae",109
"focused",109
"goyslop",109
"heals",109
"noob",109
"port",109
"pup",109
"schizouuh",109
"wallet",109
"yugiiii",109
"spawned",109
"tryouts",109
"reposted",109
"sentinel11723",109
"geegs",109
"cutegmanic",109
"furyz",109
"breh",108
"finishing",108
"hinge",108
"rainbow",108
"realized",108
"tearing",108
"burnt",108
"fumble",108
"lmfa",108
"lyric",108
"uppppp",108
"addd",108
"nail",108
"you've",108
"baller",108
"micheal",108
"mns",108
"cmonnn",108
"destroyed",108
"drug",108
"dump",108
"dweeb",108
"gamergirl",108
"jynxzifat",108
"knocking",108
"lop",108
"ouushii",108
"refff",108
"torch",108
"wh",108
"widespeedomg",108
"ankles",108
"ronnnnn",108
"proposing",108
"xylophone",108
"l2jealjx9jnuky60",108
"saltyaltruisticcobrasobayed",108
"anti",107
"dipped",107
"lmaooooooooooooooooooo",107
"mindset",107
"nowww",107
"package",107
"redeem",107
"spirit",107
"yooooooooooooo",107
"ge",107
"roster",107
"yogurt",107
"zzzzzzzzzzzz",107
"abgs",107
"current",107
"marry",107
"gif",107
"guide",107
"rr",107
"syndrome",107
"20v1",107
"6767",107
"aisha",107
"allergic",107
"beauty",107
"flipped",107
"marlonn",107
"potion",107
"quotes",107
"sobb",107
"vlamerunzx00",107
"whattaahfuck",107
"cleats",107
"marlonnn",107
"cues",107
"dxcat",107
"maker",107
"wing",107
"budget",107
"bartender",107
"haney",107
"addict",106
"benefits",106
"crazyyyy",106
"funnier",106
"hentai",106
"lmaoaoa",106
"shiit",106
"ahahah",106
"freeee",106
"lmaaooo",106
"manners",106
"shades",106
"stuttering",106
"swinging",106
"opps",106
"5'8",106
"yalll",106
"cmb",106
"dana",106
"kaysohee",106
"malatang",106
"pops",106
"seatbelt",106
"tu",106
"would've",106
"branch",106
"jiddy",106
"unathletic",106
"jst",106
"suburbaby",106
"shootout",106
"servers",106
"800",105
"failfish",105
"reallydoot",105
"von",105
"kyrie",105
"whisper",105
"heree",105
"files",105
"tuffff",105
"aaaa",105
"boxes",105
"corrupt",105
"default",105
"delusion",105
"plea",105
"rewind",105
"tat",105
"tonz",105
"unemployed",105
"website",105
"hash",105
"ham",105
"jon",105
"trapped",105
"danielle",105
"crkelly",105
"meng",105
"romaxatwerk",105
"jamier17cross",105
"allstars",105
"1111",104
"east",104
"ii",104
"joker",104
"overload",104
"tehepelo",104
"za",104
"according",104
"beo",104
"dudeeee",104
"laser",104
"lmfaoooooooooooooooooooo",104
"parasocials",104
"streammmmm",104
"trolled",104
"wishing",104
"yessssssss",104
"jungle",104
"nights",104
"mhmmmm",104
"nation",104
"nonchalant",104
"santa",104
"adapt2wut",104
"boxed",104
"cheerleader",104
"emerald",104
"owl",104
"referee",104
"violated",104
"wood",104
"xp",104
"bottles",104
"ingests",104
"switzerland",104
"rlytho",104
"doue",104
"crunch",104
"ahhhhhh",103
"gna",103
"sumn",103
"asses",103
"awwwwww",103
"bleach",103
"herrr",103
"lmaoaoaoa",103
"homies",103
"weekend",103
"popped",103
"blasian",103
"ga",103
"reps",103
"sight",103
"threat",103
"wedgie",103
"7tv",103
"comet",103
"dier",103
"fineee",103
"fryin",103
"immediately",103
"panic",103
"pfffft",103
"wojj",103
"deshaunbreezy",103
"inverted",103
"jose",103
"snack",103
"rico",103
"spidey",103
"ucl",103
"elf",103
"treatment",103
"yona",103
"aceakew",103
"pretzel",103
"tbangel",103
"yukisgarden",103
"lagoon",103
"keira",103
"gl",102
"jeremy",102
"looooooooooool",102
"np",102
"ranking",102
"wanting",102
"yurrr",102
"carlsmile",102
"ghstxy",102
"homeee",102
"jt",102
"respectful",102
"ti",102
"unique",102
"gud",102
"yeaa",102
"dads",102
"due",102
"fork",102
"handed",102
"iconic",102
"included",102
"shelf",102
"communities",102
"katseye",102
"lecture",102
"luka",102
"shroxyv",102
"slg",102
"adventure",102
"cupcakes",102
"hawk",102
"jd",102
"204",102
"pat",102
"splash",102
"robin",102
"rhino",102
"bep",102
"ransom1337",102
"rayyy",102
"dreaming",101
"items",101
"loooooooooooool",101
"ahahahahah",101
"aluminum",101
"asssss",101
"hyperclap",101
"merchant",101
"nowayyy",101
"stonelightning",101
"thinker",101
"woahh",101
"unmute",101
"tribute",101
"100m",101
"balloons",101
"balrightt",101
"bugs",101
"djalin",101
"elo",101
"freaked",101
"grand",101
"hover",101
"jestermaxxing",101
"jrod",101
"linking",101
"peach",101
"stsu",101
"arigato",101
"layup",101
"yougoodmud",101
"backdoor",101
"barcola",101
"higa",101
"sunset",101
"legends",100
"ybgg",100
"aussie",100
"beefingslime",100
"boyy",100
"cow",100
"espn",100
"invisible",100
"lmfo",100
"ooooooooooo",100
"owes",100
"lolllllllll",100
"backshots",100
"fee",100
"rolls",100
"stops",100
"06",100
"armor",100
"druski",100
"elisvibe",100
"iguess",100
"para",100
"yugi's",100
"rnb",100
"stone",100
"englandddd",100
"katy",100
"controversial",100
"nmsu",100
"product",100
"gabriel",100
"passport",100
"delta",100
"kettle",100
"crate",100
"mills",100
"pitbully",100
"aintnoway",99
"alll",99
"bleeding",99
"generation",99
"grammy",99
"monkaw",99
"posting",99
"shittttt",99
"uses",99
"younger",99
"attempt",99
"bones",99
"compy",99
"couldn't",99
"fuckkkkk",99
"jaw",99
"puta",99
"clapped",99
"access",99
"latest",99
"supreme",99
"tan",99
"forthype",99
"morde",99
"opponent",99
"slowly",99
"sonflower",99
"td",99
"x2",99
"bullies",99
"daddyyyyy",99
"layups",99
"rattling",99
"recap",99
"hakimi",99
"restroom",99
"braedon",99
"kapow",99
"rakai32",99
"wizard",99
"cameo",99
"jacy",99
"geg",99
"shuttle",99
"zipper",99
"realka58behindya",99
"chewing",98
"counting",98
"gyat",98
"imo",98
"jacked",98
"overrated",98
"bryce",98
"cricket",98
"decision",98
"expert",98
"lads",98
"loolll",98
"noooooooooooooo",98
"richer",98
"voting",98
"wew",98
"we'll",98
"byee",98
"joint",98
"lemonade",98
"mistake",98
"nfl",98
"a2guapo",98
"afraid",98
"aiming",98
"asmr",98
"boxer",98
"ceiling",98
"fossa",98
"lou",98
"sabotage",98
"dust",98
"dani",98
"brightness",98
"sunrise",98
"ttours",98
"mayo",98
"geography",98
"ethero",98
"scott",97
"youth",97
"giant",97
"march",97
"tecca",97
"stopppp",97
"famiry",97
"farmer",97
"recently",97
"ways",97
"aishah",97
"banged",97
"bloat",97
"bythearkys",97
"cloud",97
"embarrass",97
"flame",97
"forth",97
"hostage",97
"karen",97
"payed",97
"shouts",97
"tawwww",97
"tuffest",97
"va",97
"arg",97
"concrete",97
"pakistan",97
"partyyy",97
"girlheyuh",97
"88",97
"arsonnosexy",97
"hulk",97
"altitude",97
"judeeee",97
"leaf",97
"damii",97
"suhmmie",97
"caterpillar",97
"maple",97
"cal",96
"condom",96
"gifteds",96
"itll",96
"toronto",96
"defence",96
"goku",96
"kik",96
"lv",96
"preach",96
"scaring",96
"clipping",96
"cried",96
"lucki",96
"wwe",96
"baddd",96
"caption",96
"characters",96
"hideous",96
"kc2x",96
"yourrage",96
"adress",96
"applied",96
"booked",96
"fbpass",96
"fires",96
"fuckass",96
"jerp",96
"lately",96
"moggs",96
"prelol",96
"quota",96
"scan",96
"signing",96
"tyla",96
"21k",96
"buss",96
"laggggg",96
"nein",96
"nigeria",96
"stance",96
"boil",96
"naija",96
"lbitrate",96
"lion",96
"leao",96
"costco",96
"broooooooo",95
"brooooooooooo",95
"chug",95
"fresh",95
"rick",95
"tuned",95
"dk",95
"furry",95
"incredible",95
"mario",95
"ore",95
"ewwwwwwwwwwww",95
"twist",95
"positivity",95
"randomly",95
"belive",95
"booth",95
"columbia",95
"kekwait",95
"pathetic",95
"saysykk",95
"signature",95
"cane",95
"commercial",95
"shakira",95
"path",95
"ripepperonis",95
"grape",95
"jamier17corgi",95
"lana",95
"catering",95
"kaijuuri",95
"fanummm",95
"52",94
"goatttt",94
"official",94
"pie",94
"unironically",94
"admit",94
"donkey",94
"eddy",94
"floating",94
"gooood",94
"kay",94
"mames",94
"outa",94
"thi",94
"pasta",94
"hired",94
"pound",94
"scamming",94
"wheat",94
"09",94
"chudwig",94
"crybaby",94
"decided",94
"fahhh",94
"griddygoose",94
"groups",94
"ifg",94
"inna",94
"jesse",94
"lily",94
"mayback",94
"passive",94
"sponser",94
"stopping",94
"widespeedcry",94
"willito",94
"clav",94
"emilyjam",94
"lbs",94
"ms",94
"zlatan",94
"banner",94
"interaction",94
"pong",94
"vamosssss",94
"venue",94
"9pm",94
"zyreonc",94
"emilyccrun",94
"911",93
"ayooooooooo",93
"burning",93
"copyright",93
"deeper",93
"normally",93
"offff",93
"oreo",93
"siege",93
"dunk",93
"fi",93
"remix",93
"robbery",93
"scriptw",93
"shorter",93
"zaddy",93
"andy",93
"hay",93
"wi",93
"ahahahah",93
"books",93
"boyyy",93
"brains",93
"downtown",93
"fathers",93
"hasn't",93
"humor",93
"lmaoao",93
"naaaa",93
"sleeve",93
"squidward",93
"stood",93
"tapcap",93
"duos",93
"marlon's",93
"azteca",93
"cheaper",93
"coworker",93
"molly",93
"limp",93
"kiwi",93
"aux",92
"bricks",92
"spittin",92
"cord",92
"depressed",92
"dominican",92
"gordon",92
"heyyyyy",92
"lmfaooooooooooooooooooooo",92
"mystery",92
"pogu",92
"tp",92
"vibing",92
"wwwwwwwwwwwwwwwwwwwwwwwwwwwww",92
"bitching",92
"queens",92
"bieber",92
"tractor",92
"bebe",92
"bone",92
"cuffed",92
"cx",92
"drops",92
"friess",92
"harvard",92
"hola",92
"loosing",92
"plaqueboyboyslowdown",92
"professors",92
"response",92
"silkyyyy",92
"strats",92
"chaos",92
"crossbar",92
"diddybop",92
"elisrock",92
"fent",92
"sib",92
"arbol",92
"marlonnnn",92
"mexicoo",92
"bulletbille",92
"slowed",92
"unwatchable",92
"cabbage",92
"klose",92
"erobb221",92
"various",92
"ivory",92
"zucchini",92
"culero",92
"intuition",92
"bengy",92
"mouthguard",92
"59",91
"advance",91
"brim",91
"dior",91
"ewwwwwwwwwwwww",91
"montage",91
"nooooooooooooooo",91
"sho",91
"5m",91
"ability",91
"aka",91
"blash3k",91
"chad",91
"creature",91
"eewww",91
"feelings",91
"gf",91
"hahahahahahah",91
"keyboard",91
"lmfaoooooooooooooooooooooo",91
"ls",91
"ransom",91
"thiss",91
"tis",91
"uhhhhhh",91
"ummmm",91
"vector",91
"wwwwwwwwwwwwwwwwwwwwwwwwwwwwwwwww",91
"aunt",91
"express",91
"gts",91
"tabs",91
"fah",91
"lego",91
"naah",91
"nico",91
"chi",91
"consistent",91
"divaaaa",91
"malph",91
"morgan",91
"ooouuu",91
"shroud",91
"simulator",91
"taper",91
"treating",91
"airlines",91
"clova",91
"noticing",91
"haerinjam",91
"continent",91
"rescue",91
"drown",91
"runnnnnnnnn",91
"silkyslg",91
"stair",91
"wops",91
"bball",90
"calories",90
"dodging",90
"insert",90
"plumbers",90
"thirsty",90
"yeo",90
"yesssssssss",90
"gotham",90
"masterclass",90
"mice",90
"nine",90
"represent",90
"username",90
"void",90
"winnin",90
"woooooo",90
"jaso",90
"shooters",90
"ultimate",90
"ults",90
"avoid",90
"cheaters",90
"eachother",90
"jerk",90
"modding",90
"parrot",90
"upper",90
"welll",90
"1882332006949744648",90
"banter",90
"durag",90
"equal",90
"ins",90
"longest",90
"lvl",90
"olivia",90
"pe",90
"repost",90
"spammer",90
"borrow",90
"extreme",90
"flies",90
"large",90
"mink",90
"sexo3",90
"68",90
"holidaysanta",90
"holland",90
"pixelbob",90
"architecture",90
"pepsi",90
"iamnotkenneth",90
"king68",90
"5'2",89
"atxjason",89
"denzel",89
"emoji",89
"json",89
"ming",89
"german",89
"goodness",89
"kita",89
"lmfaaaooo",89
"luffy",89
"universe",89
"warming",89
"ybgggg",89
"guaranteed",89
"motivation",89
"siuuuuu",89
"bangers",89
"compliment",89
"raids",89
"unfunny",89
"cheek",89
"distracted",89
"draws",89
"fat44",89
"muddy",89
"placement",89
"soslowdown",89
"stat",89
"tension",89
"texted",89
"walks",89
"italian",89
"jawh",89
"quilly",89
"tubi",89
"cuba",89
"rayasiww",89
"zoomed",89
"shrimp",89
"violet",89
"exercise",89
"mugshots",89
"54",88
"blast",88
"omh",88
"stan",88
"unfollow",88
"wtfffffff",88
"aha",88
"ahaha",88
"criminal",88
"hahahahhaha",88
"killin",88
"memories",88
"otherwise",88
"packing",88
"pieces",88
"tracker",88
"twerking",88
"aaaaa",88
"noticed",88
"takeover",88
"victory",88
"2000",88
"apartment",88
"becoming",88
"century",88
"coin",88
"covering",88
"dor",88
"felix",88
"locking",88
"miracle",88
"peterbot",88
"snitches",88
"05",88
"2018",88
"cooldown",88
"delivery",88
"demonnn",88
"faker",88
"hbd",88
"holes",88
"krkrkrkr",88
"rocked",88
"scrap",88
"showers",88
"soundboard",88
"syanne",88
"weeee",88
"fbspiral",88
"rayasianboy",88
"bolt",88
"praise",88
"provide",88
"yawn",88
"equalizer",88
"baybeerae",88
"tipp",88
"quail",88
"snorlax",88
"benjyyy",88
"dumbasss",87
"eeww",87
"ehhh",87
"frag",87
"freestyle",87
"hakeem",87
"okok",87
"yujinnnn",87
"backkkkk",87
"fantastic",87
"forgetting",87
"waittt",87
"wisdom",87
"behave",87
"entropywins",87
"gates",87
"oooooooooooo",87
"shopping",87
"agal",87
"caht",87
"claimed",87
"dukeee",87
"dunder",87
"holddddd",87
"hub",87
"involved",87
"leading",87
"lots",87
"moggin",87
"peice",87
"samoagod",87
"stain",87
"greenbeans281",87
"handshake",87
"poland",87
"superhero",87
"whooo",87
"cmonnnn",87
"peacock",87
"sniped",87
"escaped",87
"ali",87
"benched",87
"widetime2",87
"psa",87
"walkie",87
"aurian",87
"chattt",86
"chilllll",86
"ezzz",86
"letss",86
"moan",86
"rating",86
"etc",86
"gooddd",86
"hail",86
"kai's",86
"okayy",86
"okk",86
"onn",86
"por",86
"prepared",86
"sigh",86
"signs",86
"ski",86
"wingman",86
"worthy",86
"expansion",86
"raiddd",86
"feliz",86
"ps5",86
"bebeh",86
"blond",86
"buzzword",86
"caughttt",86
"dalgorithm",86
"daughter",86
"execute",86
"funnymike",86
"gamers",86
"genug",86
"jrod2738",86
"knowwwww",86
"manage",86
"nest",86
"plans",86
"rtrt",86
"snatch",86
"vaid0712",86
"cb",86
"haskellllll",86
"hooping",86
"r6",86
"borat",86
"goallllllllllll",86
"goodmorning",86
"modlove",86
"crust",86
"troi",86
"plaqueboyd1",86
"ditching",86
"dishwasher",86
"union",86
"chubby",85
"hee",85
"kissed",85
"lma",85
"noises",85
"possibly",85
"potato",85
"pts",85
"punched",85
"sip",85
"sniff",85
"yeahhhhh",85
"ayyyyyyyyy",85
"fireeee",85
"goodd",85
"guilt",85
"heri",85
"itttttt",85
"neeed",85
"pitbull",85
"putangina",85
"roleplay",85
"thisss",85
"mora",85
"mostly",85
"allegations",85
"arts",85
"df",85
"glory",85
"os",85
"ship",85
"sukuna",85
"bedroom",85
"betting",85
"bother",85
"gona",85
"honor",85
"speaks",85
"160",85
"crop",85
"donuts",85
"lakers",85
"melon",85
"mogger",85
"prayers",85
"siuuuuuuu",85
"yrgedance",85
"blanket",85
"kdb",85
"tiger",85
"uruguay",85
"yellows",85
"drum",85
"uss",85
"protest",85
"mrkeemsturdy",85
"supper",85
"actin",84
"ahhhhhhh",84
"celebration",84
"dumbfuck",84
"gachihyper",84
"ralpherz",84
"april",84
"awe",84
"biased",84
"distance",84
"favor",84
"guts",84
"jasom",84
"julian",84
"modcheck",84
"outttt",84
"sean",84
"favourite",84
"144p",84
"edition",84
"speeed",84
"runnin",84
"bo3",84
"cartierkevin1",84
"dan",84
"deafen",84
"download",84
"draggin",84
"giggling",84
"jean",84
"labor",84
"lightning",84
"lik",84
"nuked",84
"omemoji",84
"panicking",84
"spinning",84
"suii",84
"evolution",84
"rayy",84
"siuuuuuu",84
"tm",84
"goalllllllllll",84
"imposter",84
"km",84
"nathan",84
"retention",84
"rooom",84
"transitions",84
"sexo2",84
"megatron",84
"unity",84
"partyy",84
"rosi",84
"geegg",84
"kaicblmm",84
"pdt",84
"amongus",83
"faxxxx",83
"hahahahahha",83
"jumper",83
"lmfaoaoao",83
"ofcc",83
"profile",83
"reyna",83
"sloth",83
"3x",83
"brave",83
"desire",83
"dookie",83
"hated",83
"mentality",83
"mmmmmmmmmmmm",83
"noooooooooooooooo",83
"suppression",83
"aaaaaa",83
"sleepin",83
"truly",83
"mature",83
"jasson",83
"siblings",83
"singsmic",83
"tab",83
"camo",83
"clit",83
"facials",83
"gooners",83
"jinx",83
"ned",83
"povs",83
"santea",83
"sga",83
"sickness",83
"thursday",83
"timeline",83
"widespeedstare",83
"header",83
"sleeps",83
"washing",83
"coyote",83
"hid",83
"ale",83
"ykgeo5",83
"hike",83
"kaneki",83
"crutches",83
"kaneljoseph",83
"squash",83
"archery",83
"5'3",82
"aii",82
"brasil",82
"emergency",82
"fireee",82
"juan",82
"shaq",82
"similar",82
"thattt",82
"yayyy",82
"boooooooo",82
"dammmm",82
"dicks",82
"increase",82
"intros",82
"lmfaooooooooooooooooooooooo",82
"process",82
"pullin",82
"sadgecry",82
"states",82
"cuddle",82
"weener",82
"prayer",82
"racists",82
"3am",82
"dosent",82
"statement",82
"3s",82
"51",82
"bois",82
"dunderheads",82
"engineer",82
"highkey",82
"jasonthewheel",82
"mandarin",82
"mon",82
"piggy",82
"sus2",82
"tunes",82
"wojjj",82
"yugi2xslowdown",82
"fourth",82
"jawhnnnn",82
"kob3beef22",82
"market",82
"nbdy1243",82
"pokpikachu",82
"tbjzl",82
"giggleshits",82
"morroco",82
"suspended",82
"ultras",82
"pearly",82
"eze",82
"movieeeeee",82
"santit20yugiyam",82
"firework",82
"corgcheer",82
"2x1",82
"huhhhh",81
"humans",81
"it'll",81
"lmaaoooo",81
"motherfucker",81
"robinson",81
"youtubeee",81
"billion",81
"gawd",81
"melody",81
"pirate",81
"specific",81
"sunglasses",81
"winnable",81
"dates",81
"lice",81
"plain",81
"arena",81
"besh",81
"declined",81
"doable",81
"facetime",81
"fixing",81
"friessss",81
"goldstein",81
"marlin",81
"miserable",81
"nuh",81
"outlaw",81
"penny",81
"rode",81
"shack",81
"spammin",81
"suiiiiiii",81
"timmy",81
"bouncy",81
"sail",81
"stabehypers",81
"studio",81
"swamp",81
"bandwagon",81
"earthday",81
"fc",81
"prop",81
"xenophobia",81
"1v3",81
"planes",81
"chores",81
"itskay11laugh",81
"geeeeg",81
"tsuku",81
"1hr",80
"avg",80
"finale",80
"handles",80
"internal",80
"jebaited",80
"lllllllll",80
"major",80
"physical",80
"clickbait",80
"clubs",80
"crreamawk",80
"ir",80
"shouting",80
"wore",80
"laughs",80
"birds",80
"dudeeeee",80
"image",80
"thin",80
"when's",80
"10x",80
"1sadogre",80
"bend",80
"bub",80
"dadddy",80
"denyayy",80
"despair",80
"goof",80
"ishaananana",80
"jo",80
"joyjxyjoy",80
"justgtz0",80
"jynx",80
"lad",80
"naughty",80
"nikki",80
"oc",80
"scenes",80
"slapping",80
"speakers",80
"the5th8peepogiggles",80
"tiffany",80
"xopxbearzx",80
"ya'll",80
"ze",80
"afk",80
"alk",80
"bathe",80
"goons",80
"nottherealneku",80
"stiff",80
"boarding",80
"folder",80
"nerfed",80
"sparring",80
"laced",80
"ps4",80
"happiest",80
"dadaaaa",80
"fnmongraal",80
"hart",79
"mannnn",79
"pregnant",79
"timeee",79
"bea",79
"booted",79
"eliminate",79
"lesss",79
"liek",79
"majestic",79
"minor",79
"plsssss",79
"smurfing",79
"whattttttt",79
"helped",79
"pays",79
"hamster",79
"j33byabuhabuh",79
"ouuuuuuuu",79
"scrolling",79
"steak",79
"yas",79
"baka",79
"bangggggggg",79
"cmonn",79
"drones",79
"fairss",79
"faith",79
"fitting",79
"further",79
"grabbing",79
"horses",79
"kittylove",79
"partyyyy",79
"perry",79
"trim",79
"weiner",79
"hs",79
"lebronnn",79
"omestare",79
"qualify",79
"yurpdurpi",79
"camerawork",79
"385",79
"pansexualpride",79
"creek",79
"jamier17plantcat",79
"siggler",79
"ballrightttt",79
"53",78
"brooooooooo",78
"doooo",78
"gggs",78
"influence",78
"inner",78
"keeem",78
"larry",78
"llllllllll",78
"aaa",78
"drums",78
"forsure",78
"herr",78
"melting",78
"noww",78
"ripping",78
"7k",78
"climb",78
"aunty",78
"icebox",78
"pending",78
"philippines",78
"18k",78
"aminals",78
"arzu",78
"comparing",78
"fked",78
"horrid",78
"igl",78
"itsjerdz",78
"mantle",78
"powers",78
"predicted",78
"remon",78
"slamming",78
"spare",78
"stabetwerkk",78
"statue",78
"theirs",78
"thinkingshrimp",78
"trauma",78
"tries",78
"tyler1",78
"wipes",78
"helium",78
"rom",78
"spring",78
"tackle",78
"wendys",78
"argentinian",78
"erewhon",78
"footballs",78
"stretching",78
"vini",78
"washington",78
"yur",78
"cardi",78
"emirumarch",78
"terminal",78
"yonnajlove",78
"benjyyyy",78
"sandy",78
"benjys",78
"cranking",78
"revolution",78
"stationary",78
"faxutylul",78
"santit20pulgaz",78
"alpha",77
"ggggggg",77
"hiiiiii",77
"miratoniin",77
"bodies",77
"devour",77
"feature",77
"jas",77
"lala",77
"lmaoaoaoao",77
"lmoa",77
"reel",77
"alienpls3",77
"kawaii",77
"addicted",77
"delicious",77
"develop",77
"dose",77
"jayyyyy",77
"je",77
"joes",77
"nailsing",77
"ntw",77
"oshit",77
"pronounce",77
"revenue",77
"stage1",77
"suddenly",77
"twink",77
"tx",77
"vita",77
"xavier",77
"afternoon",77
"alley",77
"archive",77
"grace",77
"rockoutli",77
"trend",77
"weave",77
"bleu",77
"bronny",77
"data",77
"freed",77
"shown",77
"berry",77
"listentome",77
"mexicat",77
"uav",77
"yonnnaaa",77
"ginge",77
"lewa",77
"lions",77
"kitsounms",77
"rayyyy",77
"mountain",77
"utility",77
"crane",77
"nater",77
"wadrobe",77
"cellbit",77
"oyster",77
"cinnathon",77
"brp",76
"clipp",76
"mah",76
"onnnn",76
"wicked",76
"drawn",76
"expired",76
"heated",76
"okayyyy",76
"sang",76
"likely",76
"ng",76
"snail",76
"cleaner",76
"kink",76
"nowayyyy",76
"prep",76
"snitchin",76
"usss",76
"ana",76
"awp",76
"balrighttttt",76
"bingo",76
"charging",76
"checks",76
"clothing",76
"competitive",76
"guava",76
"larpin",76
"mikal",76
"nami",76
"necessary",76
"propaganda",76
"villager",76
"cade",76
"industry",76
"nipple",76
"cyber",76
"eleven",76
"pointing",76
"soil",76
"windy",76
"anxious",76
"frick",76
"including",76
"unskippable",76
"gravity",76
"mob",76
"jett",76
"kaiccaught",76
"sunscreen",76
"gea",76
"juicyjacob",76
"clicked",75
"dontcarecallyujin",75
"goattttt",75
"halfway",75
"leaveeee",75
"naaah",75
"nahhhhhhhh",75
"nerds",75
"onna",75
"owned",75
"peaceful",75
"pt2",75
"wwwwwwwwwwwwwwwwwwwwwwwwwwwwwww",75
"yooooooooooooooo",75
"2am",75
"angelthump",75
"bruhhhhh",75
"ethan",75
"lmdao",75
"overcooked",75
"rocky",75
"wantep",75
"yiu",75
"herei",75
"oilers",75
"youd",75
"crates",75
"lack",75
"santiago",75
"aah",75
"caps",75
"sliding",75
"strongest",75
"theory",75
"cortis",75
"cussing",75
"itself",75
"wallin",75
"logan",75
"qualified",75
"simulation",75
"fuji",75
"parks",75
"vacuum",75
"blocks",75
"tornado",75
"insurance",75
"jamier17putercat",75
"woowops",75
"sushiwow",75
"gnome",75
"magnifying",75
"bulk",74
"cells",74
"cos",74
"reall",74
"rs",74
"songgg",74
"starter",74
"wwwwwwwwwwwwwwwwwwwwwwwwwwwwwwwwwww",74
"babyj",74
"backflip",74
"bets",74
"crickets",74
"dubbbb",74
"elegant",74
"fellow",74
"lmo",74
"ninjagrumpy",74
"prerecorded",74
"roads",74
"workin",74
"blessing",74
"certain",74
"disgrace",74
"edge",74
"embarrassment",74
"factory",74
"firsttimechatter",74
"gilbert",74
"predator",74
"sharing",74
"thay",74
"anytime",74
"arrow",74
"brokie",74
"chiipots",74
"clipfarm",74
"daddyy",74
"deagle",74
"fame",74
"fineeee",74
"gained",74
"linked",74
"officer",74
"valentine",74
"whenever",74
"wiener",74
"willing",74
"ww5",74
"xkriptox28",74
"adult",74
"bitwate",74
"bundle",74
"duuuude",74
"floors",74
"jab",74
"logged",74
"whooped",74
"70k",74
"safety",74
"kanell",74
"penal",74
"russol1ni",74
"canyon",74
"julie",74
"negativity",74
"panther",74
"indigo",74
"dukee",74
"keen",74
"zaxbys",74
"magnesium",74
"clayface",74
"11111",73
"allowing",73
"bein",73
"hamburger",73
"innnnn",73
"nawww",73
"savage",73
"underground",73
"whaaat",73
"yards",73
"butterflies",73
"koreans",73
"magician",73
"pfp",73
"shouldn't",73
"some1",73
"trained",73
"ygb",73
"700",73
"goinggggg",73
"raiding",73
"tou",73
"banh",73
"mai",73
"anon",73
"bale",73
"cheesing",73
"communicate",73
"correlation",73
"darth",73
"define",73
"ip",73
"medicine",73
"mh",73
"noon",73
"omebru",73
"pretending",73
"secrym",73
"sitter",73
"strikes",73
"subtitles",73
"suiiiiiiiiii",73
"suitcase",73
"trickshot",73
"turret",73
"wakes",73
"werid",73
"widespeedannoyed",73
"yurrrr",73
"adam",73
"cabrones",73
"finee",73
"muj",73
"pz",73
"coo",73
"fahhhh",73
"fffffffff",73
"hunting",73
"onside",73
"answering",73
"emilycc",73
"knut",73
"stamp",73
"medical",73
"calendar",73
"fbcatch",73
"semis",73
"float",73
"dessert",73
"duelist",73
"lacysybau",73
"attic",73
"breaden",73
"plaqueboyhuh",73
"ximena",73
"nmpweird",73
"luhliv1",73
"oval",73
"2008",72
"aot",72
"colour",72
"glock",72
"hahahahahahahaha",72
"headed",72
"holyyyyy",72
"soldier",72
"01",72
"gtfo",72
"keshi",72
"nerf",72
"removed",72
"scuffed",72
"shank",72
"vii",72
"yessssssssss",72
"bg",72
"bert",72
"burb",72
"homeeee",72
"iii",72
"remembers",72
"stays",72
"agahappi",72
"alol",72
"bobirmy",72
"bucke",72
"farted",72
"jazn",72
"loyal",72
"permanent",72
"proper",72
"shhhhhh",72
"voicelines",72
"wrist",72
"dagoatyk313",72
"fin",72
"ilikehaskell",72
"jog",72
"toots",72
"crowded",72
"global",72
"mj21lol",72
"peru",72
"startwave",72
"manny",72
"ooouu",72
"sincere",72
"surfers",72
"jhon",72
"mellow",72
"oak",72
"howdy",72
"hose",72
"darlaclaire",72
"parasite",72
"judeeeee",72
"proto",72
"igloo",72
"hala",71
"hoping",71
"jcole",71
"kendrick",71
"options",71
"smartest",71
"solos",71
"yoooooooooooooo",71
"cryingggg",71
"digging",71
"goooooooooo",71
"passionate",71
"poppin",71
"preciate",71
"sings",71
"talents",71
"tren",71
"unreleased",71
"tick",71
"ybgrock",71
"mamas",71
"reflection",71
"shiesty",71
"could've",71
"load",71
"ra",71
"ram",71
"sens",71
"slayy",71
"smurf",71
"weakest",71
"avatar",71
"brace",71
"brake",71
"dreystro",71
"femboy",71
"friendship",71
"hills",71
"icon",71
"lacyvibe",71
"lesgo",71
"log",71
"passes",71
"pile",71
"rhe",71
"rk",71
"sam",71
"scripts",71
"stun",71
"subject",71
"sued",71
"totally",71
"xolairxv",71
"123",71
"arkyszsob",71
"shin",71
"superior",71
"cruise",71
"dasani",71
"dave",71
"noah",71
"undercover",71
"operation",71
"rageee",71
"stableslapped",71
"ukraine",71
"sonny",71
"translation",71
"2y",71
"adapt2999",71
"beso",71
"buses",71
"fdo",71
"inuyoface",71
"noahiisthebest",71
"deans",71
"berleezy",71
"200c",71
"jschock",71
"dramatic",70
"meeeeeee",70
"omgggggggg",70
"somone",70
"surviving",70
"watcher",70
"ait",70
"casino",70
"eatin",70
"hats",70
"roid",70
"thomas",70
"wayyyyy",70
"witch",70
"enemies",70
"shouted",70
"arkyyyyy",70
"che",70
"clearing",70
"tard",70
"activities",70
"bigbrother",70
"blazer",70
"brings",70
"debloat",70
"defensive",70
"diaper",70
"frl",70
"function",70
"sits",70
"strategic",70
"subbing",70
"sweater",70
"thoo",70
"transfer",70
"trentow1",70
"trigger",70
"wats",70
"looll",70
"vine",70
"209",70
"device",70
"golazo",70
"lagggggg",70
"spoke",70
"billie",70
"blazzen15",70
"drummer",70
"licking",70
"zooms",70
"emirunod",70
"derp3",70
"criticism",70
"maxxxxx",70
"spoit",70
"puedo",70
"buster",70
"charcoal",70
"odyssey",70
"itsbubblespng",70
"agreed",69
"fir",69
"hahahhahaha",69
"lest",69
"momma",69
"tjay",69
"advanced",69
"announcement",69
"ayeeeeee",69
"classss",69
"exorcist",69
"flavor",69
"hellll",69
"ish",69
"microwave",69
"moly",69
"okkk",69
"omggggggggg",69
"russian",69
"shook",69
"whaat",69
"alrdy",69
"cooler",69
"pooki",69
"strem",69
"shipping",69
"courage",69
"filmed",69
"menace",69
"socials",69
"windhurst",69
"2020",69
"324",69
"abandon",69
"aside",69
"chet",69
"critical",69
"emiruvibe",69
"eve",69
"evelyn",69
"flirting",69
"footage",69
"goblin",69
"goldfish",69
"include",69
"information",69
"inventory",69
"iss",69
"jajajaja",69
"larped",69
"minus",69
"mirage",69
"nearly",69
"niceeee",69
"paragraph",69
"parry",69
"parts",69
"soooooo",69
"steamer",69
"ted",69
"trae",69
"blown",69
"fbrun",69
"ghana",69
"graduation",69
"shoulders",69
"tofu",69
"torta",69
"village",69
"assemble",69
"blues",69
"chanting",69
"crown",69
"fing",69
"nepal",69
"rats",69
"20th",69
"beefing",69
"dukes",69
"tfue",69
"gatorade",69
"martinez",69
"mqueen",69
"10th",69
"beds",69
"corea",69
"timbs",69
"batch",69
"taker",69
"nomnom",69
"dooooood",69
"aba",69
"icicle",69
"57",68
"feeding",68
"harassment",68
"lasting",68
"lllllllllll",68
"pleaseeeee",68
"potter",68
"puts",68
"rings",68
"warzone",68
"ayoooooooooo",68
"deliver",68
"dman",68
"frr",68
"impressive",68
"intermission",68
"lollllllllll",68
"nipples",68
"ooooh",68
"quietly",68
"shocked",68
"strict",68
"tahts",68
"teamyujin",68
"trial",68
"wey",68
"yoy",68
"yuhh",68
"begin",68
"resolution",68
"caramel",68
"brb",68
"dansgame",68
"doctors",68
"glizzy",68
"locks",68
"pesos",68
"tablehere",68
"toys",68
"03",68
"alien3",68
"bullets",68
"char",68
"choppy",68
"circles",68
"dickride",68
"eater",68
"elisclap",68
"hoo",68
"jasonnnnnnnnn",68
"lived",68
"macro",68
"manly",68
"mixer",68
"mosquito",68
"object",68
"ocky",68
"opieop",68
"perfectly",68
"program",68
"puerto",68
"resort",68
"ribs",68
"sauna",68
"sensitive",68
"spank",68
"struggle",68
"technique",68
"blinker",68
"connections",68
"dribbling",68
"indoor",68
"kart",68
"looksmadfun",68
"placed",68
"rabbit",68
"resting",68
"yanited",68
"atmosphere",68
"cherki",68
"entitled",68
"grandpa",68
"hangout",68
"larppppp",68
"panama",68
"patrick",68
"portuguese",68
"scoreboard",68
"tennis",68
"tre",68
"adddd",68
"anis",68
"dukeeee",68
"nypd",68
"lite",68
"messifan123",68
"englanddddd",68
"ronaldooo",68
"rachelle",68
"dontaislowdown",68
"raccattack",68
"leopard",68
"daveon",68
"benjyc3wbenjy",68
"ayooooooooooo",67
"boundaries",67
"burrito",67
"cappin",67
"halloween",67
"laps",67
"lmaoooooooooooooooooooo",67
"mas",67
"timeeee",67
"xaryt",67
"08",67
"adopt",67
"automatic",67
"dumass",67
"hostile",67
"law",67
"nowadays",67
"ode",67
"stg",67
"stil",67
"strea",67
"thatt",67
"thou",67
"timee",67
"ybggggg",67
"youuuuuu",67
"hw",67
"ui",67
"yeaaaaa",67
"disqualified",67
"flopper",67
"hispanic",67
"lesbian",67
"lmaaoo",67
"relate",67
"23teen",67
"30teen",67
"banging",67
"clan",67
"deadasss",67
"dez",67
"focusssss",67
"gass",67
"hypelurk",67
"infantino",67
"liking",67
"mijooo",67
"nevermind",67
"ofn",67
"platinum",67
"prices",67
"sajjj",67
"sprint",67
"tg",67
"thooo",67
"tryin",67
"fineeeee",67
"siuuu",67
"thousand",67
"argentinians",67
"cybertruck",67
"10am",67
"barefoot",67
"batteries",67
"quiver",67
"estonia",67
"takeoff",67
"stabefat",67
"greece",67
"376",67
"stove",67
"commute",67
"badd",66
"belong",66
"heyyyyyy",66
"kd",66
"logic",66
"loook",66
"menu",66
"notis",66
"presentation",66
"puke",66
"shall",66
"voted",66
"yee",66
"egoist",66
"fabulous",66
"fallcry",66
"lagged",66
"mookbang",66
"presence",66
"river",66
"ronny",66
"seven",66
"single",66
"wtffffffff",66
"bearrrr",66
"paradise",66
"reaper",66
"shawty",66
"coreee",66
"yappin",66
"250k",66
"bor",66
"choosing",66
"patched",66
"pavement",66
"selfish",66
"whay",66
"3pm",66
"9fvs",66
"aaaaaaa",66
"almond",66
"brainrot",66
"bullet",66
"buzzwords",66
"communication",66
"coz",66
"cursing",66
"elon",66
"glowing",66
"growth",66
"inspire",66
"meanwhile",66
"necco",66
"ohshi",66
"shield",66
"shiiiiiii",66
"smhsteven",66
"sonnnnnn",66
"tai",66
"warwick",66
"adsss",66
"duty",66
"lacyyyyy",66
"moggeddd",66
"smol",66
"writer",66
"bev",66
"deadzone",66
"insider",66
"nosebleeds",66
"russia",66
"shiny",66
"vamoss",66
"expose",66
"intelligence",66
"kevinturtle",66
"marker",66
"sunnybun",66
"yoona",66
"2pm",66
"dove",66
"blime",66
"soggy",66
"iam",66
"alligator",66
"solar",66
"nylon",66
"bree",66
"jaquez",66
"cubert",66
"realka58tongue",66
"residentevilalrightttttt",66
"aus",65
"cheerwhal1",65
"ggss",65
"horrendous",65
"midget",65
"boner",65
"booooooooo",65
"boooooooooo",65
"brudda",65
"comon",65
"copying",65
"dayummm",65
"fooled",65
"herrrr",65
"neighbors",65
"ohhhhhhh",65
"overheating",65
"realistic",65
"santiii",65
"songg",65
"thus",65
"tiktoker",65
"wwwwwwwwwwwwwwwwwwwwwwwwwwwwwwwwww",65
"yuhhhh",65
"zzzzzzzzzzzzz",65
"chatttt",65
"scourgeyjam",65
"stock",65
"shorty",65
"5'4",65
"botted",65
"cakebear",65
"covered",65
"diabolical",65
"drooling",65
"gene",65
"jawline",65
"adri4nfr",65
"allen",65
"cell",65
"cleanse",65
"degree",65
"disciple",65
"examine",65
"extend",65
"holf",65
"marks",65
"mijoo",65
"nitrate",65
"rebound",65
"significantly",65
"smelling",65
"smoker",65
"stabe4k",65
"subscribers",65
"ufc",65
"vronsskyy",65
"wears",65
"widegulp",65
"224",65
"bark",65
"brutalized",65
"duuuuude",65
"facial",65
"outs",65
"rows",65
"slurs",65
"thumb",65
"9h1fay",65
"bin",65
"chile",65
"dawn",65
"exemsturdy",65
"fugawi",65
"native",65
"neves",65
"nosiirsideeye",65
"perspective",65
"realka58happy",65
"sk",65
"yamfam45",65
"freakinstinkin",65
"mattress",65
"spawning",65
"jogging",65
"tooth",65
"duuude",65
"fig",65
"caponegreen",65
"progress",65
"hookah",65
"pimples",65
"bravery",65
"halt",65
"kiara",65
"actualy",64
"dyin",64
"fasho",64
"filler",64
"immune",64
"koncha",64
"leaveee",64
"lmfaoooooooooooooooooooooooo",64
"mcdonald",64
"noted",64
"tierlist",64
"adorable",64
"ayyyyyyyyyy",64
"choker",64
"dissing",64
"iced",64
"idol",64
"kilt",64
"listened",64
"lolllllllllll",64
"peaking",64
"plssssss",64
"thinkin",64
"tricks",64
"dif",64
"epal",64
"follows",64
"parent",64
"salary",64
"spammed",64
"3000",64
"3060",64
"81",64
"flood",64
"lmfoaooo",64
"loyalty",64
"rtttt",64
"woow",64
"yusef",64
"zip",64
"attend",64
"backs",64
"believed",64
"cab",64
"chamber",64
"choped",64
"clipper",64
"clockit",64
"crypto",64
"definition",64
"faked",64
"fatigue",64
"lessons",64
"maid",64
"nmslg",64
"owwwww",64
"plead",64
"rol",64
"santikuno",64
"sexual",64
"zach",64
"80k",64
"chapters",64
"customer",64
"divas",64
"dutch",64
"homeeeee",64
"inter",64
"luu",64
"mexicoooooo",64
"sack",64
"slim",64
"waybre1floss",64
"wolffein",64
"adopted",64
"campfire",64
"disrespecting",64
"mist",64
"moviee",64
"quan",64
"gt1jinkz55643",64
"poured",64
"stabepolarbear",64
"wider",64
"penguin",64
"ramp",64
"toothpaste",64
"uncs",64
"canal",64
"intelligent",64
"aceakeayo",64
"bikes",64
"instigate",64
"wheeling",64
"dadaaa",64
"drowning",64
"jynxzivapebreak",64
"cypher",64
"roomates",64
"trivia",64
"cramp",64
"judeee",64
"benjyy",64
"divaaaaa",64
"romaxabaile",64
"badddd",63
"cryinggg",63
"embarassing",63
"frrr",63
"goatt",63
"panicbasket",63
"patty",63
"uuuuu",63
"worldcup",63
"wwwwwwwwwwwwwwwwwwwwwwwwwwwwwwwwwwwwwwww",63
"243",63
"bound",63
"boyz",63
"exquisite",63
"getback",63
"glee",63
"innit",63
"laughin",63
"moreee",63
"nigerian",63
"nowwww",63
"panicvis",63
"producer",63
"sellin",63
"strange",63
"ulting",63
"vv",63
"waytoodank",63
"woahhhhh",63
"wwwwwwwwwwwwwwwwwwwwwwwwwwwwwwwwwwwwwwwwwwwwwwww",63
"grats",63
"rotation",63
"dreads",63
"gojo",63
"remeber",63
"rushing",63
"aon",63
"bond",63
"cina",63
"comeon",63
"dnt",63
"ducked",63
"eventually",63
"firsttimechatta",63
"g1",63
"gong",63
"halo",63
"harvest",63
"hedge",63
"impractical",63
"lockers",63
"lwky",63
"marlonsaj",63
"mason",63
"mizkif",63
"opens",63
"osn",63
"overconfident",63
"pros",63
"pupusas4",63
"they'll",63
"toks",63
"traitor",63
"triumph",63
"trucks",63
"waiter",63
"widespeedlaugh2",63
"woop",63
"yaboithemonkey",63
"yugi2xlaugh",63
"clippers",63
"cuteee",63
"fairsss",63
"jden13",63
"mcben",63
"moggedd",63
"nepotism",63
"gorgeous",63
"napkin",63
"res",63
"securing",63
"signal",63
"slightly",63
"306",63
"quicker",63
"rime",63
"staberizz",63
"heading",63
"1440p",63
"flacko",63
"noflex",63
"ava",63
"dlou",63
"shaggy",63
"otk",63
"tarot",63
"tryout",63
"zavala",63
"185",63
"gregging",63
"acceleration",63
"tutor",63
"freejtw",63
"bigmonsterbaws",63
"150k",62
"ahahahahaha",62
"biting",62
"chicago",62
"convos",62
"doot",62
"impression",62
"lmfso",62
"nas",62
"stfuuu",62
"yao",62
"baa",62
"coook",62
"elementary",62
"lazerboy",62
"peek",62
"pondering",62
"scratch",62
"somethin",62
"updated",62
"inspiration",62
"beabadoobee",62
"convince",62
"doggy",62
"obese",62
"reporting",62
"touches",62
"wining",62
"wowwwwww",62
"2021",62
"andre",62
"bonnet",62
"curious",62
"dudeeeeee",62
"hundred",62
"improvement",62
"janice",62
"kappaross",62
"kidnap",62
"layer",62
"mercy",62
"omds",62
"vamo",62
"attendance",62
"bees",62
"brutally",62
"cotton",62
"curve",62
"hairy",62
"nets",62
"pizzatime",62
"rhythm",62
"versus",62
"beers",62
"cloudy",62
"flopping",62
"goalllllllllllll",62
"nuno",62
"sideways",62
"tio",62
"usaaaa",62
"baking",62
"comparison",62
"fallen",62
"fanumm",62
"parked",62
"qtt",62
"w10",62
"yonnnaaaa",62
"ladybug",62
"adjust",62
"rooney",62
"bisexualpride",62
"thicker",62
"comprar",62
"terrain",62
"suhmiee",62
"dusting",62
"crep",62
"ducks",61
"flipping",61
"folding",61
"inspirational",61
"wwwwwwwwwwwwwwwwwwwwwwwwwwwwwwwwwwww",61
"beano",61
"cao",61
"crocodile",61
"howd",61
"leash",61
"lmfai",61
"overhype",61
"bestie",61
"strean",61
"w's",61
"bitchass",61
"cookout",61
"aaaaaaaa",61
"dafuq",61
"ofccc",61
"reminder",61
"thee",61
"wooow",61
"hg",61
"affluentair",61
"balling",61
"balll",61
"bodyguard",61
"broom",61
"cave",61
"deadas",61
"herehego2",61
"lid",61
"mild",61
"momentum",61
"mord",61
"ooooooooooooo",61
"pills",61
"retirement",61
"rolled",61
"route",61
"secure",61
"sons",61
"tapping",61
"tf2john",61
"warmup",61
"wrestling",61
"yams",61
"yung",61
"camel",61
"twitchraid",61
"underhand",61
"lg",61
"pointed",61
"tube",61
"entry",61
"ids",61
"ranisan",61
"fatter",61
"silkyslowdown",61
"puff",61
"flour",61
"khusanov",61
"cuff",61
"baton",61
"drift",61
"transport",61
"troop",61
"alpine",61
"mammal",61
"mar3lgmarhype",61
"ambulance",60
"assssss",60
"bro's",60
"eaten",60
"fosho",60
"gi",60
"glide",60
"puh",60
"starving",60
"damnnnnnnn",60
"girlll",60
"melodical",60
"ouuuuuuuuu",60
"platform",60
"primz",60
"upppppp",60
"wen",60
"gramps",60
"naww",60
"combine",60
"fuc",60
"glitching",60
"authority",60
"bills",60
"celebrity",60
"chanel",60
"client",60
"clipfarming",60
"cloth",60
"cosmetic",60
"crampywampy",60
"dragged",60
"explaining",60
"federal",60
"giggles",60
"joymei",60
"mam",60
"nosy",60
"olive",60
"phase",60
"plaqueboy",60
"plaqueboysad",60
"reaching",60
"rune",60
"sykuno",60
"thousands",60
"mint",60
"ouh",60
"philly",60
"sobbb",60
"whine",60
"yonnaaaaaa",60
"2s",60
"caralho",60
"chiefqief",60
"enciso",60
"manual",60
"pit",60
"spanked",60
"beyond",60
"camper",60
"couragethebastardly",60
"darker",60
"strap",60
"thye",60
"vampire",60
"reffff",60
"sammiss",60
"planner",60
"revive",60
"summit",60
"clapper",60
"sf",60
"jajajason",60
"sprinter",60
"bartenders",60
"etaaa",60
"noemi",60
"received",60
"yukon",60
"cooperation",60
"keeoh",60
"compete",59
"doomed",59
"eric",59
"ethnicity",59
"ewwwwwwwwwwwwww",59
"finest",59
"melt",59
"reported",59
"righttt",59
"shat",59
"wwwwwwwwwwwwwwwwwwwwwwwwwwwwwwwwwwwwwww",59
"yeee",59
"02",59
"ba's",59
"daylight",59
"invest",59
"matt",59
"nooooooooooooooooo",59
"npcs",59
"pipe",59
"radical",59
"reserve",59
"rng",59
"roast",59
"roza",59
"secretly",59
"spammers",59
"tomatoes",59
"underage",59
"yujini",59
"yujinnnnnnn",59
"officially",59
"buncha",59
"jasonnnnnnnn",59
"ph",59
"rinse",59
"confirm",59
"devin",59
"gawk",59
"intention",59
"mochi",59
"outtttt",59
"schools",59
"321",59
"argument",59
"bangladesh",59
"brxhmxment",59
"clowns",59
"coaching",59
"dickriding",59
"encourage",59
"farts",59
"fofa",59
"infected",59
"invented",59
"jewish",59
"letters",59
"litt",59
"lols",59
"nicee",59
"probs",59
"promised",59
"retweet",59
"rookie",59
"runner",59
"scrub",59
"speed1",59
"spike",59
"understanding",59
"weddit",59
"weeeee",59
"blowin",59
"creeatkekwalk",59
"haunted",59
"mls",59
"mossad",59
"plank",59
"posture",59
"rink",59
"speeding",59
"steel",59
"swaggy",59
"unlock",59
"vaper",59
"bicycle",59
"hypepopcorn",59
"interacting",59
"kaiiiii",59
"marlonnnnn",59
"maui",59
"jtc",59
"discovered",59
"chargers",59
"column",59
"rimowa",59
"miku",59
"chimney",59
"homer",59
"roar",59
"ffunkkeyy",59
"enhance",59
"initiate",59
"lydia",59
"bah",58
"champagne",58
"george",58
"gyatt",58
"icecream",58
"lmaoaoaoaoa",58
"ordered",58
"sb",58
"tooooo",58
"yujinnn",58
"blushing",58
"classy",58
"dye",58
"emotion",58
"expecting",58
"females",58
"lmfaoaoaoao",58
"nature",58
"journey",58
"wdf",58
"himmmmm",58
"der",58
"heels",58
"igu",58
"nb",58
"winter",58
"ybggo",58
"accounts",58
"ants",58
"aza",58
"bleh",58
"brian",58
"deli",58
"exchange",58
"fuhhh",58
"helppp",58
"hunters",58
"matchup",58
"musk",58
"nett",58
"omaaa",58
"oushit",58
"outfits",58
"posts",58
"puppy",58
"rack",58
"reallymad",58
"rental",58
"saint",58
"skull",58
"smallest",58
"switches",58
"vinnie",58
"waist",58
"widejasonwalk",58
"county",58
"gooned",58
"jorbo",58
"lara",58
"replacement",58
"cominggggg",58
"edgars",58
"lizo",58
"papers",58
"shaky",58
"spinach",58
"asks",58
"benny",58
"haskelllllll",58
"pol",58
"jobless",58
"canelo",58
"contrast",58
"suiiiiiiii",58
"intentional",58
"jaguar",58
"hawking",58
"jasonthecrumb",58
"med",58
"zugoi",58
"poool",58
"fanummmm",58
"innovate",58
"katana",58
"sukiiii",58
"chatterboxgiggle",58
"crumb7n",58
"danger",57
"deez",57
"eminem",57
"lmaooooooooooooooooooooo",57
"madge",57
"omd",57
"sry",57
"tutorial",57
"yayy",57
"alike",57
"charm",57
"cr",57
"doit",57
"flames",57
"gango",57
"lacking",57
"olympics",57
"pisses",57
"raised",57
"suburbs",57
"thailand",57
"ting",57
"weww",57
"whyyy",57
"cappppp",57
"omgggggggggg",57
"10min",57
"breeze",57
"decade",57
"dere",57
"disagree",57
"meals",57
"okg",57
"squid",57
"asfff",57
"capybara",57
"jokers",57
"kissing",57
"mainstream",57
"managers",57
"moth",57
"pff",57
"portal",57
"premier",57
"randomkids",57
"released",57
"riceman",57
"sneaky",57
"sophie",57
"spreading",57
"stoppppp",57
"sweats",57
"tale",57
"unethical",57
"vitaac",57
"w2b",57
"weakass",57
"widespeedwoah",57
"wolf",57
"aspire",57
"caused",57
"coree",57
"dinosaur",57
"elislove",57
"fixable",57
"luuuu",57
"nugget",57
"pft",57
"raul",57
"scotland",57
"silkyyyyy",57
"spill",57
"tags",57
"theyll",57
"direction",57
"iceland",57
"leon",57
"pinkmercy",57
"rig",57
"suspect",57
"7oppihkrad",57
"apps",57
"dint",57
"groupchat",57
"sponge",57
"tmtdk",57
"nazis",57
"zap",57
"albania",57
"classroom",57
"delight",57
"pear",57
"sunnys",57
"freeeee",57
"standings",57
"elisdespair",57
"equipment",57
"beatles",57
"tiktards",57
"tarayummy",57
"ddgs",57
"saffari",57
"perennial",57
"warrant",57
"ripzy",57
"suhmie",57
"traivs",57
"realka58girlscangame",57
"breach",56
"dougie",56
"ewwwwwwwwwwwwwww",56
"funeral",56
"gggggggg",56
"intense",56
"lamooo",56
"oouuuu",56
"punk",56
"simp",56
"terrified",56
"tge",56
"whoo",56
"youngb137bounce",56
"youngb137dance",56
"ahahahahahah",56
"ahhhhhhhh",56
"bruuu",56
"deck",56
"lmfaooooooooooooooooooooooooooo",56
"looooooooooooool",56
"n3on",56
"oven",56
"rafael",56
"strays",56
"taxes",56
"vocal",56
"zzzzzzzzzzzzzz",56
"jasonw",56
"buck",56
"guessed",56
"landon",56
"reacted",56
"yello",56
"2014",56
"4pm",56
"7am",56
"authentic",56
"boyyyy",56
"cast",56
"graduated",56
"helpp",56
"jamie",56
"kate",56
"omedwerk",56
"ona",56
"ours",56
"pedro",56
"pockets",56
"prevail",56
"senpai",56
"shang",56
"shitter",56
"stimming",56
"tk",56
"trout",56
"watchparties",56
"wil",56
"yasuo",56
"compilation",56
"construction",56
"hellcat",56
"insufferable",56
"nchocano",56
"ronnnnnn",56
"tickle",56
"analysis",56
"booing",56
"bothering",56
"englandd",56
"formation",56
"laro",56
"performed",56
"rayasigoddid",56
"captions",56
"ezee",56
"hoopify",56
"joseph",56
"kanels",56
"dictionary",56
"pedri",56
"poseidon",56
"ubers",56
"cleaned",56
"gather",56
"certainly",56
"halaand",56
"lowlights",56
"premium",56
"rxchelle10",56
"boats",56
"happier",56
"mugshot",56
"kefe",56
"ple",56
"jayshock",56
"sukiii",56
"cantaloupe",56
"interpret",56
"rabona",56
"4x",55
"adss",55
"bombs",55
"crackhead",55
"devious",55
"gangy",55
"gigachad",55
"glazer",55
"hush",55
"lololololol",55
"missin",55
"offfff",55
"traps",55
"yayyyy",55
"100000",55
"acts",55
"bipolar",55
"gaslight",55
"itsss",55
"jjj",55
"netflix",55
"pianist",55
"raidd",55
"records",55
"sussy",55
"waves",55
"boiii",55
"edward217hyped",55
"eewwww",55
"alms",55
"breakout",55
"firing",55
"lasted",55
"lmfoaoo",55
"mothly",55
"ds",55
"glorifycameron",55
"homee",55
"smd",55
"territory",55
"threads",55
"visa",55
"1hp",55
"3d",55
"bandage",55
"canon",55
"capaholics",55
"cloutifiedzaid",55
"commentary",55
"dos",55
"ekkochest",55
"exists",55
"instigating",55
"lolk",55
"pos",55
"sierra",55
"slicky",55
"smelly",55
"snd",55
"surrender",55
"tactical",55
"unfairs",55
"zzzzzzzzzzzzzzz",55
"humanity",55
"kore",55
"messis",55
"newman",55
"pbmmm",55
"peanuts",55
"porto",55
"sadbullah",55
"silky's",55
"springs",55
"taway",55
"tile",55
"wana",55
"anchor",55
"dansi",55
"fouls",55
"ka",55
"political",55
"ream",55
"results",55
"samurai",55
"thier",55
"tunisia",55
"wallah",55
"barricade",55
"jdub",55
"romanarmy45",55
"ry",55
"structure",55
"wtv",55
"cursedartz",55
"hive",55
"softer",55
"gel",55
"alba",55
"joshtwoh",55
"toll",55
"cabinet",55
"fu0dq5cqysgtprnl",55
"thoughtfulreliablegarlicdxcat",55
"dubbbbb",55
"alumini",55
"lense",55
"scouting",55
"compass",55
"elyssa",55
"pokémon",55
"canopy",55
"chough",55
"huckleberry",55
"neggy",55
"venture",55
"rayasibrick",55
"jasontween",55
"au",54
"dayumm",54
"gh",54
"immortal",54
"kisss",54
"material",54
"royale",54
"tire",54
"weirddd",54
"22222",54
"askin",54
"bdeodeo",54
"canned",54
"comedian",54
"disappeared",54
"downnn",54
"how's",54
"hu",54
"jasoon",54
"jjk",54
"judging",54
"knight",54
"latina",54
"lmfaop",54
"noice",54
"rapping",54
"santii",54
"sounding",54
"hahha",54
"hiiiiiii",54
"nj",54
"listenerstell",54
"wine",54
"18th",54
"juicer",54
"military",54
"sizes",54
"tahn",54
"toddler",54
"5s",54
"assault",54
"bla",54
"caring",54
"consider",54
"devastated",54
"divaa",54
"dodged",54
"een",54
"fahh",54
"finds",54
"friesssss",54
"ggz",54
"gluetime",54
"grabbed",54
"greed",54
"hometown",54
"idf",54
"ki",54
"lambo",54
"lawn",54
"management",54
"maze",54
"mma",54
"mvgame",54
"onb",54
"reman0908",54
"ruby",54
"sonnybun",54
"source",54
"stabemelatonin",54
"sticks",54
"temp",54
"terms",54
"vanish",54
"wiw",54
"yayaaa778",54
"bunnies",54
"design",54
"drool2",54
"embrace",54
"fakedemon",54
"jones",54
"lamelo",54
"promotion",54
"trainer",54
"arabic",54
"bruu",54
"causing",54
"deadly",54
"fiance",54
"grasslord",54
"ibai",54
"limo",54
"marlonsob",54
"nerdy",54
"plenty",54
"population",54
"yasss",54
"adapttt",54
"degrees",54
"excepted",54
"lags",54
"pep",54
"posters",54
"qttt",54
"saucekill",54
"shoved",54
"titles",54
"alc",54
"chinatown",54
"joao",54
"screens",54
"coordination",54
"holidaypresent",54
"concept",54
"gallery",54
"pad",54
"pine",54
"bmr",54
"tsa",54
"turbulence",54
"ozempic",54
"trope",54
"zoi",54
"madiii",54
"newlyregen",54
"ladders",54
"storyo27laughing",54
"adssss",53
"artists",53
"basil",53
"bich",53
"hahhaha",53
"hereeeee",53
"listens",53
"ruins",53
"beanie",53
"bloody",53
"didint",53
"disconnect",53
"draco",53
"firee",53
"laggin",53
"nahhhhhhhhh",53
"nowwwww",53
"plzzz",53
"replying",53
"sample",53
"sheets",53
"teleported",53
"tfff",53
"undefeated",53
"wewww",53
"csgo",53
"greatness",53
"impact",53
"maaa",53
"pimp",53
"recruiting",53
"uhmmmm",53
"24k",53
"330",53
"blade",53
"bridges",53
"cbeaver",53
"craziest",53
"creating",53
"desperate",53
"destiny",53
"f'd",53
"ghosting",53
"hers",53
"highest",53
"hollonnn",53
"monsters",53
"muslim",53
"nikgstlaugh",53
"ohne",53
"pishposh17",53
"props",53
"quarters",53
"rocking",53
"separate",53
"speedlaugh2",53
"suppyduppyy",53
"term",53
"thissss",53
"wok",53
"wreck",53
"213",53
"bahahaha",53
"benn",53
"capital",53
"dribbles",53
"ireland",53
"lalala",53
"mayor",53
"missile",53
"wrath",53
"bruise",53
"campaign",53
"juve",53
"nada",53
"pelon",53
"siuuuuuuuu",53
"vitinha",53
"archy",53
"bobby",53
"boii",53
"cameramans",53
"chapstick",53
"demonn",53
"gesture",53
"markus",53
"puddle",53
"sacrifice",53
"sah",53
"beservk",53
"haland",53
"wsppp",53
"exited",53
"njzjam",53
"advertise",53
"madii",53
"alumnis",53
"cinna8head",53
"gregg",53
"raving",53
"benjiii",53
"pancho",53
"trove",53
"wartime",53
"90s",52
"999",52
"acid",52
"donttt",52
"local",52
"mcrib",52
"quiz",52
"ross",52
"ughhh",52
"waddup",52
"yunjin",52
"bas",52
"folks",52
"fuckkkkkk",52
"goooooooooooo",52
"innnnnn",52
"ittttttt",52
"lollllllllllll",52
"micro",52
"shed",52
"sss",52
"uhoh",52
"verga",52
"waitt",52
"walkin",52
"yujinnnnn",52
"grinder",52
"inspired",52
"pookii",52
"uou",52
"attitude",52
"hed",52
"pixel",52
"gett",52
"ybgs",52
"blows",52
"cent",52
"danm",52
"diffrent",52
"egoo",52
"embarass",52
"fuhh",52
"ger",52
"holdddddd",52
"improving",52
"interviews",52
"lawsuit",52
"liv",52
"liveee",52
"londonese",52
"oke",52
"oushi",52
"related",52
"smarter",52
"snapchat",52
"technology",52
"voiceline",52
"woohoo",52
"yahya",52
"armpits",52
"burpgod",52
"crimson",52
"incels",52
"justhenry1",52
"mush",52
"segement",52
"sml",52
"tulip",52
"vehicle",52
"auraaaaaa",52
"badka00",52
"bayern",52
"evening",52
"guests",52
"midfield",52
"ocsc",52
"vamossssss",52
"aisle",52
"camra",52
"dee",52
"diamonds",52
"minglee",52
"staysquiet",52
"uncleceycey",52
"hamzaaa721",52
"hurrry",52
"isak",52
"tvus",52
"druskidance",52
"escort",52
"jota",52
