"word","frequency"
"om",162940
"the",136456
"a",92819
"is",91685
"you",74505
"ww",67258
"to",65845
"i",60116
"it",58345
"o",43175
"in",43142
"this",40729
"for",40055
"and",39568
"that",39437
"he",37983
"ludwig",33251
"on",32497
"so",30950
"of",30829
"no",29789
"lol",27552
"oooo",25996
"lo",25944
"was",25878
"what",25764
"not",25761
"w",25629
"o7",25041
"with",24313
"just",23758
"are",23487
"like",22859
"bro",22617
"go",22484
"mhm",21458
"be",21265
"at",19701
"1",19313
"they",18915
"do",18862
"subscribed",18684
"good",18560
"its",18353
"lud",18225
"your",17551
"have",17066
"can",16638
"we",16559
"get",16320
"aga",16180
"my",15815
"game",15374
"lmao",15298
"u",14971
"gg",14458
"all",14207
"2",13784
"s",13650
"up",13184
"did",13119
"but",13097
"cinema",12938
"prime",12757
"one",12739
"why",12538
"how",12504
"https",12497
"3",12424
"if",12306
"yes",12228
"his",11965
"got",11951
"out",11929
"him",11522
"oh",11455
"jah",11260
"bang",11139
"me",10839
"lul",10665
"time",10273
"hes",10172
"chat",9952
"there",9689
"too",9660
"hold",9609
"watch",9505
"from",9264
"caught",9244
"now",9124
"loll",8975
"more",8858
"she",8768
"stream",8659
"man",8617
"yeah",8584
"thats",8574
"jackass",8482
"it's",8434
"l",8420
"who",8398
"um",8397
"d",8357
"or",8326
"games",8303
"back",8146
"shit",8123
"when",8097
"streamer",8094
"guy",8058
"has",8042
"think",7956
"would",7795
"here",7789
"about",7776
"tim",7768
"an",7762
"im",7747
"holy",7739
"ludwigprimecheck",7700
"t",7624
"clappi",7600
"dont",7530
"as",7500
"ez",7467
"omgbruh",7313
"months",7286
"they've",7258
"saj",7109
"play",7032
"gonna",7017
"oop",6952
"agahi",6890
"icant",6852
"flirt",6808
"know",6752
"right",6696
"bad",6612
"damn",6592
"nooo",6565
"crazy",6502
"see",6482
"streak",6477
"them",6460
"way",6433
"class",6386
"tier",6354
"5",6269
"lets",6247
"sure",6205
"does",6125
"need",6125
"team",6091
"love",6029
"her",6017
"people",5977
"classic",5929
"still",5874
"liam",5861
"will",5852
"ur",5850
"ll",5846
"better",5842
"monka",5764
"10",5735
"wait",5651
"professor",5562
"make",5539
"twitch",5516
"going",5467
"wtf",5448
"real",5382
"hi",5377
"should",5366
"only",5344
"4",5343
"he's",5298
"first",5269
"discord",5207
"big",5196
"huh",5165
"true",5128
"aura",5046
"omg",5023
"fuck",4941
"waiguoren",4937
"even",4919
"super",4919
"been",4909
"some",4906
"ass",4804
"watched",4798
"win",4797
"best",4773
"said",4758
"letsgo",4722
"actually",4720
"nice",4705
"off",4704
"f",4683
"streams",4667
"much",4663
"goat",4653
"where",4627
"liamkcheer",4553
"look",4508
"bracket",4506
"by",4493
"say",4483
"really",4439
"yo",4345
"sub",4330
"tho",4324
"combo",4314
"squeex",4306
"that's",4281
"qt",4263
"doing",4261
"dude",4225
"ok",4191
"usa",4188
"luddy",4186
"month",4181
"67",4172
"then",4161
"drama",4137
"maya",4132
"than",4094
"were",4089
"please",4081
"never",4078
"looks",4075
"new",4049
"thanos",3993
"down",3954
"again",3945
"joe",3914
"great",3905
"don't",3855
"sparked",3823
"nah",3822
"take",3822
"consecutive",3821
"had",3796
"day",3758
"same",3757
"8",3740
"other",3715
"check",3694
"7",3687
"over",3682
"cant",3668
"playing",3661
"old",3659
"well",3649
"jason",3635
"i'm",3623
"gotta",3584
"ad",3581
"could",3564
"want",3518
"video",3463
"streamergames",3462
"god",3458
"fucking",3441
"0",3433
"us",3430
"year",3424
"cam",3423
"ogo",3386
"last",3384
"after",3362
"xdd",3352
"getting",3334
"6",3321
"cool",3316
"wow",3300
"guys",3277
"before",3248
"clap",3227
"btw",3225
"www",3211
"let",3192
"boys",3144
"every",3119
"you're",3113
"baba",3108
"gifted",3089
"already",3087
"maybe",3085
"run",3083
"next",3069
"these",3068
"free",3061
"didnt",3041
"hit",3039
"today",3033
"clip",3006
"ewww",3004
"supertf",2969
"com",2966
"join",2964
"call",2962
"mean",2924
"hard",2920
"feiiinn",2909
"everyone",2880
"someone",2880
"life",2878
"give",2872
"years",2871
"also",2870
"amazon",2864
"being",2864
"their",2863
"yep",2847
"lmfao",2817
"m",2817
"kinda",2813
"ron",2813
"rae",2793
"listening",2787
"content",2761
"fun",2760
"put",2756
"show",2749
"slime",2710
"thing",2708
"sus",2703
"many",2691
"thought",2687
"watching",2685
"card",2678
"start",2670
"we're",2668
"nat",2660
"canada",2653
"feinberg",2622
"stop",2617
"pog",2602
"long",2598
"hesright",2593
"wrong",2592
"come",2579
"youtube",2578
"aware",2573
"congrats",2554
"3x",2553
"evo",2544
"twitchconhype",2540
"currently",2537
"girl",2535
"hax",2532
"work",2528
"bruh",2525
"always",2517
"nails",2505
"made",2497
"yea",2477
"money",2467
"lmaoo",2459
"bibi",2457
"world",2440
"because",2421
"insane",2416
"streameru2026",2410
"bye",2403
"official",2400
"2026",2398
"hell",2394
"points",2392
"9",2390
"hey",2377
"into",2373
"nt",2373
"left",2367
"tell",2363
"though",2354
"live",2350
"tickets",2347
"ai",2330
"100",2327
"keep",2314
"fslr",2287
"use",2285
"might",2280
"waiting",2275
"kill",2273
"name",2272
"waga",2271
"30",2263
"ball",2253
"something",2247
"top",2246
"am",2241
"fire",2240
"notlikethis",2229
"whats",2227
"dead",2220
"ever",2218
"those",2213
"lock",2196
"okay",2191
"funny",2189
"literally",2184
"event",2175
"rn",2175
"keys",2168
"omegalul",2167
"very",2159
"aaaa",2158
"bit",2146
"mcsr",2146
"needs",2145
"any",2126
"fine",2126
"making",2115
"lmaooo",2113
"letsfuckinggo",2102
"20",2084
"rip",2046
"pretty",2045
"cooked",2044
"each",2043
"lost",2041
"red",2041
"lot",2040
"france",2040
"feel",2036
"yt",2004
"geeg",2000
"ads",1993
"teacher",1989
"won",1988
"brother",1985
"uk",1984
"try",1982
"player",1980
"voice",1978
"can't",1970
"league",1966
"fr",1939
"saying",1931
"don",1930
"french",1926
"prof",1924
"youre",1923
"most",1922
"hear",1917
"vs",1917
"pogchamp",1915
"went",1905
"re",1900
"probably",1897
"soup",1893
"b",1891
"doesnt",1884
"point",1883
"transgenderpride",1882
"learn",1873
"close",1855
"mods",1854
"kai",1849
"kid",1846
"empress",1841
"based",1824
"la",1809
"pls",1805
"thank",1792
"sadge",1787
"psa",1783
"didn't",1776
"late",1775
"lacy",1767
"mr",1766
"bart",1749
"different",1731
"rivals",1730
"var",1730
"looking",1718
"sounds",1714
"worldwide",1712
"tim64",1711
"end",1710
"isnt",1709
"fair",1704
"ban",1698
"both",1688
"streamers",1681
"help",1677
"dinodance",1674
"thanks",1671
"little",1668
"lookup",1663
"whole",1660
"talking",1658
"played",1654
"unc",1654
"li",1650
"ask",1648
"idk",1643
"fein",1641
"realka58shocked",1641
"makes",1626
"hours",1623
"agent",1621
"high",1618
"another",1611
"wwww",1610
"arky",1608
"yet",1604
"eek",1603
"hello",1599
"such",1599
"hate",1592
"mic",1592
"viewer",1575
"mexico",1573
"connor",1563
"music",1563
"minecraft",1562
"wade",1559
"beat",1551
"done",1551
"lowkey",1551
"players",1548
"pete",1547
"peak",1544
"sauce",1540
"shirt",1536
"green",1533
"nothing",1531
"boy",1527
"secret",1523
"two",1523
"person",1521
"shes",1511
"away",1510
"speed",1504
"seen",1499
"coming",1495
"slow",1494
"trying",1492
"easy",1491
"says",1491
"believe",1488
"deadlock",1488
"ngl",1488
"tbh",1485
"shot",1482
"tf",1475
"finals",1474
"idea",1465
"doesn't",1464
"lose",1463
"ludwig7",1459
"uuh",1459
"gamba",1457
"lulw",1452
"ew",1449
"channel",1447
"stage",1445
"dantes",1438
"gold",1429
"lmaoooo",1429
"redbull",1429
"song",1423
"suprtomato",1423
"50",1421
"half",1420
"line",1420
"double",1416
"streaming",1414
"son",1413
"noooo",1407
"happened",1405
"grab",1404
"chud",1402
"keem",1401
"yall",1400
"hot",1397
"throw",1392
"turn",1391
"our",1388
"enough",1385
"saw",1383
"single",1382
"cause",1376
"uhm",1374
"raid",1371
"wins",1367
"cup",1365
"kids",1365
"events",1362
"ray",1354
"chinese",1352
"awesome",1350
"hair",1350
"part",1348
"box",1345
"talk",1344
"change",1339
"least",1338
"piece",1333
"supryay",1327
"ggs",1325
"oof",1320
"wardrobe",1319
"baby",1317
"happy",1311
"job",1311
"gets",1310
"match",1310
"slayyy",1310
"they're",1307
"15",1304
"zoil",1302
"teams",1297
"anyone",1290
"camera",1289
"prayge",1287
"round",1284
"stanz",1281
"eyes",1280
"may",1280
"audio",1279
"longer",1278
"11",1275
"ring",1274
"hope",1272
"subs",1268
"chance",1266
"pay",1263
"anything",1261
"tyler",1259
"days",1258
"head",1258
"move",1256
"shop",1254
"fake",1252
"gamer",1249
"far",1248
"ahh",1247
"em",1247
"low",1239
"second",1238
"miss",1235
"night",1225
"aint",1224
"theres",1224
"read",1222
"wanna",1219
"woah",1217
"guess",1216
"chill",1208
"fast",1207
"sick",1205
"called",1205
"full",1204
"weird",1202
"r",1200
"white",1200
"pick",1197
"screen",1194
"lil",1193
"house",1192
"die",1190
"cheating",1187
"used",1187
"sorry",1185
"fly",1182
"worse",1181
"actual",1180
"12",1174
"road",1174
"pot",1172
"tip",1167
"finally",1161
"maga",1158
"uh",1158
"goated",1156
"room",1154
"cute",1151
"pablo",1151
"water",1147
"porosad",1146
"almost",1145
"bull",1143
"ya",1141
"face",1136
"leave",1135
"kappa",1132
"obp",1132
"wc",1129
"home",1127
"lily",1122
"yesterday",1121
"blue",1118
"t1",1118
"katie",1118
"king",1117
"spot",1116
"tv",1114
"place",1114
"bonus",1110
"increase",1109
"friends",1106
"bet",1104
"walk",1101
"huge",1100
"through",1097
"bring",1096
"everything",1095
"c",1094
"while",1091
"amazing",1086
"max",1086
"giving",1083
"fucked",1080
"seemsgood",1078
"reset",1077
"viewers",1076
"reina",1075
"story",1073
"exclusive",1073
"missed",1072
"isn't",1071
"jynxzi",1064
"remember",1062
"stare",1062
"add",1061
"once",1059
"jasont2nms3",1059
"character",1058
"cut",1057
"rigged",1056
"dumb",1053
"shops",1053
"stars",1052
"type",1051
"buy",1050
"find",1050
"minutes",1046
"own",1046
"she's",1046
"40",1045
"against",1044
"times",1044
"knows",1042
"wwwww",1042
"stuff",1041
"fumi",1041
"r2",1040
"wants",1039
"dansi",1038
"mogul",1038
"scam",1038
"goodies",1037
"jesus",1037
"compendium",1036
"evo2026",1036
"invite",1036
"level1",1036
"oscs",1036
"let's",1031
"what's",1031
"wedding",1031
"map",1030
"saved",1030
"pookie",1029
"ragebait",1029
"cmon",1028
"mad",1028
"teach",1027
"war",1026
"friend",1024
"infume",1022
"set",1020
"else",1017
"af",1016
"break",1014
"championship",1014
"fuslie",1009
"english",1008
"matchup",1006
"baseball",1004
"fan",996
"locked",995
"false",994
"v",994
"week",992
"goes",990
"bros",989
"glaze",988
"xqc",986
"aozami",985
"pokemon",979
"sad",979
"heard",977
"open",976
"x",974
"less",972
"which",972
"ago",970
"merch",969
"bitrate",968
"blazian",968
"school",965
"eat",964
"ludwigluddy",963
"offbrand",961
"beast",960
"tai",959
"core",957
"started",955
"around",954
"leaked",954
"accounts",953
"food",953
"perfect",950
"worst",950
"buddy",949
"hour",948
"magmamcsr",947
"small",945
"imagine",944
"community",942
"without",942
"aintnoway",939
"fight",935
"paid",934
"blind",933
"sound",932
"theyre",932
"banned",931
"poroagony",931
"genuinely",928
"there's",928
"having",924
"31",923
"canadian",922
"family",920
"question",920
"winning",920
"leslie",918
"oda",918
"gulp",917
"hmmm",917
"sexo",917
"su",916
"25",915
"chudwig",914
"score",914
"taking",914
"students",914
"linking",910
"tie",909
"smh",908
"count",907
"pepeprime",907
"vid",907
"main",906
"stopbeingfrench",906
"ohshit",905
"tuff",902
"michael",901
"honestly",900
"death",898
"seems",895
"gayge",894
"dentge",893
"smart",893
"hat",891
"engaged",891
"mogged",888
"imhim",888
"side",887
"yup",884
"since",882
"wig",880
"vod",878
"secretsauce2026",878
"evil",877
"yourself",877
"sell",876
"things",876
"irl",875
"poor",875
"instead",872
"christian",870
"cards",868
"ive",866
"save",866
"tomorrow",863
"cs",861
"dog",861
"list",857
"smoke",857
"unban",857
"fix",856
"black",854
"ludwigblankies",853
"bars",850
"elimination",850
"major",850
"glorp",849
"cheese",846
"movie",846
"gigachad",845
"emily",844
"nope",844
"larp",843
"sense",843
"early",841
"took",841
"happening",839
"came",836
"traditional",835
"def",834
"marlon",834
"stay",832
"ult",832
"peeporiot",827
"yugi",826
"balls",825
"poggies",825
"tonight",825
"strat",824
"worth",822
"ooo",821
"pffttt",819
"problem",818
"key",814
"ludwig's",814
"party",814
"yonna",814
"truth",813
"under",813
"haha",812
"scamwig",812
"4x",810
"works",809
"definitely",808
"leak",805
"fat",804
"yikes",804
"drop",803
"e",803
"trust",803
"yay",802
"overworking",802
"yurnyurnn",802
"aww",801
"donowall",800
"valo",797
"wild",797
"17",791
"didn",790
"xd",790
"myfacewhenmykeyboardbreakswhileiamlosingtoludwiginminecraft",789
"18",786
"danny",786
"straight",784
"using",782
"yard",782
"died",781
"dodgers",781
"send",778
"mmm",777
"incoming",776
"nahh",772
"scene",772
"advice",771
"care",770
"cinna",770
"chess",769
"valorant",768
"gaming",767
"nerdge",767
"kind",766
"enzo",764
"winner",763
"women",761
"erm",760
"respect",760
"delulu",759
"luga",758
"melee",758
"ve",758
"ludwigcheer",758
"gone",757
"martin",756
"supermtf",756
"19",755
"cap",753
"tech",751
"ppl",750
"lmaooooo",749
"wasnt",747
"level",745
"behind",745
"kiss",745
"ty",745
"nooooo",742
"power",742
"word",742
"hahaha",741
"quit",741
"rules",741
"spain",739
"moment",738
"buh",737
"scared",737
"china",734
"means",734
"shake",732
"wanted",731
"during",730
"sucks",730
"alerm",729
"clean",728
"hand",728
"learning",728
"mom",727
"luds",726
"fairs",725
"himself",725
"middle",724
"volleyball",723
"quick",721
"alienware",720
"later",719
"university",719
"jump",715
"lie",714
"shi",714
"scatter",713
"wish",713
"student",711
"cereal2",710
"coach",709
"lookge",709
"cellbit",709
"cuz",708
"final",708
"ill",708
"2nd",707
"dark",706
"ah",705
"gooo",705
"pull",703
"clips",702
"tournament",702
"jupijej",700
"scammed",698
"mode",697
"rt",697
"short",697
"star",696
"luck",696
"teaching",696
"throwing",696
"matter",695
"yesss",695
"fumibean",694
"engagement",693
"losing",692
"vibes",692
"favorite",691
"fighting",688
"mid",688
"tag",686
"feels",684
"milk",684
"total",684
"seed",683
"kelby",680
"john",678
"killed",676
"normal",676
"deserved",674
"sleep",674
"14",673
"n",673
"production",673
"videos",672
"whos",672
"feelsstrongman",671
"lego",671
"announced",670
"seeds",670
"tried",669
"nl",668
"extra",667
"gay",666
"stupid",665
"ye",665
"sit",664
"title",664
"holding",663
"wont",663
"yooo",661
"rope",660
"y",659
"knew",658
"ofc",658
"choice",657
"wwwwww",657
"group",657
"art",656
"bar",655
"understand",654
"signed",654
"rage",653
"cheergi",652
"either",652
"alert",651
"broken",651
"reason",651
"ranked",650
"16",649
"forgot",647
"gave",647
"phone",647
"facts",646
"ts",646
"bigsad",645
"prezoh",645
"brain",644
"awww",643
"pfft",642
"soyr",642
"until",642
"skip",641
"beautiful",640
"mword",640
"squad",640
"car",639
"chadge",638
"rock",637
"agree",636
"bottom",635
"ones",634
"suck",633
"number",631
"rank",631
"mod",630
"running",628
"dad",627
"1000",626
"deal",625
"pro",625
"told",625
"pt",625
"bc",624
"dang",622
"must",622
"happen",621
"speak",621
"calling",620
"chudface",619
"eating",619
"classes",619
"valid",618
"argentina",618
"button",617
"crying",617
"lobby",617
"eye",615
"p",615
"working",615
"broke",614
"i've",614
"anymore",613
"paper",612
"babyrage",612
"3rd",611
"mentioned",611
"plays",611
"enter",610
"surely",609
"soon",607
"13",605
"stand",605
"court",605
"pepescream",603
"college",603
"anime",600
"hands",600
"aim",599
"joke",599
"loud",599
"lucky",599
"gambling",598
"goooo",597
"min",597
"wall",596
"t10cheer",596
"adapt",594
"acting",593
"gift",593
"farming",592
"gifting",592
"mbappe",592
"rich",590
"chatter",589
"cooking",589
"body",588
"cat",588
"skill",588
"tough",588
"bald",587
"bwajaja",586
"gauntlet",585
"thinking",585
"deny",584
"deaths",583
"simon",581
"pitch",580
"nodders",578
"yessss",578
"erobb",577
"smash",577
"jersey",574
"chair",573
"click",572
"supposed",572
"wword",571
"challenge",569
"street",569
"damage",568
"ooooo",568
"steam",568
"takes",568
"intro",567
"morning",567
"outside",567
"hype",566
"messi",566
"oldge",566
"ayo",565
"ref",565
"release",565
"tourney",565
"american",564
"child",564
"ending",564
"yoooo",564
"hmm",563
"lesson",563
"cringe",562
"10k",561
"id",561
"pepela",561
"coin",561
"chiblee",560
"ready",556
"bed",555
"looked",554
"random",553
"men",552
"ludwigjackass",552
"few",551
"ludwigcrashout",551
"goal",550
"ripbozo",549
"air",548
"clueless",547
"6pm",547
"ben",546
"dawg",546
"dollars",546
"exactly",546
"changed",544
"ludwigs",544
"fall",543
"da",542
"threw",542
"fortnite",541
"inbred",541
"legit",541
"crate",541
"wabe",541
"sign",540
"silver",540
"clutch",539
"bigbrother",538
"el",538
"arent",537
"form",537
"practice",535
"tyler1",534
"athlete",532
"q",532
"lizzo",532
"higher",531
"lmfaooo",530
"lying",530
"slop",530
"ig",529
"omgomg",529
"ultrapool",529
"earlier",527
"lockin",527
"yta",523
"book",522
"knicks",522
"bill",522
"heart",521
"mario",520
"pc",520
"considering",519
"thankyou",519
"rakai",519
"case",518
"kick",518
"shoot",518
"banger",517
"seconds",517
"spam",517
"1st",516
"gang",515
"rare",515
"zero",515
"agaredbull",515
"thevoices",514
"cdawg",513
"basically",512
"fixed",512
"squid2",512
"10x",511
"build",511
"pieces",511
"awkward",510
"g",510
"minute",510
"ticket",509
"kiera",509
"emote",508
"shut",506
"become",504
"front",504
"self",504
"needed",503
"band",503
"100k",501
"24",500
"course",500
"post",500
"thinks",500
"5head",499
"mind",499
"wheres",499
"icantletyougetclose",499
"answer",498
"fit",498
"rest",497
"bitch",496
"react",496
"ludwighypers",496
"lasttimechatter",495
"sponsor",495
"annoying",494
"idiot",494
"august",494
"diamond",493
"nobody",493
"sometimes",493
"asking",492
"aw",492
"listen",492
"hole",492
"forget",491
"missing",490
"pov",490
"seeing",490
"noooooo",489
"allowed",488
"basketball",488
"doesn",487
"switch",486
"million",486
"redo",485
"gasp",484
"26",483
"agaedm",483
"found",483
"plan",483
"boss",482
"noted",482
"press",482
"sold",482
"heh",481
"hehe",480
"prob",480
"stable",480
"together",480
"block",479
"7cinema",479
"ludwigfat",478
"tylerlaughingatyou",478
"yellow",478
"bigger",477
"light",477
"congratulations",477
"anyway",476
"wearing",476
"interesting",475
"fans",474
"who's",473
"bedge",472
"op",472
"pause",472
"picture",472
"tiktok",471
"1v1",470
"butt",470
"mail",470
"ttours",470
"twitter",470
"england",470
"nicewigg",470
"crowd",469
"issue",469
"stabeblue",469
"farm",468
"terrible",468
"drink",468
"eww",467
"sweet",467
"fuckin",466
"rule",466
"fighter",465
"comeback",464
"lmfaoooo",464
"mins",464
"pewpewpew",464
"tip2tip",464
"loves",463
"zhi",463
"bouncinonit",462
"plane",462
"counter",460
"yess",460
"mf",459
"apple",458
"wasn't",458
"garnt",457
"i'll",456
"happens",455
"rough",455
"alright",454
"mmmm",454
"message",451
"skycrab",451
"noo",449
"online",449
"soda",449
"dinkdonk",448
"gun",448
"style",448
"comes",447
"account",446
"bingo",446
"whatt",446
"ssssss",446
"kreygasm",445
"diff",444
"shruge",444
"tbf",444
"angle",443
"comment",443
"esobest",443
"woman",443
"batman",443
"reading",442
"benjy",442
"plup",441
"steal",440
"young",440
"faster",439
"deep",438
"ice",438
"step",438
"washed",438
"ship",438
"gameplay",437
"slide",437
"depends",436
"isn",435
"nut",435
"finished",434
"door",433
"vibe",432
"correct",430
"bud",429
"bait",428
"finish",428
"push",428
"funnel",428
"ifuckedup",427
"imo",427
"killing",427
"ludwigpride",426
"per",426
"clear",424
"pop",424
"captain",423
"fault",422
"goo",422
"mention",422
"knowledge",421
"nowaying",421
"sf6",421
"sigh",421
"touch",421
"peter",420
"dream",419
"wonder",419
"aiden",418
"absolutely",417
"age",417
"5x",416
"excited",416
"fell",416
"graded",416
"alumni",416
"lower",415
"lowk",415
"safe",415
"wokege",415
"ends",414
"i'd",414
"trash",414
"cry",413
"felon",413
"loser",412
"pre",412
"awards",411
"figure",411
"past",411
"hitting",410
"math",410
"harder",409
"gleep",409
"aren't",408
"honest",408
"dying",407
"invited",407
"lmaoooooo",407
"numbers",407
"jacket",406
"office",406
"dollar",406
"oui",406
"pausechamp",405
"cameraman",405
"ear",404
"history",404
"whatever",404
"ironmouseletsgo",404
"chatters",403
"mvp",403
"queen",403
"asked",402
"bomb",402
"ludwigchoke",402
"pin",402
"racist",402
"wwwwwww",402
"able",401
"wcyd",401
"gooooo",400
"energy",399
"stick",399
"schedule",398
"boom",397
"ohhh",397
"starting",397
"emperor",397
"cook",396
"dropped",396
"marvel",396
"quiet",396
"hdmi",396
"cold",395
"wouldnt",395
"legal",394
"loved",394
"manager",394
"till",394
"accidentally",393
"corner",393
"dance",393
"hmmge",393
"og",393
"wife",393
"casters",392
"flag",392
"showing",392
"married",392
"ain't",391
"buzz",391
"entire",391
"hahahaha",391
"laptop",391
"pack",391
"pussy",391
"sob",391
"attention",390
"k",390
"omegadance",390
"plz",390
"stack",390
"business",389
"ludwigstar",389
"demon",388
"internet",388
"tower",387
"walking",387
"club",386
"whome",386
"glad",385
"cake",385
"worked",384
"auto",383
"gives",383
"usually",383
"deadass",382
"pants",382
"between",381
"easier",381
"liked",381
"master",381
"paint",381
"haskell",381
"cheat",380
"platge",380
"gaypride",379
"hurt",379
"meant",379
"homework",379
"fusraid",379
"cheated",378
"space",378
"guards",377
"hates",377
"cs2",376
"echo",376
"egg",376
"comms",375
"season",375
"base",374
"flash",374
"hiii",374
"riot",374
"timing",374
"ace",373
"ego",373
"ludwigl",373
"arena",373
"g207",373
"nvm",372
"stone",372
"truthnuke",372
"yoo",372
"garrett",372
"drive",371
"horrible",371
"lool",371
"pride",371
"cube",371
"mental",370
"timer",370
"copium",369
"poop",368
"prediction",368
"ran",368
"reference",368
"replay",368
"arc",367
"fart",367
"lolcow",367
"monkas",367
"cheater",366
"view",366
"race",366
"cheesing",365
"state",365
"wutface",365
"secretsauce",365
"t10nat",365
"bout",364
"america",364
"apology",364
"asf",364
"brand",364
"mikan",364
"method",364
"google",363
"lebron",363
"xin",363
"bonnie",363
"21",362
"average",362
"dumbass",362
"ludwignoted",362
"muted",362
"record",362
"released",362
"serious",361
"shadow",361
"placement",361
"bag",360
"jorkin",360
"prince",360
"golden",359
"noise",359
"reallymad",359
"important",358
"chairs",358
"shohei",358
"evelyn331weve",358
"cares",357
"follow",357
"pass",357
"twice",357
"kokokara",357
"color",356
"coots",356
"ludwighey",356
"putting",356
"sir",356
"special",356
"tin",356
"clock",355
"control",355
"rude",355
"fox",355
"hits",354
"lame",354
"catjam",354
"across",354
"background",353
"inside",353
"loss",353
"rocket",353
"board",352
"boring",352
"forever",352
"fs",352
"mans",352
"overwatch",352
"redd",351
"three",351
"garret",351
"bunt",351
"children",350
"lag",350
"shoutout",350
"won't",350
"human",349
"ludwigw",349
"yooooo",349
"japanese",349
"sponsored",348
"sports",348
"controller",348
"girls",348
"ba",347
"country",347
"skin",347
"22",346
"lfg",346
"feet",345
"welcome",345
"code",344
"strong",344
"fatlolcow",344
"99",343
"joined",343
"row",343
"shoes",343
"moves",342
"roll",342
"starts",342
"telling",342
"batter",342
"choke",341
"closer",341
"japan",341
"mine",341
"birthday",341
"lud's",340
"meeting",340
"shooter",340
"shots",340
"sugar",340
"test",340
"linux",340
"berg",340
"support",339
"yippee",339
"non",338
"value",338
"you've",338
"segment",338
"possible",337
"biggest",337
"daddy",337
"private",337
"pulled",337
"third",337
"words",337
"tutorial",337
"ladder",337
"version",336
"british",336
"chameleon",336
"jynxi",336
"route",336
"dodgeball",335
"hide",335
"moving",335
"quality",335
"football",334
"mrdestructoid",334
"wicked",334
"wendy",334
"alt",333
"clocked",333
"cum",333
"na",333
"poggers",333
"review",333
"ffa",332
"sara",332
"essaying",331
"explain",330
"gamble",330
"learned",330
"roadtoempress",330
"realka58behindya",330
"accent",329
"movement",329
"mil",328
"sitting",328
"soo",328
"sup",328
"bunch",327
"enjoy",327
"peepoclap",327
"campus",327
"curselit",326
"experience",326
"scary",326
"train",326
"yesssss",326
"company",325
"dragon",325
"tired",325
"vi",325
"crappy",324
"ludwin",323
"news",323
"range",323
"solid",323
"cost",322
"couple",322
"lolll",322
"ohtani",322
"piss",322
"preds",322
"trolling",322
"building",321
"chicken",321
"hyperbouncinonit",321
"meta",321
"welp",321
"kenny",321
"beeper",320
"gta",320
"200",319
"mark",319
"drunk",319
"carry",318
"modern",318
"reverse",318
"sent",318
"levi",318
"hilarious",317
"horse",317
"waytoodank",317
"mouse",316
"ohh",316
"stfu",316
"you'll",316
"absent",316
"awwww",315
"speaking",315
"ac",315
"swing",315
"awa",315
"90",314
"nooooooo",314
"questions",314
"date",313
"woke",313
"area",313
"4th",312
"amount",312
"dash",312
"seem",312
"susge",312
"sakura",312
"chain",311
"delay",311
"difference",311
"keyboard",311
"link",311
"scripted",311
"monitor",311
"keeps",310
"runs",310
"teachers",310
"hella",309
"jinxlul",309
"stats",309
"unless",309
"views",309
"modcheck",308
"omfg",308
"picked",308
"dean",308
"bot",307
"gl",307
"loool",307
"ludwiggun",307
"nervous",307
"sat",307
"meccha",306
"motion",306
"others",306
"pen",306
"script",306
"wth",306
"option",305
"reeves",305
"asher",305
"characters",304
"height",304
"doog",304
"doom",303
"lick",303
"shotgun",303
"ysabella",303
"items",302
"marathon",302
"meow",302
"rooms",302
"shows",302
"turned",302
"inspire",302
"agreed",301
"frfr",301
"lane",301
"series",301
"wouldn't",301
"audience",301
"grade",301
"hero",300
"massive",300
"shout",300
"wake",300
"example",300
"ludwigmog",300
"beating",299
"confused",299
"dr",299
"sludge",299
"felt",298
"frame",298
"artist",298
"laugh",297
"net",297
"rate",297
"reckless",297
"swear",297
"future",296
"ha",296
"lowest",296
"recap",296
"standing",296
"heavy",295
"whistle",295
"wifi",295
"crates",295
"cream",294
"ludwigbye",294
"weak",294
"60",294
"fanum",294
"gaga",293
"proud",293
"trade",293
"triple",293
"weeks",293
"inbread",293
"cellbrasil",293
"collab",292
"iron",292
"stole",292
"tall",292
"wooo",292
"ohhhhhhhhhhhhhhhhhhhhhhhhhhhhhh",291
"pee",291
"popnemo",291
"necklace",291
"45",290
"battle",290
"busy",290
"eh",290
"likes",290
"lord",290
"alive",289
"atrioc",289
"att",289
"gas",289
"penis",289
"reaction",289
"soccer",289
"sweep",289
"meet",289
"otto",289
"pizza",289
"grading",289
"accurate",288
"charlie",288
"crack",288
"showed",288
"yaoi",288
"1k",287
"asian",287
"faze",287
"le",287
"strike",287
"valkyrae",287
"raph",287
"mini",286
"ugly",286
"fill",286
"mookie",286
"imsofuckingscared",286
"fax",285
"professional",285
"write",285
"finishing",285
"abt",284
"bought",284
"cannot",284
"edition",284
"gross",284
"nick",284
"photo",284
"500",283
"spell",283
"update",283
"charizard",283
"above",282
"blow",282
"ludwignot",282
"000",281
"speedrun",281
"wear",281
"eskay",281
"anyways",280
"epic",280
"h",280
"nasty",280
"spoilers",280
"tree",280
"tryna",280
"serve",280
"wanged",280
"jerma",279
"leaving",279
"ohhhh",279
"sonic",279
"attendance",279
"fifa",278
"setup",278
"wagwan",278
"pudgie",278
"5k",277
"absolute",277
"christ",277
"gotten",277
"painting",277
"selling",277
"shooting",277
"yayy",277
"wwwwwwww",277
"mongey",277
"jshock",277
"choo",276
"dick",276
"lookin",276
"oo",276
"yours",276
"musical",276
"ktb",276
"ludwigpop",275
"ly",275
"magic",275
"oooooo",275
"worry",275
"flex",274
"mac",274
"ruined",274
"taste",274
"goals",274
"viva",274
"poki",274
"bs",273
"computer",273
"larping",273
"sponsors",273
"whoa",273
"scuba",273
"brick",272
"heat",272
"millionaire",272
"obviously",271
"desktop",271
"cubert",271
"grow",270
"note",270
"sister",270
"spurs",270
"sussy",270
"spanish",270
"couldnt",269
"expensive",269
"fact",269
"lmfaooooo",269
"ludwigbouncinonit",269
"notes",269
"pic",269
"training",269
"youtuber",269
"international",269
"drops",268
"eliminated",268
"grand",268
"hire",268
"toast",268
"mmmmm",268
"smaller",268
"santi",268
"ahead",267
"everybody",267
"havent",267
"mute",267
"io",267
"pepojs",267
"goose",267
"handsome",266
"illegal",266
"lildans",266
"ohno",266
"toy",266
"twin",266
"where's",266
"trip",266
"archery",266
"design",265
"ff",265
"trump",265
"ouu",265
"sambucha",265
"hummer",265
"alot",264
"except",264
"genius",264
"j",264
"language",264
"latewig",264
"nta",264
"pfp",264
"xqcl",264
"horny",263
"mo",263
"completed",263
"puh",263
"built",262
"common",262
"creator",262
"dq",262
"reddit",262
"awful",261
"barely",261
"loot",261
"pr",261
"sooo",261
"woooo",261
"ludwigmogi",261
"robloxcheer",261
"3head",260
"geoguessr",260
"kirbeter",260
"prolly",260
"rather",260
"lettuce",260
"wifies",260
"attack",259
"host",259
"katbla2w",259
"luffy",259
"none",259
"slur",259
"thoughts",259
"blubbers",259
"4k",258
"playoff",258
"blood",257
"chest",257
"clearly",257
"context",257
"land",257
"machine",257
"names",257
"south",257
"backyard",257
"lime",256
"lmfaoo",256
"ludwigpalm",256
"brazil",256
"gopissgirl",256
"val",256
"marisa",256
"alone",255
"de",255
"james",255
"plus",255
"remove",255
"scammer",255
"wasn",255
"city",255
"ronaldo",255
"shadows",255
"b2b",255
"wu",255
"commentators",254
"lives",254
"twist",254
"yuck",254
"blame",253
"boooo",253
"commentary",253
"doin",253
"eu",253
"floor",253
"info",253
"mogging",253
"catch",252
"chills",252
"item",252
"older",252
"talked",252
"elden",251
"health",251
"outta",251
"pressure",251
"paying",251
"cocotte",251
"focus",250
"shouldve",250
"unlucky",250
"y'all",250
"totaled",250
"created",249
"feeling",249
"ouch",249
"situation",249
"wedidthat",249
"deserve",248
"legendary",248
"management",248
"poll",248
"tenshi",248
"ludwigfire",248
"tungsten",248
"zesty",248
"cardcanine",247
"champ",247
"copy",247
"gate",247
"he'll",247
"lead",247
"yuri",247
"original",247
"tokon",247
"robin",246
"restart",246
"edwardkso",246
"hhhehehe",245
"lore",245
"swap",245
"leaderboard",245
"vamos",245
"slides",245
"blocks",244
"burn",244
"fav",244
"hiding",244
"order",244
"parasocial",244
"pool",244
"hasan",244
"fired",244
"bread",243
"choose",243
"siptime",243
"balance",242
"dih",242
"forward",242
"jimmy",242
"ludwigboys",242
"ludwigsad",242
"mouth",242
"snake",242
"kory",242
"aussie",242
"23",241
"knife",241
"ow",241
"ravetime0",241
"shaming",241
"field",241
"foul",241
"editor",241
"linus",241
"stt",241
"5th",240
"bullshit",240
"dry",240
"ggg",240
"ludwigyay",240
"nuts",240
"robbed",240
"sun",240
"100m",240
"nc5qf",240
"sprw",240
"chatting",239
"dip",239
"smoking",239
"yawn",239
"truck",239
"totals",239
"anti",238
"tap",238
"tiny",238
"northernlion",238
"oliver",238
"thinking1",238
"realka58happy",238
"07",237
"chooo",237
"shesright",237
"cosplay",237
"jail",237
"jp",237
"stepson",237
"abe",237
"exempt",237
"father",236
"tank",236
"volume",236
"honda",236
"thinking2",236
"confirmed",235
"firsttimechadder",235
"hunter",235
"ideas",235
"lady",235
"oops",235
"smooth",235
"tom",235
"website",235
"handle",234
"lies",234
"pinned",234
"podcast",234
"zone",234
"aza",234
"kkonaw",234
"ate",233
"battery",233
"bum",233
"filter",233
"tea",233
"refs",233
"js",232
"kills",232
"lerolero",232
"nopers",232
"pig",232
"slay",232
"aloo",232
"hotfemboy",232
"35",231
"added",231
"chapter",231
"chuds",231
"ground",231
"plat",231
"purpose",231
"shoulda",231
"51",231
"chopped",230
"grown",230
"ludwigdrama",230
"paidchatter",230
"stuck",230
"wat",230
"ain",230
"mga",230
"lecture",230
"bat",229
"multiple",229
"vas",229
"goalhype",229
"app",228
"easily",228
"ended",228
"handsup",228
"impossible",228
"joel",228
"larper",228
"loses",228
"ludwiga",228
"moon",228
"raise",228
"draft",228
"agacheck",227
"boo",227
"oneguy",227
"peace",227
"pocket",227
"reach",227
"rizz",227
"33",226
"dam",226
"pepelaugh",226
"plink",226
"portal",226
"security",226
"brought",225
"bush",225
"cracked",225
"dat",225
"monkaw",225
"surprised",225
"weight",225
"ayaya",225
"jack",225
"replace",225
"tina",225
"act",224
"burger",224
"gap",224
"incredible",224
"page",224
"plate",224
"police",224
"sleeping",224
"system",224
"technically",224
"degree",224
"challonge",224
"luanne",224
"insta",223
"leg",223
"lmaooooooo",223
"oopsie",223
"ride",223
"smell",223
"hungry",222
"lethal",222
"sec",222
"seriously",222
"stopped",222
"pirate",222
"sexism",222
"presentation",222
"gym",221
"dudes",221
"glasses",221
"hii",221
"juicy",221
"pokémon",221
"somehow",221
"ancient",221
"warden",221
"punchtrees",221
"allstars",220
"beta",220
"caseoh",220
"decent",220
"frog",220
"gn",220
"rooting",220
"screaming",220
"booooo",220
"foot",220
"legs",220
"moba",220
"nacii",220
"plug",220
"carried",219
"crash",219
"island",219
"mog",219
"opening",219
"spamming",219
"tru",219
"vids",219
"glass",219
"ryan",219
"sex",219
"table",219
"bm5j30rp",219
"fiance",219
"actor",218
"animation",218
"coffee",218
"knock",218
"wood",218
"deserves",217
"diesofcringe",217
"freaking",217
"lolol",217
"notice",217
"spikes",217
"summer",217
"beans",217
"draw",216
"ears",216
"goooooo",216
"noway",216
"parry",216
"riding",216
"rng",216
"status",216
"dope",215
"madge",215
"megalul",215
"metal",215
"sidemen",215
"32",214
"arms",214
"haven't",214
"known",214
"living",214
"maxxxedoutmax",214
"nahhh",214
"unfortunately",214
"users",214
"lollll",214
"credit",214
"hiremikan",214
"2k",213
"agaa",213
"bottle",213
"couldn't",213
"effect",213
"hunters",213
"odyssey",213
"rounds",213
"vote",213
"thingreenline",213
"mari",213
"27",212
"buff",212
"expect",212
"ludwigc",212
"mobile",212
"shiza",212
"wdym",212
"wouldve",212
"zombies",212
"dumbdog",212
"grimace",212
"80",211
"apparently",211
"bots",211
"cheer100",211
"edit",211
"episode",211
"mc",211
"risk",211
"sybau",211
"icantwalk",211
"ludwigwhat",211
"yoink",211
"bathroom",211
"nicewig",211
"jacob",211
"aimen",210
"bell",210
"cross",210
"should've",210
"booo",210
"orange",210
"rotoscope",210
"4klbsdt",210
"http",210
"ahhh",209
"exist",209
"messed",209
"settings",209
"you'd",209
"award",209
"breaking",208
"ewwww",208
"feed",208
"rat",208
"souls",208
"spiderman",208
"cheap",208
"pink",208
"collar",208
"47",207
"elo",207
"umm",207
"whoever",207
"wooooo",207
"snitch",207
"elpermassacre",207
"gaoyang",207
"chip",206
"completely",206
"excuse",206
"member",206
"thx",206
"ludwigscam",206
"sam",206
"server",206
"halftime",206
"leviathan",206
"pausershype",205
"rid",205
"strays",205
"walked",205
"wind",205
"jojo",205
"qtcinderella",205
"vanilla",205
"atp",204
"dies",204
"fear",204
"genuine",204
"performance",204
"cash",204
"doug",204
"scored",204
"teammate",204
"juh",204
"scream",204
"tenz",204
"became",203
"brooo",203
"cover",203
"duckass",203
"hurts",203
"immediately",203
"kicked",203
"stealing",203
"wave",203
"iclygc",203
"fuling",203
"dirty",202
"fruit",202
"lit",202
"oki",202
"panic",202
"taken",202
"tips",202
"wars",202
"2025",202
"cenat",202
"charity",202
"sweeps",202
"joever",201
"myself",201
"soft",201
"sport",201
"truly",201
"vest",201
"belt",201
"wideravetime0",201
"closed",200
"co",200
"compared",200
"feelsbitrateman",200
"hurry",200
"natural",200
"ong",200
"packs",200
"size",200
"sneak",200
"totally",200
"bridge",200
"rae's",200
"ironmousesaberdance",200
"cogoat",200
"dlc",199
"download",199
"lines",199
"neck",199
"toxic",199
"wheel",199
"silky",199
"whens",199
"knee",199
"famous",198
"ghost",198
"noooooooo",198
"obvious",198
"smile",198
"woo",198
"z",198
"sf",198
"trophy",198
"kelbo",198
"proffesor",198
"kanel",198
"along",197
"asu",197
"bear",197
"dj",197
"heal",197
"hearing",197
"hiiii",197
"iorpim",197
"si",197
"subbed",197
"1x",197
"kept",196
"lots",196
"relax",196
"shouldnt",196
"stacking",196
"youve",196
"300",195
"action",195
"boomer",195
"golf",195
"hasnt",195
"price",195
"simple",195
"uhh",195
"uni",195
"yessssss",195
"yingooo",195
"aether",195
"creatine",195
"public",195
"balesh",195
"36",194
"available",194
"hang",194
"met",194
"plot",194
"punch",194
"stupidtired",194
"trouble",194
"yapping",194
"mexican",194
"oi",194
"daily",193
"flight",193
"pissed",193
"bowl",193
"contract",193
"salt",193
"ono",192
"soooo",192
"statue",192
"arm",192
"crown",192
"nose",192
"justice",192
"tweet",192
"yagoo",192
"looool",191
"asleep",191
"boot",191
"mogs",191
"similar",191
"site",191
"subtember",191
"windows",191
"pain",191
"artists",191
"doogile",191
"kukkidohype",191
"20k",190
"deadge",190
"matches",190
"monopoly",190
"peepogiggles",190
"sim",190
"solo",190
"trick",190
"jebaited",190
"social",190
"meter",190
"realka58psycho",190
"nerd",189
"driving",189
"heck",189
"judge",189
"losers",189
"predictions",189
"slap",189
"store",189
"doritoschip",189
"legos",189
"rdc",189
"ludwiggamer",189
"carne",189
"ahgren",188
"appreciate",188
"bug",188
"cancel",188
"crime",188
"doubt",188
"flip",188
"hardest",188
"law",188
"meme",188
"miyoung",188
"picking",188
"sadgecry",188
"wet",188
"oomfiedance",188
"bo3",187
"careful",187
"daga",187
"popular",187
"prize",187
"ratjam",187
"reveal",187
"would've",187
"mai",187
"ap",186
"custom",186
"doomed",186
"freedom",186
"generational",186
"grind",186
"horn",186
"limit",186
"mess",186
"negative",186
"sea",186
"era",186
"spend",186
"envoy",186
"asshole",185
"batchest",185
"bright",185
"caedrel",185
"chad",185
"failed",185
"jasontheween",185
"near",185
"payout",185
"prove",185
"quite",185
"realize",185
"stock",185
"yourfriend",185
"german",185
"lens",185
"market",185
"ludwigmagnum",185
"debate",185
"banshee",185
"ludwigaware",184
"nba",184
"nuke",184
"themselves",184
"track",184
"trailer",184
"carrying",184
"spray",184
"88",184
"meesterkeem",184
"benji",184
"wendol6w",184
"enemy",183
"etc",183
"garen",183
"greedy",183
"hasn't",183
"offline",183
"wr",183
"drinking",183
"kekw",183
"beard",182
"born",182
"champion",182
"cope",182
"dub",182
"greatest",182
"lessons",182
"ludwigjam",182
"racism",182
"socute",182
"competitive",182
"hr",182
"smosh",182
"lunch",182
"steve",182
"attend",182
"felps",182
"atleast",181
"beef",181
"chapters",181
"finger",181
"hop",181
"radiofled",181
"tied",181
"user",181
"polite",181
"dubbin",180
"following",180
"lights",180
"reminds",180
"shorts",180
"yoooooo",180
"yummy",180
"wwwwwwwww",180
"150",179
"beats",179
"boat",179
"calm",179
"chats",179
"ex",179
"keeping",179
"mike",179
"mrbeast",179
"ooh",179
"puff",179
"wemby",179
"xi",179
"empty",179
"mother",179
"split",179
"hong",179
"poison",179
"wubby",179
"bucks",178
"competition",178
"griddygoose",178
"hahahahaha",178
"lawyer",178
"mistake",178
"named",178
"search",178
"tomfoolery",178
"birth",178
"wogo",178
"aren",177
"armor",177
"bratchat",177
"goodbye",177
"legend",177
"mate",177
"primes",177
"snowball",177
"suit",177
"fangolives",177
"shift",177
"edward",177
"consistent",177
"puzzles",177
"prod",177
"adds",176
"force",176
"goin",176
"heyguys",176
"homie",176
"peanut",176
"shouldn't",176
"spike",176
"uses",176
"yap",176
"nyoo",176
"pearl",176
"rerun",176
"asada",176
"byeee",175
"mcqueenisfading",175
"nightmare",175
"often",175
"town",175
"vods",175
"worlds",175
"center",175
"deck",175
"film",175
"meat",175
"menu",175
"squid4",175
"osfrog",175
"tsuku",175
"balright",174
"beginning",174
"cancelled",174
"drake",174
"effort",174
"helps",174
"lee",174
"mormon",174
"pose",174
"winnable",174
"guns",174
"goon",174
"215",174
"alr",173
"electric",173
"oooh",173
"husband",173
"lmaoooooooo",173
"woof",173
"breakfast",173
"hoodie",173
"protein",173
"loopy",173
"blackjack",172
"brown",172
"dougdoug",172
"general",172
"guardian",172
"shame",172
"taco",172
"69",172
"banana",172
"promo",172
"sunny",172
"weekend",172
"usb",172
"detention",172
"kierapleaze",172
"70",171
"damnnn",171
"email",171
"minions",171
"share",171
"thousand",171
"wise",171
"bacon",171
"goons",171
"tarik",171
"ludwigbrain",171
"among",170
"amumu",170
"brave",170
"combos",170
"four",170
"hopefully",170
"laughing",170
"les",170
"pp",170
"role",170
"geega",170
"infoomi",170
"50k",169
"assist",169
"drewsome5",169
"hating",169
"humble",169
"terrorist",169
"tssk",169
"dm",169
"h2",169
"teeth",169
"brothers",168
"format",168
"lemme",168
"peopleschamp",168
"square",168
"wide",168
"broooo",168
"komodohype",168
"agents",168
"wh",168
"fully",167
"ii",167
"lmfaoooooo",167
"ta",167
"daughter",167
"mansion",167
"casino",166
"dw",166
"graphics",166
"naw",166
"pushing",166
"setting",166
"sexy",166
"silly",166
"spots",166
"strikes",166
"zoom",166
"lookdown",166
"paul",166
"stance",166
"ludwigsmash",166
"sketch",166
"vape",166
"cookies",165
"shii",165
"chocolate",165
"otv",165
"palace",165
"squid3",165
"singsmic",165
"chudtf",165
"28",164
"computah",164
"counts",164
"dropping",164
"exhaust",164
"lesbianpride",164
"north",164
"roster",164
"flashbang",164
"squid1",164
"comments",163
"cutscene",163
"pure",163
"sheesh",163
"ludwiglate",163
"print",163
"lazy",163
"woooooo",163
"members",163
"figurine",163
"advantage",162
"boi",162
"buying",162
"iq",162
"knight",162
"literal",162
"mile",162
"sing",162
"katieb",162
"resume",162
"filler",162
"truman",162
"fish",161
"freak",161
"glazing",161
"include",161
"ma",161
"maps",161
"mega",161
"moved",161
"ot",161
"sword",161
"fastest",161
"2x",160
"airplane",160
"changing",160
"contact",160
"fail",160
"grass",160
"hahah",160
"legends",160
"opposite",160
"tax",160
"term",160
"typical",160
"vision",160
"chose",160
"devs",160
"kendrick",160
"playoffs",160
"fort",160
"bomberman",160
"stronghold",160
"career",159
"coaching",159
"dmg",159
"goats",159
"haircut",159
"highest",159
"knowing",159
"srdzfdxtfyufk",159
"ugh",159
"balatro",159
"slurs",159
"cinderella",159
"theagencyagnc1",159
"bust",158
"cable",158
"cod",158
"gottem",158
"headphones",158
"int",158
"likely",158
"mostly",158
"oil",158
"ping",158
"return",158
"singing",158
"zyn",158
"professors",158
"idle",158
"betting",157
"curse",157
"dan",157
"hah",157
"issues",157
"juice",157
"loose",157
"monkey",157
"nintendo",157
"opinion",157
"playin",157
"pulling",157
"streamed",157
"wsg",157
"bible",157
"germany",157
"thumbnail",157
"beep",157
"4head",156
"bow",156
"cereal",156
"dinner",156
"everytime",156
"gen",156
"impressive",156
"mooda",156
"spent",156
"target",156
"trueing",156
"arrow",156
"emotes",156
"jakes",156
"pk",156
"runner",156
"nav",156
"relay",156
"aram",155
"bored",155
"dodge",155
"dot",155
"letting",155
"matters",155
"pm",155
"proof",155
"skipped",155
"bias",155
"everywhere",155
"ome",155
"pyramid",155
"angry",154
"blade",154
"circle",154
"eggs",154
"emi",154
"jk",154
"ludwigfriend",154
"moist",154
"australia",154
"eats",154
"gummies",154
"pogu",154
"spare",154
"arkansas",154
"mutted",154
"rewarded",154
"morphintime",154
"spideythwip",154
"29",153
"7tv",153
"cop",153
"dummy",153
"duo",153
"earth",153
"ed",153
"especially",153
"flavor",153
"sez",153
"specific",153
"speech",153
"subathon",153
"wo",153
"yessir",153
"youll",153
"sabaping",153
"boyfriend",153
"flackblag",153
"jake",153
"coolcat",153
"ludwigflip",153
"boooooo",152
"brutal",152
"charge",152
"cock",152
"complete",152
"current",152
"decision",152
"delayed",152
"disgusting",152
"hearts",152
"meal",152
"soul",152
"taught",152
"homer",152
"path",152
"frat",152
"hulk",152
"64",151
"crocs",151
"difficulty",151
"emerald",151
"notlaughing",151
"pats",151
"powder",151
"smth",151
"wasted",151
"wut",151
"held",151
"infinite",151
"parents",151
"showmatch",151
"wallet",151
"t10",151
"110",150
"ay",150
"behavior",150
"clears",150
"exact",150
"fgc",150
"five",150
"fortbush",150
"overlay",150
"tooth",150
"guile",150
"strategy",150
"junko",150
"cindy",150
"athletes",149
"aye",149
"backrooms",149
"destroy",149
"given",149
"greed",149
"helping",149
"hook",149
"movies",149
"ohnepixel",149
"present",149
"recently",149
"smoked",149
"cookie",149
"helped",149
"thick",149
"goober",149
"twitchunity",149
"bird",148
"breaks",148
"couldve",148
"dodger",148
"guide",148
"imma",148
"ludwigprime",148
"nooooooooo",148
"owned",148
"spider",148
"ultra",148
"waste",148
"plant",148
"snoworries",148
"swedish",148
"writing",148
"editors",148
"iamclap",148
"tonka",148
"pristine",148
"plupyumyum",148
"etoiles",148
"tota",148
"baited",147
"checked",147
"coal1",147
"gamers",147
"liar",147
"pb",147
"potential",147
"sims",147
"talks",147
"tear",147
"weed",147
"assemble",147
"justin",147
"bob",147
"wheelchair",147
"accountability",146
"cow",146
"dangerous",146
"dayum",146
"fence",146
"mirror",146
"nos",146
"rookie",146
"somebody",146
"throws",146
"books",146
"guapo",146
"fluent",146
"rawdogmoon",146
"copege",145
"delusional",145
"disney",145
"instantly",145
"killer",145
"multi",145
"somewhere",145
"useless",145
"york",145
"creators",145
"downloaded",145
"wheels",145
"squeexj",145
"begging",144
"commentator",144
"crush",144
"dnd",144
"falling",144
"fridge",144
"honor",144
"hows",144
"leaking",144
"period",144
"saving",144
"voices",144
"wash",144
"queue",144
"sand",144
"stinky",144
"doctor",143
"edge",143
"fossabot",143
"josh",143
"penalty",143
"shitty",143
"turns",143
"chris",143
"aquacorde",143
"realka58girlscangame",143
"hugsbesitos",143
"counting",142
"due",142
"favourite",142
"hahahah",142
"lied",142
"outfit",142
"skills",142
"tab",142
"ten",142
"uhhh",142
"ooooooo",142
"perch",142
"watchtime",142
"conner",142
"cgc",142
"bro's",141
"dogshit",141
"entertaining",141
"leakwig",141
"murder",141
"opponent",141
"purple",141
"raw",141
"sending",141
"sexist",141
"slippi",141
"typing",141
"ultramad",141
"wp",141
"ceo",141
"signup",141
"jingle",141
"bo5",140
"buzzing",140
"goldge",140
"hp",140
"ragey",140
"sodapoppin",140
"strats",140
"toilet",140
"mmmmmm",140
"alpha",140
"ocean",140
"valuable",140
"naur",140
"jasont2nms2",140
"benjyc3wbenjy",140
"wendol6wotion",140
"3d",139
"95",139
"basic",139
"champs",139
"coworker",139
"disrespect",139
"east",139
"files",139
"meh",139
"thru",139
"west",139
"blabbering",139
"manga",139
"richer",139
"turkey",139
"porosludge",139
"bank",138
"broo",138
"destroyed",138
"duh",138
"education",138
"mix",138
"noticed",138
"rush",138
"speaks",138
"stands",138
"extraemily",138
"lll",138
"mecha",138
"vintage",138
"paige",138
"realka58backup",138
"bless",137
"clown",137
"crystal",137
"disrespectful",137
"easiest",137
"emiru",137
"forsen",137
"fps",137
"gooooooo",137
"jeff",137
"jokes",137
"omggg",137
"personal",137
"practicing",137
"stacked",137
"ton",137
"ween",137
"whose",137
"closet",137
"homophobia",137
"lan",137
"ouuu",137
"setgame",137
"wrap",137
"younger",137
"rons",137
"bronze",136
"cereal1",136
"complaining",136
"embarrassing",136
"fried",136
"ignore",136
"instant",136
"karma",136
"pray",136
"racing",136
"rly",136
"trap",136
"yuh",136
"lemon",136
"micheal",136
"ram",136
"doto",136
"suki",136
"changes",135
"choked",135
"connoreatspants",135
"ik",135
"it'll",135
"monday",135
"product",135
"rotation",135
"tilted",135
"upset",135
"europe",135
"friday",135
"gifts",135
"pmo",135
"mustache",135
"reality",135
"boxing",135
"duke",135
"allez",135
"profesor",135
"101",134
"bih",134
"broadcast",134
"byeeee",134
"calls",134
"dare",134
"duck",134
"evilge",134
"incident",134
"normally",134
"songs",134
"41",134
"goldplz",134
"tts",134
"taxes",134
"theilluminati",134
"wwwwwwwwww",134
"peepotrip",134
"dorm",134
"buns",133
"certain",133
"cutting",133
"hater",133
"heaven",133
"hug",133
"kart",133
"ludwigtoss",133
"promise",133
"talent",133
"we'll",133
"woulda",133
"400",133
"concept",133
"dew",133
"poetry",133
"travel",133
"3k",132
"announcement",132
"bench",132
"byee",132
"comp",132
"craft",132
"dressed",132
"fw",132
"jasons",132
"kingdom",132
"park",132
"previous",132
"remake",132
"sahur",132
"sentence",132
"smirk",132
"tiger",132
"whattt",132
"collection",132
"refund",132
"swinging",132
"53",132
"bleedpurplehd",132
"vohiyo",132
"2020",131
"55",131
"apart",131
"boxbox",131
"damnnnn",131
"footage",131
"gng",131
"goddamn",131
"haters",131
"large",131
"pregnant",131
"subtitles",131
"warm",131
"colors",131
"friendly",131
"ludwigrelax",131
"theme",131
"hall",131
"pi",131
"rice",131
"wubby7",131
"bite",130
"brigade",130
"catching",130
"clue",130
"desk",130
"dive",130
"er",130
"freeze",130
"giant",130
"luka",130
"model",130
"shield",130
"skateparkge",130
"reacting",130
"tape",130
"simulator",130
"bunting",130
"atkdown",129
"coast",129
"forsencd",129
"ho",129
"inc",129
"louder",129
"window",129
"yah",129
"addicted",129
"bronny",129
"category",129
"clipped",129
"ludwigk",129
"wha",129
"cheer",129
"ee",128
"gf",128
"ishowspeed",128
"luigi",128
"shaking",128
"silence",128
"they'll",128
"trans",128
"unironically",128
"dress",128
"yayyy",128
"phones",128
"ironmousewiggly",128
"alcohol",128
"creed",128
"cafeteria",128
"flaws",128
"ludwigahgren",128
"according",127
"awwwww",127
"chilling",127
"climb",127
"coded",127
"command",127
"cycle",127
"gon",127
"he'd",127
"memory",127
"monster",127
"flower",127
"growth",127
"speaker",127
"cowjam",127
"120",126
"fk",126
"goofy",126
"hidden",126
"korean",126
"los",126
"otherwise",126
"punished",126
"turning",126
"void",126
"xbox",126
"anonymous",126
"lilypichu",126
"raes",126
"scamming",126
"skipping",126
"tekken",126
"carrot",126
"tas",126
"timmy",126
"coworkers",126
"6x",126
"ludwigeye",126
"34",125
"baiting",125
"bricks",125
"holyyy",125
"hrs",125
"jealous",125
"jtw",125
"lvl",125
"mb",125
"onto",125
"peepocute",125
"positive",125
"redemption",125
"scotland",125
"sounded",125
"soysmirk",125
"trading",125
"va",125
"werent",125
"winners",125
"harry",125
"taylor",125
"aqua",125
"choices",125
"ludwigu",125
"realka58handrub",125
"announce",124
"blocked",124
"dota",124
"follower",124
"honesty",124
"indeed",124
"mana",124
"marioblj",124
"messages",124
"nami",124
"opportunity",124
"rent",124
"sadly",124
"touching",124
"troll",124
"wassup",124
"hint",124
"owes",124
"connection",124
"rsg",124
"holo",124
"americans",123
"bf",123
"boost",123
"damnn",123
"easter",123
"flsr",123
"fulham",123
"gear",123
"load",123
"ludwigplead",123
"mewspin",123
"overall",123
"owe",123
"rise",123
"silverge",123
"successful",123
"uhhhh",123
"diabolical",123
"lean",123
"scores",123
"string",123
"actors",123
"ross",123
"trueee",123
"rolex",123
"clickme",123
"breath",122
"bru",122
"drugs",122
"kidding",122
"lololol",122
"picks",122
"prison",122
"rewind",122
"rp",122
"til",122
"alveus",122
"cammy",122
"data",122
"pitcher",122
"seat",122
"wouldn",122
"shoe",122
"pikachu",122
"bans",121
"dante",121
"ing",121
"itself",121
"malphite",121
"regular",121
"torture",121
"twins",121
"concerned",121
"ninja",121
"report",121
"stinkycheese",121
"text",121
"christmas",121
"luis",121
"sum",121
"lace",121
"nyu",121
"afraid",120
"andy",120
"becoming",120
"bi",120
"gah",120
"ignite",120
"jeez",120
"ludbud",120
"ou",120
"pausers",120
"poo",120
"stolen",120
"tongue",120
"yr",120
"bitcoin",120
"lava",120
"msg",120
"nail",120
"treat",120
"editing",120
"llll",120
"acid",120
"arg",120
"cummies",120
"adult",119
"convo",119
"could've",119
"covered",119
"dqw4w9wgxcq",119
"eagle",119
"ep",119
"everyday",119
"further",119
"oml",119
"position",119
"toss",119
"interview",119
"slander",119
"texture",119
"winniehuh",119
"ethernet",119
"30k",119
"pbm",119
"usc",119
"eepy",118
"librarian",118
"miserable",118
"neither",118
"onthehouse0",118
"porodisco",118
"posted",118
"quote",118
"sayin",118
"shape",118
"spin",118
"yelling",118
"yesyes",118
"ham",118
"marriage",118
"jammies",118
"uhaul",118
"ni",118
"wither",118
"expelled",118
"besides",117
"bullet",117
"gaymer",117
"gooning",117
"heads",117
"leaf",117
"loving",117
"mickey",117
"moly",117
"naruto",117
"planning",117
"punish",117
"realized",117
"standard",117
"thousands",117
"touched",117
"ultimate",117
"unique",117
"bringing",117
"frames",117
"library",117
"mina",117
"roblox",117
"wah",117
"lip",117
"piano",117
"scenes",117
"bruce",116
"cops",116
"expected",116
"flying",116
"goatemotey",116
"leaves",116
"noob",116
"okiseme",116
"options",116
"playlist",116
"rain",116
"slightly",116
"teammates",116
"tmr",116
"unlock",116
"wwwwwwwwwww",116
"05",116
"hated",116
"hm",116
"millions",116
"shakes",116
"hunger",116
"personally",116
"jackson",116
"haaland",116
"ramen",116
"dontai",116
"52",115
"aa",115
"afford",115
"assassins",115
"baddie",115
"bits",115
"boutta",115
"butter",115
"growing",115
"hill",115
"noooooooooo",115
"ol",115
"sonion",115
"stayed",115
"victory",115
"viewership",115
"calc",115
"miku",115
"nation",115
"needheal",115
"ps5",115
"tears",115
"bloodtrail",115
"followers",115
"sons",115
"affairs",115
"snap",114
"bam",114
"below",114
"buttons",114
"connect",114
"consider",114
"garbage",114
"information",114
"regardless",114
"whys",114
"bullying",114
"crypto",114
"f4",114
"goodnight",114
"ruin",114
"tight",114
"username",114
"blocking",114
"dreams",114
"poker",114
"pearls",114
"unpaid",114
"acab",113
"blonde",113
"fking",113
"girlboss",113
"guessed",113
"halo",113
"ludwigdance",113
"odds",113
"rolled",113
"sneekyturtless",113
"spitting",113
"stepped",113
"biblethump",113
"dice",113
"pixels",113
"resident",113
"shrek",113
"stadium",113
"ada",113
"joes",113
"knees",113
"shock",113
"tour",113
"july",113
"asia",113
"ahhhh",112
"fam",112
"guitar",112
"lay",112
"sajj",112
"bastion",112
"climbing",112
"crab",112
"jobs",112
"peepotrans",112
"seek",112
"spongebob",112
"yum",112
"2222",112
"billion",112
"india",112
"joebartwebelieve",112
"taw",112
"15k",111
"commentating",111
"crap",111
"dms",111
"dogs",111
"inspired",111
"mechanics",111
"nils",111
"pointless",111
"punishment",111
"reacts",111
"smurf",111
"spread",111
"wondering",111
"brawl",111
"cursed",111
"guessing",111
"hypelul",111
"inventory",111
"limited",111
"media",111
"pepemeltdown",111
"pirates",111
"reload",111
"shark",111
"shh",111
"glorpnotl",111
"malek",111
"cicadas",111
"ludwig2",111
"fslrheart",111
"bully",110
"cameo",110
"doublelift",110
"friendslop",110
"gimme",110
"personality",110
"pitched",110
"rekrap",110
"removed",110
"slimes",110
"spelling",110
"we've",110
"womp",110
"yeahhh",110
"perhaps",110
"brasil",110
"ohne",110
"cryptic",110
"gatorade",110
"smallant",110
"chico",110
"villain",109
"ability",109
"caitthinking",109
"candy",109
"drone",109
"locking",109
"mama",109
"ohhhhh",109
"sets",109
"survival",109
"wholesome",109
"worried",109
"aiming",109
"chop",109
"letsgooo",109
"local",109
"warning",109
"doo",109
"hanging",109
"guest",109
"tony",109
"kevin",109
"mass",109
"noko",109
"batting",109
"75",108
"assassin",108
"cheeks",108
"confidence",108
"conversation",108
"coward",108
"crew",108
"delete",108
"jumped",108
"korea",108
"ludwigbrb",108
"minion",108
"minorspellingmistake",108
"niche",108
"president",108
"africa",108
"intern",108
"timeline",108
"unlocked",108
"bump",108
"larpwig",108
"cigarettes",108
"drinks",108
"goodone",108
"peepofat",108
"swim",108
"rynenzo",108
"chips",107
"curious",107
"cutie",107
"decided",107
"dev",107
"distance",107
"elite",107
"enjoying",107
"feelswowman",107
"jus",107
"kapp",107
"pastamystic",107
"profit",107
"spawn",107
"squeexjackass",107
"neff",107
"obama",107
"passed",107
"ceremony",107
"norway",107
"ludwigyikes",107
"scuffed",107
"mei",107
"b52",107
"222",107
"bombers",107
"ysabellagrace",107
"attempt",106
"avatar",106
"awardd",106
"bruv",106
"competing",106
"defense",106
"forms",106
"mountain",106
"olympics",106
"omgggg",106
"six",106
"turbo",106
"videodoll",106
"error",106
"hardcore",106
"lovelymomo",106
"overworking2",106
"places",106
"2000",106
"cherry",106
"angel",106
"hydration",106
"penny",106
"ships",106
"assume",105
"blud",105
"clone",105
"create",105
"fashion",105
"fries",105
"herself",105
"ironmouseletsgohype",105
"minimum",105
"obsession",105
"papa",105
"pet",105
"potion",105
"quickly",105
"refresh",105
"seven",105
"steps",105
"stopfighting",105
"sweat",105
"thinkge",105
"upload",105
"wasting",105
"weirdo",105
"yesssssss",105
"yoshiwhat",105
"youd",105
"leapin",105
"platform",105
"di",105
"plotge",105
"bts",105
"stableronaldo",105
"jojothamofo",105
"abilities",104
"ally",104
"cast",104
"coulda",104
"crine",104
"giga",104
"girlfriend",104
"inning",104
"peepobye",104
"success",104
"wayyy",104
"within",104
"accept",104
"couldn",104
"tung",104
"vhagarchamp",104
"shade",104
"yingo",104
"exemclap",104
"wooooooo",104
"lincoln",104
"nolan",104
"nerdi",104
"pavkin",104
"poke",103
"ayyy",103
"carpet",103
"clicked",103
"d1",103
"followed",103
"friendship",103
"insanely",103
"jungle",103
"lmaooooooooo",103
"mask",103
"ny",103
"olds",103
"ooooh",103
"process",103
"safety",103
"tmrw",103
"zelda",103
"kirk",103
"wuh",103
"arrested",103
"salary",103
"43267",103
"rui",103
"porn",102
"37",102
"ant",102
"decide",102
"dong",102
"ewfrance",102
"grew",102
"helmet",102
"horses",102
"spit",102
"stamp",102
"timed",102
"upgrade",102
"waited",102
"weren't",102
"angelthump",102
"calvinaiden",102
"jade",102
"jokezzzxz",102
"lagging",102
"zipper",102
"figured",102
"simp",102
"realka58tongue",102
"38",101
"39",101
"anga",101
"animal",101
"apply",101
"avoid",101
"beer",101
"caps",101
"covid",101
"fraud",101
"fym",101
"grace",101
"hmmmm",101
"holyyyy",101
"jumping",101
"leaks",101
"moments",101
"nahhhh",101
"opened",101
"owns",101
"ranged",101
"rolling",101
"smiling",101
"sort",101
"taller",101
"watches",101
"zazaglorp",101
"1111",101
"600",101
"haven",101
"ironmousethoomin",101
"wings",101
"beater",101
"bopbop",101
"wrote",101
"cheaters",101
"derek",101
"fuh",101
"dealer",101
"t2t",101
"countdown",101
"residentsleeper",101
"ocsc",101
"char",100
"cus",100
"finding",100
"fresh",100
"guard",100
"hoping",100
"joking",100
"jumpscare",100
"lately",100
"physical",100
"progress",100
"pushed",100
"science",100
"session",100
"shits",100
"un",100
"unfortunate",100
"universe",100
"usual",100
"ways",100
"widepeepohappy",100
"58",100
"badge",100
"checking",100
"skins",100
"sticky",100
"meatball",100
"thumbnails",100
"commands",100
"groups",100
"doctorbattle",100
"pitching",100
"46",100
"fbcatch",100
"squeexboing",100
"tomatotime",100
"superft",100
"classroom",100
"accident",99
"blast",99
"excuses",99
"ican",99
"jet",99
"oooooooo",99
"surprise",99
"topic",99
"cowge",99
"homophobic",99
"lopunny",99
"ludwigcoach",99
"sky",99
"10s",99
"emotional",99
"messy",99
"simply",99
"16k",99
"brady",99
"squeexvoila",99
"quackity",99
"bo7",98
"bus",98
"feelsvi",98
"fork",98
"highschool",98
"huhh",98
"kkona",98
"knower",98
"legally",98
"lid",98
"monkahmm",98
"offs",98
"percent",98
"popped",98
"prefer",98
"related",98
"reward",98
"saythatagain",98
"screw",98
"strength",98
"talkin",98
"tournaments",98
"tuned",98
"vo",98
"aight",98
"beach",98
"obs",98
"shitting",98
"wine",98
"metallic",98
"booth",98
"homerun",98
"label",98
"54",97
"65",97
"amen",97
"bing",97
"contest",97
"coolstorybob",97
"enemies",97
"est",97
"execute",97
"fist",97
"itll",97
"levels",97
"liamkdrip",97
"loooool",97
"masters",97
"mentality",97
"omgg",97
"package",97
"painful",97
"persona",97
"rematch",97
"scale",97
"serving",97
"unfair",97
"dear",97
"raiders",97
"yayyyy",97
"boxes",97
"earn",97
"pace",97
"bidet",97
"compare",97
"motorcycle",97
"glorming",97
"networking",97
"supers",97
"youzi",97
"2xko",96
"beg",96
"bluff",96
"cancer",96
"chef",96
"crashing",96
"deez",96
"default",96
"firsttimechatter",96
"hbox",96
"ignored",96
"involved",96
"it'd",96
"mandarin",96
"puzzle",96
"repeat",96
"snow",96
"speedrunning",96
"spotted",96
"timeout",96
"ups",96
"hibestie",96
"jelly",96
"yooooooo",96
"bold",96
"logo",96
"hanner",96
"lectures",96
"rubenx10monke",96
"140",95
"aaa",95
"brings",95
"brooooo",95
"ca",95
"cameras",95
"caster",95
"corn",95
"cuck",95
"disease",95
"hail",95
"letter",95
"lsf",95
"lwk",95
"pan",95
"passive",95
"pointandlaugh",95
"shirts",95
"tilt",95
"apologize",95
"fbtouchdown",95
"jordan",95
"lighting",95
"sage",95
"aka",95
"mill",95
"ohmydog",95
"shiii",95
"caroline",95
"gourd",95
"winter",95
"abrams",95
"22222",95
"slushy",95
"cmonbruh",95
"addict",94
"cases",94
"demo",94
"flat",94
"flexing",94
"fusdance",94
"kalshi",94
"lift",94
"matt",94
"pasta",94
"relationship",94
"ummm",94
"unit",94
"bugged",94
"enjoyed",94
"lash",94
"ope",94
"reply",94
"saturday",94
"study",94
"billy",94
"countries",94
"female",94
"medium",94
"pope",94
"vip",94
"stressed",94
"gummy",94
"logan",94
"gorgeous",94
"joeeee",94
"222222",94
"ellysa",94
"130",93
"bone",93
"canon",93
"exists",93
"gain",93
"goodness",93
"hairline",93
"image",93
"slam",93
"spirit",93
"staying",93
"swag",93
"diva",93
"donate",93
"foolish",93
"gettin",93
"lmfaooooooo",93
"narc",93
"smurfing",93
"vsync",93
"wagay",93
"hank",93
"theory",93
"van",93
"molly",93
"smokes",93
"hcjustin",93
"fusslap",93
"tylil",93
"faker",92
"fellow",92
"forced",92
"helpful",92
"how's",92
"hustle",92
"impact",92
"ish",92
"lion",92
"pictures",92
"pros",92
"response",92
"rose",92
"stops",92
"tha",92
"unreal",92
"anybody",92
"marketing",92
"maxxing",92
"rlly",92
"seemed",92
"drawing",92
"lolllll",92
"mhmm",92
"sadcat",92
"sushi",92
"stalling",92
"parking",92
"catrnado",92
"natniss",92
"mangofox",92
"anywhere",91
"difficult",91
"disagree",91
"icl",91
"lanes",91
"lineup",91
"male",91
"npc",91
"parker",91
"quiz",91
"switched",91
"terms",91
"therapy",91
"urself",91
"wisdom",91
"yeahhhh",91
"combined",91
"farmer",91
"giveheal",91
"hiiiii",91
"homeless",91
"tomato",91
"loop",91
"manlybadasshero",91
"perspective",91
"squat",91
"stretch",91
"cartridge",91
"chrome",91
"prestige",91
"hao",91
"mob",91
"cdawgraid",91
"n3zmodtowelie",91
"6k",90
"adventure",90
"backwards",90
"brian",90
"costs",90
"hosting",90
"pal",90
"pie",90
"pretend",90
"probs",90
"represent",90
"revenge",90
"ruining",90
"stat",90
"sucked",90
"towers",90
"turret",90
"uncle",90
"7x",90
"blaming",90
"chib",90
"cousin",90
"dc",90
"instagram",90
"culture",90
"fantastic",90
"horror",90
"roman",90
"axe",90
"crouch",90
"medal",90
"sealed",90
"poisoned",90
"yurnboi",90
"111",89
"blitz",89
"burning",89
"coffeezilla",89
"con",89
"laser",89
"mm",89
"myth",89
"problems",89
"sniper",89
"00",89
"bean",89
"employees",89
"explains",89
"higa",89
"keepo",89
"ore",89
"stays",89
"arch",89
"ludwigtantrum",89
"fade",89
"passport",89
"qts",89
"luv",89
"temple",89
"ludwig1",89
"console",88
"athletic",88
"brackets",88
"chokewig",88
"eventually",88
"interaction",88
"june",88
"kitchen",88
"ooof",88
"patch",88
"possibly",88
"root",88
"smite",88
"specifically",88
"sponsorship",88
"sticks",88
"tetris",88
"gaf",88
"pill",88
"shiny",88
"smorc",88
"mlb",88
"smarter",88
"uhoh",88
"jr",88
"chipotle",88
"itswill",88
"ssssssplode",88
"mangobanger",88
"porygon",88
"trojans",88
"mayaaaa",88
"magik",88
"yifu",88
"agabrickthrow",87
"argue",87
"ceiling",87
"dis",87
"everyones",87
"expecting",87
"ffs",87
"ft",87
"fucks",87
"furry",87
"hyped",87
"impression",87
"jacksepticeye",87
"lived",87
"maj",87
"mics",87
"overtime",87
"pathetic",87
"perma",87
"pissing",87
"planned",87
"practiced",87
"sides",87
"th",87
"towards",87
"tune",87
"wtfff",87
"zen",87
"cigs",87
"loolo",87
"mango",87
"prop",87
"rofl",87
"squeex's",87
"stinkyglitch",87
"sweden",87
"trueeee",87
"vegas",87
"dap",87
"earned",87
"mission",87
"pays",87
"rights",87
"valve",87
"ludwiggiggle",87
"premier",87
"eve",87
"zip",87
"guyed",87
"sameshirt",87
"tatum",87
"5000",86
"acc",86
"afk",86
"authentic",86
"bb",86
"boots",86
"frick",86
"lover",86
"mercy",86
"peepohey",86
"quebec",86
"sheet",86
"station",86
"stopping",86
"teh",86
"yu",86
"animals",86
"david",86
"fool",86
"gravity",86
"project",86
"yaay",86
"lllll",86
"nerves",86
"terry",86
"worm",86
"morocco",86
"autograph",86
"cameramen",86
"keenan",86
"malloy",86
"hugssplat",86
"aswell",85
"baseg",85
"billionaire",85
"casual",85
"checks",85
"childhood",85
"considered",85
"criminal",85
"cya",85
"dirt",85
"doubled",85
"impressed",85
"individual",85
"nap",85
"nms",85
"shoulder",85
"sneaky",85
"tastes",85
"theater",85
"treasure",85
"wanting",85
"yamamoto",85
"fingers",85
"flew",85
"gunna",85
"ima",85
"princess",85
"scar",85
"sleepy",85
"waddup",85
"youtu",85
"addiction",85
"honey",85
"johnny",85
"sacrifice",85
"whatttt",85
"couch",85
"ewwwww",85
"ripped",85
"gooch",85
"border",85
"qte",85
"anyme",85
"tinakiplz",85
"360",84
"address",84
"allegations",84
"bubble",84
"burnt",84
"chase",84
"clothes",84
"coke",84
"glitch",84
"goooooooo",84
"joy",84
"lack",84
"puts",84
"remind",84
"rotate",84
"someones",84
"sooooo",84
"tone",84
"walls",84
"camp",84
"ns",84
"quarter",84
"sue",84
"zyns",84
"grandpa",84
"lmfaoooooooo",84
"os",84
"spoil",84
"fronchman",84
"retire",84
"comic",84
"frozen",84
"yonnajw",84
"farlands",84
"145",83
"bets",83
"cracking",83
"defend",83
"faith",83
"file",83
"fits",83
"gosh",83
"lug",83
"playstation",83
"pup",83
"scissors",83
"shorter",83
"spoon",83
"suuure",83
"terraria",83
"tricks",83
"twink",83
"updated",83
"venue",83
"corners",83
"dancing",83
"falls",83
"folded",83
"location",83
"rating",83
"tennis",83
"welcomeraiders",83
"headshot",83
"crafting",83
"bo2",83
"steerr",83
"ironmousejammies",83
"aunt",83
"clickbait",83
"adding",82
"becomes",82
"brandon",82
"cpu",82
"demons",82
"flow",82
"funniest",82
"ina",82
"lab",82
"lmaoooooooooo",82
"odd",82
"pressed",82
"schizo",82
"service",82
"source",82
"surprising",82
"thankegg",82
"tripping",82
"whenever",82
"x2",82
"bday",82
"g208",82
"sunday",82
"employee",82
"nina",82
"noodles",82
"recording",82
"nether",82
"wigg",82
"raided",82
"brody",82
"placebo",82
"theagencywhands",82
"xenophobia",82
"135",81
"6th",81
"assistant",81
"bee",81
"busted",81
"clash",81
"compete",81
"cuh",81
"doll",81
"highkey",81
"idiots",81
"lawsuit",81
"lotta",81
"nearly",81
"nono",81
"olympic",81
"peeporun",81
"plastic",81
"pred",81
"sees",81
"stray",81
"truee",81
"util",81
"booty",81
"drizzles",81
"marry",81
"momentum",81
"sandwich",81
"fkn",81
"je",81
"village",81
"netherite",81
"insurance",81
"iphone",81
"mighty",81
"streameru",81
"mercywing2",81
"budget",81
"vlog",81
"suburb",81
"sukimellow",81
"leent7hh",81
"8k",80
"access",80
"alien",80
"danger",80
"devil",80
"escape",80
"evidence",80
"hotel",80
"injured",80
"luda",80
"shelf",80
"shush",80
"subscribe",80
"supporting",80
"uneven",80
"ure",80
"cried",80
"finna",80
"gooner",80
"hahahahahaha",80
"ignoring",80
"kapow",80
"popcorn",80
"texas",80
"adults",80
"degrees",80
"slower",80
"indian",80
"platinum",80
"byeberg",80
"bribe",80
"curve",80
"anco",80
"flushed",80
"kais",80
"babyj",80
"bigmonraph",80
"naija",80
"nizzy",80
"10000",79
"agent00",79
"chatgpt",79
"choking",79
"eachother",79
"extremely",79
"hood",79
"lad",79
"niceee",79
"reactions",79
"screwed",79
"whistling",79
"yk",79
"disc",79
"donkwalk",79
"hswp",79
"rl",79
"toe",79
"11111",79
"alex",79
"denied",79
"grinding",79
"oldest",79
"rubber",79
"brah",79
"proceed",79
"tinakitten",79
"apollo",79
"jerseys",79
"laufey",79
"meteorite",79
"pangea",79
"fanfan",79
"hoppers",79
"auntie",79
"ironmouseomegalul",79
"coco",79
"tenet",79
"evelyn331ww",79
"formalv20lostfull",79
"moron",78
"8th",78
"adhd",78
"alarm",78
"army",78
"babies",78
"ded",78
"eso",78
"fishing",78
"guilty",78
"idc",78
"kit",78
"lovers",78
"monke",78
"popping",78
"recent",78
"thrown",78
"tuesday",78
"tweaking",78
"uno",78
"warcraft",78
"wit",78
"birds",78
"du",78
"edited",78
"grabbed",78
"happend",78
"injury",78
"leaning",78
"shakedrizzle",78
"struggling",78
"witch",78
"companies",78
"covering",78
"hahahahah",78
"peepoleave",78
"photos",78
"thinker",78
"wipe",78
"firsttimeaga",78
"shroud",78
"channels",78
"mon",78
"peepostare",78
"supply",78
"nooooooooooo",78
"consistency",78
"couri",78
"sh",78
"interstellar",78
"loyal",78
"pablo's",78
"theagencycheer",78
"adge",77
"burrito",77
"complain",77
"decade",77
"dunno",77
"harsh",77
"leader",77
"makeup",77
"mfs",77
"mi",77
"otay",77
"pokimane",77
"qxdd",77
"realistic",77
"tells",77
"whyd",77
"hackermans",77
"invested",77
"kissed",77
"lakers",77
"panda",77
"passion",77
"pile",77
"scoring",77
"steak",77
"doc",77
"errors",77
"gregory",77
"ludwigshy",77
"pixel",77
"rig",77
"vro",77
"coms",77
"omen",77
"recorded",77
"widecatgroove",77
"consort",77
"labubu",77
"lg",77
"feinbert",77
"joeee",77
"453",77
"aaron",76
"antitrustenthusiast",76
"commit",76
"cuts",76
"mijo",76
"mindset",76
"mygoatwashed",76
"nerf",76
"pleaseeee",76
"polar",76
"properly",76
"snipe",76
"sweaty",76
"udwig",76
"california",76
"dynasty",76
"ludwigfarm",76
"pivot",76
"raze",76
"subway",76
"tims",76
"videogames",76
"handshake",76
"se",76
"stink",76
"italy",76
"ksi",76
"propose",76
"raebum",76
"patched",76
"freepablo",76
"ortiz",76
"jasont2nms",76
"evynhutrattled",76
"ayy",75
"builds",75
"chaos",75
"crashout",75
"depth",75
"feelslagman",75
"firing",75
"goldwig",75
"healthy",75
"kicking",75
"noidontthinkso",75
"parts",75
"preach",75
"reasonable",75
"shower",75
"snack",75
"43",75
"aolpls",75
"caffeine",75
"engineering",75
"fff",75
"italian",75
"longest",75
"orcane",75
"active",75
"cjya",75
"input",75
"segments",75
"shooters",75
"whip",75
"coal",75
"kj",75
"rates",75
"tim67",75
"ding",75
"kicks",75
"labor",75
"feelsbirthdayman",75
"mercywing1",75
"raeclap2",75
"mayaaaaa",75
"alum",75
"vargentina",75
"clicker",75
"ludwigthicc",75
"2028",74
"allow",74
"bozo",74
"century",74
"definition",74
"hasn",74
"hunting",74
"improve",74
"microphone",74
"neutral",74
"pos",74
"rq",74
"salty",74
"san",74
"slots",74
"tragic",74
"hunt",74
"owl",74
"performative",74
"pills",74
"politesl",74
"reads",74
"scroll",74
"exposure",74
"humans",74
"kekl",74
"shown",74
"switching",74
"traffic",74
"sync",74
"historically",74
"marching",74
"tenure",74
"cdawgclap",74
"eido",74
"48",73
"arrived",73
"austin",73
"beyond",73
"bills",73
"breathing",73
"bullets",73
"chuddy",73
"csgo",73
"gpu",73
"indie",73
"ketameep",73
"ludwiglurk",73
"mistakes",73
"oat",73
"offer",73
"pics",73
"plenty",73
"quest",73
"selected",73
"silent",73
"stall",73
"strange",73
"translate",73
"bo",73
"cars",73
"creative",73
"crosshair",73
"fu",73
"generation",73
"mmmmmmm",73
"pointcrow",73
"research",73
"smells",73
"stood",73
"swift",73
"tip3tip",73
"tos",73
"wsp",73
"backpack",73
"corny",73
"itttt",73
"lips",73
"loaded",73
"redbulls",73
"spicy",73
"stakes",73
"wellington",73
"cupcake",73
"feaky",73
"fortone",73
"lilly",73
"request",73
"scoreboard",73
"activities",73
"curry",73
"military",73
"throne",73
"coords",73
"norwaypd",73
"mentor",73
"sg",73
"stabewhite",73
"noobz",73
"160",72
"72",72
"admit",72
"amp",72
"balloon",72
"clint",72
"confident",72
"continue",72
"cooler",72
"correctly",72
"damm",72
"failfish",72
"feeding",72
"majide",72
"mixed",72
"participating",72
"pleaseee",72
"pvp",72
"robot",72
"stacks",72
"streets",72
"wii",72
"bu",72
"homies",72
"pickle",72
"rocks",72
"roof",72
"esseraf",72
"poster",72
"slimeirl",72
"written",72
"42",72
"dmca",72
"lirik",72
"qtcparty",72
"dsi",72
"mph",72
"watermelon",72
"gingerpale",72
"ludwigbounce",72
"timezone",72
"beds",72
"poundy",72
"acl",72
"underline",72
"samham",72
"argeniespin",72
"mayaaa",72
"2027",71
"cookin",71
"dragau4",71
"dust",71
"engage",71
"global",71
"guy's",71
"menace",71
"minor",71
"parkour",71
"patience",71
"perfectly",71
"trades",71
"85",71
"asmr",71
"ayyyy",71
"claim",71
"despairge",71
"hockey",71
"propaganda",71
"ridiculous",71
"tuition",71
"yippie",71
"animations",71
"awake",71
"mold",71
"netherlands",71
"revenue",71
"slapped",71
"wayyyy",71
"kong",71
"society",71
"pens",71
"plaque",71
"peeposad",71
"glowdar",71
"meechree",71
"argenieclap",71
"evelyn331twins",71
"bo1",70
"canceled",70
"cats",70
"cc",70
"confusing",70
"connors",70
"cough",70
"fights",70
"hahahahahah",70
"lulu",70
"malph",70
"marker",70
"mmmhmm",70
"obv",70
"password",70
"shiv",70
"struggle",70
"when's",70
"badass",70
"chick",70
"clout",70
"lighter",70
"physics",70
"potato",70
"speedrunners",70
"stocks",70
"wa",70
"yell",70
"australian",70
"cart",70
"empire",70
"painted",70
"frogs",70
"joining",70
"radio",70
"bianji",70
"midoffs",70
"surgery",70
"twister",70
"vodka",70
"upppp",70
"marisadd",70
"buckets",70
"faces",69
"believer",69
"bezos",69
"corrupt",69
"crashed",69
"falco",69
"familiar",69
"fiddler",69
"firsttimehuh",69
"flame",69
"garendance",69
"grok",69
"guh",69
"including",69
"laggy",69
"ludwigeek",69
"nowadays",69
"ole",69
"orb",69
"porter",69
"protect",69
"pulls",69
"raemhm",69
"redbulltime",69
"shocked",69
"sniping",69
"speedrunner",69
"stress",69
"survive",69
"cloud",69
"fighters",69
"gamecube",69
"jay",69
"norwegian",69
"badly",69
"chan",69
"explained",69
"layaway",69
"activation",69
"hitter",69
"jesse",69
"spoiler",69
"booster",69
"george",69
"rps",69
"intheirbag",69
"zero4171",69
"curling",69
"draftout",69
"marissa",69
"elbow",69
"316",69
"sunscreen",69
"cartoon",68
"7th",68
"al",68
"braindead",68
"casting",68
"combat",68
"computa",68
"confirm",68
"constantly",68
"dp",68
"drag",68
"gaslight",68
"incredibly",68
"jerk",68
"kittyjam",68
"logic",68
"peoples",68
"ragebaiting",68
"results",68
"ripbozoftsqueex",68
"sharing",68
"signature",68
"snacks",68
"wolf",68
"wwwwwwwwwwww",68
"xp",68
"clipfarming",68
"debt",68
"ftw",68
"holes",68
"ireland",68
"native",68
"origins",68
"strict",68
"auraaa",68
"blender",68
"lvcpopcorn",68
"mexicoooo",68
"mud",68
"shine",68
"willing",68
"diet",68
"pole",68
"proper",68
"arts",68
"baguette",68
"credits",68
"scholarship",68
"arrows",68
"retention",68
"ted",68
"fortllama",68
"pokgengar",68
"tvu",68
"cinnaclap",68
"deleted",67
"aggressive",67
"awwwwww",67
"booooooo",67
"bounce",67
"cheats",67
"drew",67
"duty",67
"explode",67
"fed",67
"folks",67
"gods",67
"gud",67
"haul",67
"heated",67
"iirc",67
"launch",67
"premium",67
"respectfully",67
"riven",67
"sale",67
"tcg",67
"thatscrazy",67
"tries",67
"understandable",67
"battlerite",67
"lolololol",67
"ludbuds",67
"matching",67
"separate",67
"basedcigar",67
"omggggg",67
"property",67
"salad",67
"stairs",67
"invented",67
"ironmouseclap",67
"cubertspin",67
"fossil",67
"grant",67
"myavatar",67
"products",67
"staff",67
"feinburg",67
"glorpass",67
"serves",67
"themightyba",67
"yrgeyrg",67
"chancellor",67
"balding",66
"cams",66
"disappointed",66
"everyone's",66
"factor",66
"fantasy",66
"goblin",66
"infection",66
"interested",66
"invitational",66
"onetugchud",66
"plans",66
"playthrough",66
"pretending",66
"storm",66
"sudden",66
"theyve",66
"thin",66
"ulted",66
"200k",66
"cigarette",66
"minigame",66
"national",66
"netflix",66
"slot",66
"stroke",66
"blew",66
"clippers",66
"delusion",66
"en",66
"keepgambling",66
"steel",66
"swimming",66
"upper",66
"woeisme",66
"gambler",66
"gm",66
"sharp",66
"shipping",66
"direction",66
"maybach",66
"rebellion",66
"jaaski",66
"tunnel",66
"800k",66
"pigs",66
"magneto",66
"mickeymouse",66
"fiancé",66
"mightyba",66
"waterboy",66
"coins",65
"abuse",65
"cents",65
"cleared",65
"fo",65
"headset",65
"intense",65
"jsut",65
"letsgoooo",65
"nyc",65
"outs",65
"que",65
"ranking",65
"shin",65
"stronger",65
"threat",65
"tourny",65
"weirdge",65
"comin",65
"das",65
"gotchu",65
"ludy",65
"scare",65
"slip",65
"yoooooooo",65
"180",65
"akuma",65
"alienpls",65
"allowing",65
"bike",65
"mood",65
"nomato",65
"powerpoint",65
"spelled",65
"toes",65
"arguing",65
"farmed",65
"gooooooooo",65
"neon",65
"tearing",65
"ark",65
"boooooooo",65
"confirmation",65
"dump",65
"kai's",65
"belly",65
"cheers",65
"abs",65
"harrar",65
"haze",65
"pudgy",65
"canadaaaa",65
"105",64
"115",64
"accidently",64
"balanced",64
"boosted",64
"byeeeee",64
"cent",64
"defo",64
"drip",64
"former",64
"gj",64
"icon",64
"nostalgia",64
"notification",64
"owner",64
"skull",64
"steals",64
"weeb",64
"yh",64
"49",64
"begins",64
"bruhhh",64
"byebye",64
"concert",64
"gut",64
"kissing",64
"lucy",64
"nailed",64
"unstable",64
"assault",64
"mexicooo",64
"minifigure",64
"zhong",64
"album",64
"caveman",64
"chillin",64
"jett",64
"1x1",64
"gamerhood",64
"pump",64
"rem",64
"turtle",64
"155",64
"chin",64
"flackbag",64
"qtcheart",64
"highway",64
"integrity",64
"indomie",64
"yourrage",64
"squeexkissy",64
"bunts",64
"centering",64
"prologue",64
"martinnnn",64
"whiner",64
"mashing",63
"chances",63
"couriway",63
"exciting",63
"flies",63
"howdy",63
"jam",63
"ludwigsaj",63
"micro",63
"misses",63
"ops",63
"pops",63
"prepare",63
"pwease",63
"ti",63
"typed",63
"weapon",63
"111111",63
"crazyyy",63
"driver",63
"harden",63
"od",63
"oliviayup",63
"pewdiepie",63
"steamer",63
"stories",63
"dictator",63
"display",63
"economy",63
"ludwigwow",63
"méxico",63
"scheme",63
"simpson",63
"suprtf",63
"swooner",63
"upside",63
"unfollow",63
"wahoo",63
"yeh",63
"40k",63
"bones",63
"joebartvibe",63
"ludwigmad",63
"warming",63
"palworld",63
"timmmm",63
"safari",63
"planes",63
"scalper",63
"anjouu",63
"adapts",63
"bases",63
"ironmousepog",63
"krill",63
"wabewrld",63
"argument",62
"bm",62
"compliment",62
"corporate",62
"defending",62
"depending",62
"ethical",62
"excellent",62
"gem",62
"heyyy",62
"holyy",62
"luddd",62
"np",62
"reputation",62
"states",62
"78",62
"biased",62
"capture",62
"extension",62
"lotus",62
"oink",62
"punctual",62
"snhalfmoon",62
"swaga",62
"tnt",62
"understanding",62
"viral",62
"2019",62
"elephant",62
"european",62
"guidance",62
"moshi",62
"ms",62
"font",62
"slime's",62
"allen",62
"liquid",62
"raeahh",62
"yoda",62
"farms",62
"sprint",62
"sfam",62
"brainslug",62
"spill",62
"homeschooled",62
"hugsstinker",62
"ab",61
"answers",61
"asap",61
"blunt",61
"browser",61
"canadians",61
"deaf",61
"ds",61
"exposed",61
"flop",61
"fountain",61
"garden",61
"heals",61
"kirby",61
"liamkyeehaw",61
"lmaooooooooooo",61
"lugwig",61
"material",61
"meaning",61
"offense",61
"ogre",61
"prep",61
"randomly",61
"relatable",61
"ruh",61
"sa",61
"sight",61
"squeexsmoge",61
"takenrg",61
"twisted",61
"walks",61
"wwe",61
"emoji",61
"esports",61
"fancy",61
"farmers",61
"firsttime0",61
"forehead",61
"log",61
"rep",61
"spoke",61
"suicide",61
"victor",61
"visual",61
"1m",61
"ahhhhh",61
"catgroove",61
"jacked",61
"psycho",61
"staring",61
"chile",61
"investment",61
"bracelet",61
"fusfloss",61
"gained",61
"hypers",61
"jackie",61
"ltt",61
"vr",61
"weather",61
"wire",61
"woahhh",61
"xl",61
"feelsweakman",61
"7k",61
"fundamental",61
"fiancee",61
"ludwigthink",61
"mangofalco",61
"airport",60
"44",60
"barrier",60
"explaining",60
"fmcl",60
"forgetting",60
"goood",60
"gotcha",60
"greg",60
"jim",60
"lemickey",60
"listened",60
"loading",60
"minifigs",60
"network",60
"noice",60
"noodle",60
"ntnt",60
"penguin",60
"predict",60
"ranks",60
"res",60
"rewatch",60
"rob",60
"shave",60
"shy",60
"250",60
"brainrot",60
"ciggy",60
"controls",60
"evening",60
"freaky",60
"gambit",60
"ironmouselove",60
"ludd",60
"midzito",60
"passing",60
"rings",60
"sisters",60
"temu",60
"thursday",60
"useful",60
"2024",60
"hw",60
"letters",60
"mash",60
"memories",60
"nowhere",60
"overhead",60
"throat",60
"travis",60
"virus",60
"phd",60
"philosophy",60
"certificate",60
"copper",60
"earrings",60
"filled",60
"sleeve",60
"bongocat",60
"collabs",60
"hats",60
"fineberg",60
"obby",60
"plsss",60
"poooound",60
"slayy",60
"announcing",60
"ottomated",60
"tommy",60
"shootout",60
"keisha",60
"detachment",60
"kode",60
"maghla",60
"zetian",60
"zoilwalk",60
"slowbart",60
"mangobleh",60
"125",59
"brb",59
"closing",59
"crushed",59
"greek",59
"healing",59
"llllll",59
"ludwigg",59
"lword",59
"mechanic",59
"oniiver",59
"planet",59
"recommend",59
"sake",59
"section",59
"shoots",59
"theatre",59
"watcher",59
"wtff",59
"ash",59
"crushing",59
"fah",59
"ffff",59
"gigantic",59
"glue",59
"ludwigirs",59
"miles",59
"muga",59
"partner",59
"ppoverheat",59
"studio",59
"breathe",59
"explanation",59
"grip",59
"ick",59
"nerds",59
"pepew",59
"smoge",59
"flank",59
"frankerz",59
"nade",59
"retired",59
"baller",59
"filipino",59
"grades",59
"graves",59
"pitches",59
"vga",59
"transition",59
"mau5",59
"explosives",59
"hs",59
"bubbledduckluck",59
"sail",59
"piracy",59
"fleeting",59
"3333",59
"evelyn",59
"omgluh",59
"obiwanjakobison",59
"software",58
"ages",58
"analysis",58
"asl",58
"assuming",58
"buffs",58
"champions",58
"cluegi",58
"dl",58
"inch",58
"inner",58
"inviting",58
"length",58
"muscle",58
"omm",58
"phew",58
"pots",58
"primed",58
"pronounce",58
"select",58
"shameless",58
"shopify",58
"smadge",58
"stomach",58
"stun",58
"unlimited",58
"vacation",58
"victim",58
"voted",58
"cattime",58
"clapping",58
"dum",58
"hollow",58
"jar",58
"jeans",58
"pork",58
"promote",58
"ripping",58
"theyll",58
"wtffff",58
"cardboard",58
"central",58
"creepy",58
"drags",58
"ehhh",58
"historical",58
"lox",58
"poses",58
"apologized",58
"crispy",58
"fatass",58
"needa",58
"phantom",58
"youth",58
"151",58
"cleaning",58
"congratsss",58
"ludwigcroc",58
"seats",58
"aaaaa",58
"nonchalant",58
"pluppls",58
"israel",58
"praiseit",58
"skai",58
"59",57
"bands",57
"blows",57
"charm",57
"cheering",57
"expert",57
"f1",57
"ikr",57
"jinx",57
"jumps",57
"learns",57
"mentally",57
"northern",57
"ost",57
"peaked",57
"pod",57
"posting",57
"posture",57
"powerful",57
"rust",57
"sink",57
"spoken",57
"sykkuno",57
"tee",57
"tool",57
"avg",57
"edging",57
"eric",57
"feetboy",57
"grats",57
"icanwalk",57
"inv",57
"larpers",57
"lifetime",57
"pinball",57
"raised",57
"tesla",57
"yeathatswhatiwouldadid",57
"500k",57
"actions",57
"blobdance",57
"dono",57
"ginger",57
"interest",57
"ittt",57
"lap",57
"pounds",57
"sniff",57
"squeexgoodboy",57
"tattoo",57
"types",57
"crossed",57
"lurk",57
"nevermind",57
"pokpikachu",57
"pressing",57
"roommate",57
"ruby",57
"sitter",57
"touches",57
"tp",57
"crayon",57
"fireball",57
"ken",57
"memento",57
"spoiled",57
"statistics",57
"espana",57
"everdeen",57
"runners",57
"theodd1sout",57
"bieber",57
"influence",57
"seminar",57
"realka58war",57
"2018",56
"alveuslove",56
"arcade",56
"boing",56
"brazilian",56
"bullied",56
"complicated",56
"domain",56
"dove",56
"embarassing",56
"ender",56
"entertainment",56
"fought",56
"glowing",56
"halfway",56
"ily",56
"intentionally",56
"louis",56
"passionate",56
"pets",56
"political",56
"screamer",56
"soldier",56
"stinks",56
"wowww",56
"cheaper",56
"compass",56
"dapmeup",56
"directly",56
"edits",56
"epstein",56
"feather",56
"fumble",56
"grandma",56
"install",56
"millionare",56
"portugal",56
"smartest",56
"snapped",56
"thicc",56
"wang",56
"xyrois",56
"beauty",56
"stain",56
"stealth",56
"derby",56
"ironmousemeltdown",56
"marbles",56
"samus",56
"slideshow",56
"summit",56
"wwwwwwwwwwwww",56
"bolt",56
"egypt",56
"gum",56
"pixelbob",56
"premise",56
"screenshot",56
"skeleton",56
"hopped",56
"timmm",56
"maxlol",56
"sade",56
"standings",56
"210",56
"suprsoy",56
"rockies",56
"ingest",56
"smudge",56
"vanillamace",56
"2222222",56
"e11ysa",56
"waigouren",56
"wendol6iceout",56
"lffnw",56
"lottery",55
"76",55
"accuracy",55
"appearance",55
"avengers",55
"backseating",55
"brush",55
"castle",55
"cheerstothat",55
"closest",55
"fullscreen",55
"mu",55
"multiplayer",55
"oom",55
"pipe",55
"placed",55
"reasons",55
"risky",55
"shill",55
"shouldn",55
"showcase",55
"sr",55
"stan",55
"sweating",55
"sylas",55
"trained",55
"xiao",55
"application",55
"atm",55
"bouta",55
"failing",55
"grabbing",55
"lamo",55
"lu",55
"mines",55
"moms",55
"powerupl",55
"retirement",55
"runescape",55
"wage",55
"wautlerisgreat",55
"workout",55
"broski",55
"colour",55
"crystals",55
"joeeeee",55
"jynx",55
"lisa",55
"minus",55
"mystery",55
"roh",55
"swings",55
"volley",55
"wallahi",55
"whatskarma",55
"gigguk",55
"p2w",55
"ptsd",55
"qt's",55
"youtubers",55
"800",55
"dragonite",55
"hamster",55
"keychain",55
"lacey",55
"lowes",55
"pencil",55
"proposal",55
"spy",55
"trevor",55
"minecwaft",55
"circletoonshd",55
"pepega",55
"hyperclap",55
"sajam",55
"cudi",55
"twitchrivals",55
"rui'er",55
"aged",54
"burned",54
"chefraccoondog",54
"dodged",54
"doors",54
"dramatic",54
"feature",54
"gaslighting",54
"generally",54
"goattt",54
"heyy",54
"imlistening",54
"jason's",54
"matcha",54
"mister",54
"morde",54
"newest",54
"nvidia",54
"pennies",54
"peped",54
"periodt",54
"program",54
"rainbow",54
"reached",54
"respond",54
"stressful",54
"syndrome",54
"testing",54
"vine",54
"zhao",54
"2v1",54
"bears",54
"copyright",54
"lovely",54
"mcdonalds",54
"midnight",54
"ooooooooo",54
"sis",54
"sox",54
"squeez",54
"thumb",54
"updates",54
"uploaded",54
"wiki",54
"william",54
"infront",54
"profile",54
"prompt",54
"replaced",54
"robloxman",54
"shades",54
"shared",54
"shiiii",54
"socks",54
"suddenly",54
"whale",54
"yapp",54
"yoshi",54
"apex",54
"mirage",54
"placing",54
"russian",54
"therapist",54
"competitor",54
"condom",54
"feinbergs",54
"imperial",54
"ivory",54
"joyride",54
"oppenheimer",54
"feins",54
"booms",54
"aspecticor",54
"kkatamina",54
"fallacy",54
"cdawgomegalul",54
"pks",54
"ying",54
"deathy",54
"170",53
"broooooo",53
"calculator",53
"cannon",53
"cave",53
"clipping",53
"comedy",53
"drug",53
"inception",53
"innit",53
"intros",53
"jfc",53
"liking",53
"marked",53
"nephew",53
"ohhhhhh",53
"praying",53
"reader",53
"scan",53
"spire",53
"statement",53
"t1allstars",53
"tu",53
"blowing",53
"brunson",53
"certified",53
"clipfarm",53
"cozy",53
"digital",53
"erobb221",53
"favor",53
"hubcap14",53
"inspiration",53
"pointing",53
"someone's",53
"todays",53
"voidhail",53
"yump",53
"25k",53
"appreciated",53
"differently",53
"jiggle",53
"reallygun",53
"rick",53
"roughness",53
"showlove100",53
"subject",53
"thai",53
"tzu",53
"verde",53
"celeste",53
"scott",53
"vietnam",53
"dinosaur",53
"rea",53
"pooping",53
"atprtsd",53
"fien",53
"silverr",53
"yessssssss",53
"hubby",53
"stango",53
"dada",53
"srb",53
"conway",53
"katieeee",53
"rnwka",53
"ruier",53
"t10danse",53
"999",52
"awoo",52
"beardance",52
"bother",52
"catkiss",52
"cd",52
"cereal3",52
"chicago",52
"counted",52
"daaamn",52
"hardware",52
"hazard",52
"hired",52
"juan",52
"lesgo",52
"lobbies",52
"nicer",52
"politics",52
"result",52
"russia",52
"soy",52
"sportsmanship",52
"swapped",52
"tactical",52
"talented",52
"task",52
"tt",52
"unlike",52
"warrior",52
"wednesday",52
"achievement",52
"ananonymousgifter",52
"brotha",52
"connected",52
"elementary",52
"fellas",52
"flowers",52
"graphic",52
"hahahha",52
"highlight",52
"knut",52
"noone",52
"pubg",52
"tan",52
"visit",52
"dig",52
"goalie",52
"hai",52
"leverless",52
"logs",52
"messing",52
"noooooooooooo",52
"pawn",52
"royal",52
"rug",52
"squeexd",52
"sued",52
"utah",52
"yeahh",52
"comm",52
"forgive",52
"hopper",52
"jellywig",52
"regret",52
"clap2",52
"engineer",52
"ludwigshrug",52
"nuggets",52
"puppet",52
"treadmill",52
"nahhhhh",52
"slight",52
"117",52
"comparison",52
"yamal",52
"crookst",52
"nmplol",52
"gladius",52
"juri",52
"cunnies",52
"pokcroagunk",52
"burself",52
"ufo",52
"bellingham",52
"lllllll",52
"lydia",52
"nuisance",52
"182",51
"2016",51
"3000",51
"4elqd3r",51
"alll",51
"believers",51
"blown",51
"br",51
"burst",51
"chart",51
"chunk",51
"commentate",51
"ctrl",51
"dud",51
"dunk",51
"ey",51
"famously",51
"focused",51
"geez",51
"iconic",51
"jax",51
"megaconsume",51
"nerfed",51
"pattern",51
"platforms",51
"ranch",51
"remote",51
"speakers",51
"squeeze",51
"suemiida",51
"suppose",51
"tension",51
"ahahaha",51
"anchor",51
"appeal",51
"asaman",51
"combine",51
"deed",51
"entry",51
"feelings",51
"generated",51
"government",51
"hiiiiii",51
"jake12345345",51
"joker",51
"lmfaoooooooooo",51
"mariogoatse",51
"naked",51
"noon",51
"powerupr",51
"prank",51
"raeclaps",51
"vu",51
"wee",51
"yeahhhhh",51
"arizona",51
"blur",51
"bryan",51
"crooked",51
"desert",51
"hog",51
"hundred",51
"industry",51
"mortal",51
"nicee",51
"promised",51
"roach",51
"sens",51
"sour",51
"tools",51
"windowed",51
"worker",51
"crossing",51
"flirting",51
"iran",51
"journey",51
"sucking",51
"woooooooo",51
"wooooooooo",51
"answered",51
"chug",51
"hugs",51
"loodwig",51
"pad",51
"istg",51
"milked",51
"nmp",51
"subnautica",51
"vlad",51
"saffari",51
"yvonne",51
"cyrus",51
"vanoguyfredance",51
"canadaaa",51
"realka58pardon",51
"confession",51
"domingofrance",51
"ludwigv",51
"2013",50
"30s",50
"adorable",50
"beloved",50
"cell",50
"chemistry",50
"cig",50
"damnnnnn",50
"dansgame",50
"darkness",50
"description",50
"destroying",50
"ehh",50
"emiruclap",50
"entered",50
"entering",50
"insufferable",50
"jigglypuff",50
"manage",50
"neptunium238",50
"nothin",50
"nuh",50
"oooooooooo",50
"opp",50
"peeps",50
"sexual",50
"sin",50
"slaps",50
"tasty",50
"tn",50
"warmup",50
"warwick",50
"angles",50
"clicking",50
"dedicated",50
"hooked",50
"kappapride",50
"liu",50
"medical",50
"mythic",50
"overwhelming",50
"owen",50
"peepolove",50
"rabbit",50
"rider",50
"rising",50
"servers",50
"shaped",50
"surface",50
"trauma",50
"triangle",50
"vocal",50
"wowers",50
"wowwww",50
"97",50
"actively",50
"blaze",50
"delivery",50
"equal",50
"funnier",50
"illusion",50
"ingrid",50
"kristen",50
"milking",50
"prewatched",50
"ss",50
"trees",50
"walker",50
"yeaaa",50
"abortion",50
"assists",50
"dating",50
"ladies",50
"peepotalk",50
"respectful",50
"vespa",50
"airrack",50
"diamonds",50
"grams",50
"harvard",50
"yamato",50
"wb",50
"450",50
"creation",50
"feelsbadman",50
"stab",50
"boruto",50
"333",50
"bbno",50
"fume",50
"beckett",50
"imax",50
"iwastori",50
"zoi",50
"mayaaaaaa",50
"realka58think",50
"aritwrk",50
"2014",49
"33333",49
"activity",49
"amogus",49
"ar",49
"bonjour",49
"breaker",49
"brilliant",49
"buffer",49
"chomo",49
"claude",49
"darn",49
"direct",49
"dubs",49
"frying",49
"hammer",49
"motherfucker",49
"oooooh",49
"ratio",49
"scum",49
"slang",49
"sleeper",49
"slowly",49
"snipers",49
"snitching",49
"sock",49
"st",49
"tapped",49
"underdog",49
"zoning",49
"2015",49
"bisexualpride",49
"ciggies",49
"costume",49
"diddy",49
"fumbled",49
"lmfaooooooooo",49
"reinstall",49
"shrimp",49
"suffer",49
"suits",49
"torch",49
"waa",49
"wiggy",49
"2021",49
"bangggg",49
"begin",49
"breh",49
"bucket",49
"eyebrows",49
"graduated",49
"indicator",49
"monkashake",49
"raeletsgo",49
"solved",49
"superman",49
"tifa",49
"tombraid",49
"yesterdays",49
"ironic",49
"nooooooooooooo",49
"qtcrave",49
"raebum3",49
"rear",49
"98",49
"bass",49
"ipad",49
"red40",49
"suprbark",49
"aegyo",49
"beam",49
"suprwave",49
"cairen",49
"immersion",49
"sesh",49
"chokedawg",49
"olise",49
"capy2535",49
"realka58huh",49
"infernus",49
"activated",48
"ahahahaha",48
"animated",48
"bouncing",48
"bugs",48
"depressed",48
"dislike",48
"engine",48
"fund",48
"grey",48
"ins",48
"ip",48
"itt",48
"kindness",48
"knocked",48
"lands",48
"ludddd",48
"notlikelud",48
"object",48
"overrated",48
"pilot",48
"powers",48
"projectile",48
"sapphire",48
"scoop",48
"secs",48
"sniped",48
"sometime",48
"thatguyfromespnintherain",48
"unbanned",48
"urs",48
"widevibe",48
"apples",48
"darkidklol",48
"depressing",48
"fallguys",48
"flashbacks",48
"frag",48
"holds",48
"linked",48
"magnet",48
"majority",48
"mamdani",48
"rap",48
"schools",48
"slowing",48
"theft",48
"truke",48
"ummmm",48
"3pm",48
"attitude",48
"fortress",48
"heights",48
"holyyyyy",48
"nine",48
"picasso",48
"prices",48
"teamwork",48
"that'd",48
"ammo",48
"exit",48
"ironmouseheadbang",48
"kane",48
"motivation",48
"neo",48
"pepelost",48
"raebum2",48
"sd",48
"terrorists",48
"waht",48
"cafe",48
"liberty",48
"ooooooooooo",48
"piggy",48
"southern",48
"subscription",48
"behaviour",48
"mecca",48
"qtttt",48
"sliding",48
"152",48
"fienberg",48
"goooooooooo",48
"march",48
"mee",48
"thug",48
"yayyyyy",48
"vienna",48
"refreshing",48
"stew",48
"p5",48
"weary",48
"jumper",48
"nabs",48
"pca",48
"xyz",48
"exemily",48
"kidnapped",48
"emilycc",48
"artism",48
"realka58hey",48
"allies",47
"asks",47
"backup",47
"beginner",47
"bleeding",47
"cali",47
"chasing",47
"comfortable",47
"commercial",47
"consistently",47
"coping",47
"coup",47
"earbuds",47
"finds",47
"fus",47
"gpt",47
"kanye",47
"mary",47
"opinions",47
"pa",47
"phase",47
"pit",47
"reflection",47
"rekt",47
"sounding",47
"spreading",47
"summary",47
"tmi",47
"tooo",47
"tweeted",47
"ults",47
"violence",47
"wordle",47
"worries",47
"ws",47
"yrs",47
"1500",47
"anniversary",47
"anthony",47
"hiders",47
"hundreds",47
"itd",47
"jab",47
"jiddy",47
"lamp",47
"license",47
"mint",47
"nicecock",47
"royale",47
"schlatt",47
"seeker",47
"sm",47
"spittin",47
"theviolentcassowairy",47
"wayne",47
"aaaaaa",47
"abort",47
"anger",47
"believed",47
"certainly",47
"cord",47
"decisions",47
"details",47
"geo",47
"hasraid",47
"insult",47
"luddyyyy",47
"paris",47
"daph",47
"figures",47
"humor",47
"maelstromdrift",47
"smoove",47
"tb",47
"trillionaire",47
"tuck",47
"briefcase",47
"hoe",47
"purse",47
"saffron",47
"sticker",47
"tang",47
"whaaaat",47
"workers",47
"awe",47
"enderman",47
"aggy",47
"livestream",47
"dale",47
"liamkdevour",47
"mmmmmmmm",47
"super's",47
"voicecel",47
"1111111",47
"singsnote",47
"premierclap",47
"ubisoft",47
"pridelaugh",47
"wan",47
"juicyjacob",47
"ump",47
"enzoooo",47
"swaggerboy2468",47
"realka58wrigley",47
"treason",47
"2011",46
"1s",46
"affect",46
"anxiety",46
"attacks",46
"b4",46
"baus",46
"bushes",46
"cactus",46
"chalk",46
"coughing",46
"discipline",46
"dodging",46
"dual",46
"esfand",46
"failure",46
"laws",46
"lmaoooooooooooo",46
"minds",46
"nepo",46
"niceeee",46
"nop",46
"paliims",46
"papi",46
"patient",46
"pepothink",46
"soap",46
"soundtrack",46
"stepping",46
"tay",46
"tracks",46
"woww",46
"wtfwtfwtf",46
"wym",46
"zoomer",46
"2am",46
"bombs",46
"brains",46
"goty",46
"guarantee",46
"harper",46
"highlights",46
"nature",46
"ouuuu",46
"paused",46
"toronto",46
"ui",46
"waist",46
"aus",46
"bodies",46
"cage",46
"filmed",46
"hitler",46
"jamgie",46
"laughed",46
"morale",46
"snuck",46
"woahhhh",46
"wwwwwwwwwwwwww",46
"chickenjockey",46
"detected",46
"fixing",46
"hasl",46
"pillow",46
"reaching",46
"slab",46
"slept",46
"announcers",46
"buddha",46
"fleet",46
"hotdog",46
"leather",46
"moonshine",46
"pumped",46
"raphael",46
"slimed",46
"stardew",46
"eater",46
"quitting",46
"saka",46
"mayas",46
"kukkidoluv",46
"prospect46",46
"counselor",46
"primatepaige",46
"randomkid",46
"hauley",46
"classs",46
"homecoming",46
"dxcat",46
"astralspiff",46
"feslie",46
"celle",46
"shoegate",46
"rolls",45
"bt",45
"cleaner",45
"coached",45
"creep",45
"critical",45
"dankies",45
"destiny",45
"dood",45
"elim",45
"ewwwwww",45
"fck",45
"fiddle",45
"forth",45
"fyi",45
"gathering",45
"grader",45
"hosts",45
"inb4",45
"managing",45
"mariopls",45
"memes",45
"officially",45
"opponents",45
"peek",45
"pepeshook",45
"raecheer",45
"reacted",45
"remembered",45
"required",45
"semi",45
"trueeeee",45
"united",45
"warriors",45
"weren",45
"whaaat",45
"yearn",45
"13k",45
"appear",45
"catwait",45
"decline",45
"drizzle",45
"dylan",45
"exam",45
"fee",45
"flags",45
"fuckass",45
"gif",45
"installed",45
"jalen",45
"lads",45
"letsgoo",45
"lolw",45
"merchant",45
"naturally",45
"noises",45
"pagman",45
"pair",45
"port",45
"portuguese",45
"pronounced",45
"roulette",45
"rv",45
"surfers",45
"trivia",45
"10th",45
"balancing",45
"cape",45
"circles",45
"crouching",45
"dumbest",45
"finale",45
"forthype",45
"inches",45
"sloppy",45
"smp",45
"blah",45
"dammit",45
"genre",45
"meee",45
"placements",45
"aztec",45
"bulls",45
"dork",45
"et",45
"ga",45
"lsd",45
"nugget",45
"ruler",45
"sht",45
"visa",45
"axis",45
"samwitch",45
"stretching",45
"hola",45
"jijon",45
"rises",45
"rte",45
"crazyyyy",45
"daniel",45
"dennis",45
"suprplead",45
"adrian",45
"ironmousegotagun",45
"finance",45
"shanty",45
"pushups",45
"caiuwus",45
"theagencycry",45
"slushynoobz",45
"arkyszdancing",45
"2d",44
"autistic",44
"awareness",44
"belive",44
"bois",44
"boom0",44
"borpaspin",44
"bosses",44
"brawlhalla",44
"catdance",44
"cos",44
"crisp",44
"croc",44
"despair",44
"effects",44
"ello",44
"fixthegame",44
"funeral",44
"gappyv",44
"interact",44
"matrix",44
"okayge",44
"rub",44
"saves",44
"sized",44
"stickyfingers102",44
"throwback",44
"ties",44
"tons",44
"understood",44
"capitalism",44
"comparing",44
"cootsaim",44
"forbid",44
"hellooo",44
"mount",44
"signal",44
"sore",44
"timothy",44
"titles",44
"whiff",44
"2m",44
"ammon",44
"believing",44
"den",44
"donut",44
"dragging",44
"equivalent",44
"humfreetm",44
"income",44
"inspiring",44
"palm",44
"pogostuck",44
"shell",44
"skinny",44
"thee",44
"trigger",44
"visible",44
"ants",44
"connections",44
"dbd",44
"flamboyant",44
"fronch",44
"leading",44
"sheep",44
"spitthetruth",44
"trippin",44
"68",44
"bruhh",44
"county",44
"hornets",44
"mayo",44
"miniature",44
"nj",44
"potter",44
"trombone",44
"urn",44
"wore",44
"calories",44
"diarrhea",44
"smant",44
"henlothere",44
"ludwigfold",44
"cubs",44
"hip",44
"storyline",44
"7d",44
"tmkiddance",44
"innings",44
"jeffy",44
"joee",44
"softball",44
"cinnas",44
"translation",44
"matty",44
"mets",44
"regrade",44
"vinnie",44
"deansocool",44
"martinnn",44
"memorials",44
"kaatsup",44
"crep",44
"ludwigactually",44
"4weirdbuff",43
"boofpoint0",43
"camping",43
"converted",43
"darker",43
"ddhuh",43
"dif",43
"donkey",43
"fails",43
"florida",43
"guaranteed",43
"hed",43
"hotter",43
"ludwigbanger",43
"magnus",43
"mayahifreeze",43
"okayyy",43
"passes",43
"plain",43
"punch2022",43
"replacement",43
"roa2",43
"serioussloth",43
"smack",43
"squeexmog",43
"tail",43
"unemployed",43
"why'd",43
"zain",43
"aspect",43
"bags",43
"boundaries",43
"diss",43
"drank",43
"graduate",43
"grounded",43
"necessary",43
"plants",43
"pogo",43
"pogtasty",43
"rack",43
"repair",43
"scratch",43
"slim",43
"uncs",43
"whatnot",43
"auction",43
"bake",43
"creating",43
"entirely",43
"execution",43
"mmr",43
"permission",43
"sony",43
"studied",43
"tuckk",43
"weirdos",43
"why's",43
"dart",43
"gyal",43
"penalties",43
"pooh",43
"rally",43
"shall",43
"taginator104",43
"1600",43
"autism",43
"bowling",43
"costco",43
"eaten",43
"facecam",43
"glove",43
"holder",43
"mang0",43
"marble",43
"mound",43
"zaxbys",43
"delicious",43
"strokes",43
"thr",43
"uppies",43
"zakiazihrun",43
"mhmmm",43
"shakey",43
"sorta",43
"manipulation",43
"meters",43
"attending",43
"versions",43
"drippy",43
"offside",43
"powdered",43
"ironmousesad",43
"8x",43
"raccattack",43
"dunkirk",43
"souped",43
"dannybansdancypoo",43
"katieee",43
"katieeeee",43
"proffessor",43
"straight2thbank",43
"tatumbittick",43
"gasathon",43
"cj",43
"tylenulkissingahamie",43
"deathydl",43
"2022",42
"asss",42
"autos",42
"boomed",42
"civil",42
"coaches",42
"deals",42
"despite",42
"disable",42
"einstein",42
"essentially",42
"generous",42
"interviews",42
"ja",42
"joe's",42
"lopsided",42
"maxing",42
"midwest",42
"ocarina",42
"parody",42
"pillar",42
"pleaseeeee",42
"raehi",42
"relevant",42
"sap",42
"sausage",42
"singer",42
"squeexjupijej",42
"ulting",42
"wack",42
"wing",42
"yee",42
"yugioh",42
"aot",42
"chopper",42
"cups",42
"fourth",42
"fren",42
"kitten",42
"lemonade",42
"malware",42
"reminder",42
"whattttt",42
"bricked",42
"cologne",42
"detective",42
"mfer",42
"monkaomega",42
"morgan",42
"percentage",42
"poland",42
"poopy",42
"rollback",42
"wiggle",42
"workshop",42
"feelsgoodman",42
"helly",42
"improvement",42
"qr",42
"watchers",42
"amulet",42
"captains",42
"divorce",42
"fame",42
"fold",42
"footyellow",42
"headphone",42
"keycap",42
"lightning",42
"pickaxe",42
"raichu",42
"samsung",42
"sponge",42
"stem",42
"trunk",42
"wave0",42
"foreshadowing",42
"thorfinnskull",42
"toasterpoptartss",42
"feedback",42
"canadaaaaa",42
"approve",42
"cymbals",42
"redlime",42
"graders",42
"mix21",42
"electrolytes",42
"165",42
"35k",42
"celbit",42
"elope",42
"leakin",42
"suburbbaby",42
"wrldkailee",42
"stabecaught",42
"tpain",42
"mysqueenerweiner",42
"1415",42
"deebadeebedo",42
"auslie",42
"1200",41
"250k",41
"4d",41
"adc",41
"auraaaa",41
"bleedpurple",41
"burrhyper",41
"coggers",41
"decades",41
"es",41
"fave",41
"flaming",41
"glazed",41
"horns",41
"humiliation",41
"immaculate",41
"innn",41
"iv",41
"jayteelovestoes",41
"kino",41
"kobe",41
"lwig",41
"mogumaimai",41
"n64",41
"pepespit",41
"poorly",41
"prepared",41
"raiding",41
"refuse",41
"robinson",41
"saga",41
"sales",41
"sniffa",41
"sped",41
"tilting",41
"turd",41
"upon",41
"veins",41
"wonderful",41
"yuppp",41
"archipelago",41
"awp",41
"clarkson",41
"connor6frogdance",41
"convinced",41
"corruption",41
"cowboy",41
"daddylongllegss",41
"emoneylemon",41
"gassed",41
"happiness",41
"hostage",41
"leaping",41
"omega",41
"peepopog",41
"physically",41
"pockets",41
"pumpkin",41
"shambles",41
"span",41
"aha",41
"convince",41
"crotch",41
"digging",41
"expectations",41
"kettle",41
"liamthelime4",41
"lollllll",41
"masterclass",41
"mexicooooo",41
"papers",41
"rated",41
"ren",41
"supersteve8000",41
"terrifying",41
"toobased",41
"cranking",41
"ct",41
"elon",41
"gloves",41
"hairs",41
"joey",41
"ludwigggg",41
"misogyny",41
"sample",41
"vanguard",41
"100000",41
"420",41
"darkrai",41
"dial",41
"dt",41
"examples",41
"incest",41
"sirshield",41
"slabs",41
"strip",41
"token",41
"uranium",41
"blink",41
"clicks",41
"doodoo",41
"qttt",41
"capital",41
"population",41
"smii7y",41
"cables",41
"infumes",41
"noooooooooooooo",41
"305",41
"cardi",41
"lunchables",41
"filming",41
"bleus",41
"teaches",41
"vladdy",41
"lacy's",41
"allstar",41
"españa",41
"ginge",41
"jenga",41
"realka58unc",41
"anning",41
"hornsss",41
"caedes",41
"begave",41
"2v2",40
"5v5",40
"baiter",40
"beasts",40
"copying",40
"cte",40
"dah",40
"ditch",40
"drown",40
"dutch",40
"exhausted",40
"financial",40
"genes",40
"guppy",40
"hawk",40
"hoooly",40
"inn",40
"innocent",40
"insert",40
"jover",40
"loooooool",40
"manual",40
"monsters",40
"neat",40
"panther",40
"pistol",40
"raging",40
"realm",40
"religion",40
"robbery",40
"scales",40
"scaling",40
"shoulders",40
"signing",40
"spending",40
"spreadsheet",40
"ther",40
"thunder",40
"trolled",40
"tyty",40
"waves",40
"wayy",40
"whimsy",40
"whisper",40
"wudwig",40
"accepted",40
"deja",40
"fffff",40
"franchise",40
"hacked",40
"happily",40
"happs",40
"kd",40
"mommy",40
"prom",40
"rico",40
"temp",40
"walmart",40
"angels",40
"blend",40
"chosen",40
"cruise",40
"dates",40
"ebay",40
"honorary",40
"hurting",40
"invest",40
"kombat",40
"mosh",40
"sticking",40
"unbelievable",40
"vibrating",40
"whistles",40
"yucky",40
"9th",40
"challenges",40
"cupcakes",40
"hahahahha",40
"handed",40
"mexicans",40
"punk",40
"stressing",40
"tht",40
"wheeler",40
"bobby",40
"congratz",40
"drums",40
"gameboy",40
"gi",40
"jones",40
"lunchly",40
"martial",40
"minesweeper",40
"nipple",40
"opal",40
"payed",40
"ron's",40
"yeaaaa",40
"caseohdailydoodlestwerk",40
"uniqlo",40
"algo",40
"boats",40
"edcr",40
"hdr",40
"liams",40
"mikey",40
"strait",40
"ladiab2thicc",40
"kraft",40
"harvey",40
"profs",40
"deadpool",40
"justiceformikan",40
"counties",40
"kwan",40
"shakira",40
"cocottee",40
"elficklazerfocused",40
"wooooooooooooooooo",40
"hysteria",40
"aired",39
"annie",39
"bitches",39
"bleed",39
"brits",39
"checkers",39
"clubs",39
"cocky",39
"deltarune",39
"engaging",39
"existed",39
"fucker",39
"gapped",39
"geoguesser",39
"grands",39
"invisible",39
"jinxed",39
"juicer",39
"kms",39
"larger",39
"latest",39
"mainly",39
"mao",39
"meth",39
"noc",39
"pacing",39
"participate",39
"people's",39
"pleasee",39
"punching",39
"recognize",39
"routine",39
"stomp",39
"synysterjeet",39
"talon",39
"toddler",39
"tucker",39
"unskippable",39
"voting",39
"woohoo",39
"zombie",39
"beaten",39
"brymstax",39
"chaotic",39
"designed",39
"generic",39
"giveaway",39
"hahahahahahaha",39
"heritage",39
"improved",39
"mj",39
"nest",39
"nutty",39
"objective",39
"payment",39
"psl",39
"smol",39
"somethin",39
"ufc",39
"watchparty",39
"weekly",39
"willy",39
"yooooooooo",39
"aliendance",39
"allegedly",39
"alveusnod",39
"bearjam",39
"bushmasterjm",39
"demonicdawg",39
"donkrun",39
"emp",39
"included",39
"inspirational",39
"lawyers",39
"maths",39
"meeee",39
"mex",39
"mustard",39
"nonsense",39
"plaqueboymax",39
"pound",39
"puppy",39
"serial",39
"socialism",39
"squeexnumber1",39
"surfer",39
"tim's",39
"universal",39
"wayyyyy",39
"cuba",39
"device",39
"hahahahahha",39
"hamzah",39
"illiterate",39
"ittttt",39
"ludwing",39
"marco",39
"sry",39
"torn",39
"winnie",39
"bath",39
"christopher",39
"crunch",39
"framed",39
"gosling",39
"maple",39
"mourning",39
"navy",39
"pokcharizard",39
"santos",39
"seal",39
"yen",39
"ya'll",39
"zyzz",39
"222222222",39
"clanker",39
"darts",39
"femboy",39
"huss",39
"hips",39
"boooooooooo",39
"bruhhhh",39
"competitors",39
"mcginnis",39
"pleaseeeeee",39
"jazzie",39
"wound",39
"igl",39
"melting",39
"dorms",39
"stanzy",39
"2027767",39
"2969367",39
"natty",39
"ddg",39
"offspring",39
"cybernomad1",39
"yusuf",39
"chirpy",39
"gooflucapytwerk",39
"t10lesgo",39
"141",39
"evo17france",39
"voteyea",39
"1v1s",38
"56",38
"advanced",38
"backseat",38
"banggg",38
"banter",38
"blades",38
"burrrave",38
"compression",38
"cooks",38
"dreaming",38
"elder",38
"firsttimeglorp",38
"forest",38
"freakin",38
"fynnen",38
"gee",38
"infantino",38
"keeper",38
"links",38
"ls",38
"ludwigt",38
"miz",38
"pausing",38
"reported",38
"she'll",38
"sheeesh",38
"shyt",38
"simpsons",38
"starter",38
"tshirt",38
"yi",38
"anthem",38
"basket",38
"bron",38
"comfy",38
"development",38
"dominate",38
"fslur",38
"funk",38
"glitched",38
"googled",38
"leads",38
"mature",38
"polish",38
"rats",38
"tags",38
"texting",38
"via",38
"whether",38
"wonka",38
"ambition",38
"applecatrun",38
"enhance",38
"falcon",38
"fiber",38
"froze",38
"incorrect",38
"laying",38
"pepog",38
"saint",38
"sided",38
"staged",38
"that'll",38
"trial",38
"20s",38
"advance",38
"aliens",38
"annoyed",38
"banning",38
"choosing",38
"deathr87vibin",38
"feminist",38
"foreign",38
"guests",38
"jeopardy",38
"looooool",38
"relate",38
"screens",38
"sourpls",38
"unrated",38
"2023",38
"clapped",38
"donk",38
"feastables",38
"glitchcat",38
"heel",38
"mercury",38
"obsidian",38
"paintings",38
"pjsalt",38
"representation",38
"wallpaper",38
"bottoms",38
"dedication",38
"fbblock",38
"gifties",38
"hardly",38
"herobrine",38
"peepopoopoo",38
"tik",38
"drumtime",38
"dun",38
"hospital",38
"ludwigmelvinw",38
"peeposhy",38
"posts",38
"vtuber",38
"1am",38
"goatttt",38
"ludwigcute",38
"nooooooooooooooo",38
"rek",38
"jermaslay",38
"poach",38
"styles",38
"ayyyyy",38
"spiking",38
"whipped",38
"clankers",38
"intangible",38
"l's",38
"pe",38
"airplanes",38
"vicki",38
"a2guapo",38
"shiphtur",38
"allll",38
"mayaa",38
"stampy",38
"ryantempest",38
"mattman",38
"itsminordude",38
"22222222",38
"theagencyspin",38
"90s",37
"afternoon",37
"awhile",37
"bangers",37
"brokeback",37
"chief",37
"cinnamon",37
"closes",37
"clutched",37
"coolest",37
"cue",37
"deeper",37
"discussion",37
"duel",37
"farther",37
"forgor",37
"fortune",37
"gup",37
"hmmmmm",37
"insider",37
"lik",37
"loltyler1",37
"ludwigdoc",37
"nom",37
"poppin",37
"projecting",37
"proven",37
"punched",37
"requests",37
"responsibility",37
"ritual",37
"rocked",37
"roommates",37
"smoothie",37
"spawns",37
"strongest",37
"subbing",37
"submissive",37
"tft",37
"thingy",37
"tracking",37
"traps",37
"understands",37
"wong",37
"awwwwwww",37
"bball",37
"bunny",37
"copies",37
"fouls",37
"hoponrocketleague",37
"howd",37
"invincible",37
"journalism",37
"mars",37
"ohhhhhhh",37
"packing",37
"png",37
"reels",37
"sunglasses",37
"technique",37
"uncwig",37
"valley",37
"wears",37
"woahh",37
"wot",37
"66",37
"86",37
"acts",37
"dealing",37
"facial",37
"heroes",37
"identity",37
"insanecat",37
"jaiden",37
"ohio",37
"pphop",37
"pst",37
"recovery",37
"secretly",37
"strings",37
"they'd",37
"truffle",37
"tsk",37
"whiners",37
"witness",37
"yeaa",37
"yeesh",37
"63",37
"amirite",37
"boyfriends",37
"brit",37
"hacks",37
"okayy",37
"strawberry",37
"70mm",37
"awsome",37
"babe",37
"connor's",37
"farts",37
"fent",37
"jo",37
"otk",37
"packaging",37
"paintball",37
"parent",37
"squid",37
"static",37
"tick",37
"umbreon",37
"webcam",37
"williams",37
"yankees",37
"beastmode",37
"faking",37
"fuk",37
"knxjada3",37
"lamine",37
"dizzy",37
"peni",37
"hearts86",37
"borders",37
"cords",37
"dgaf",37
"rigging",37
"thedevil",37
"dimension",37
"nein",37
"ninjagrumpy",37
"bbatts",37
"bubbleduck",37
"exercise",37
"lounge",37
"haptic",37
"drummer",37
"uptown",37
"photographer",37
"qtcjammies",37
"santipulgaz",37
"arkyyy",37
"kieraplease",37
"sml",37
"fumiii",37
"oses",37
"xie",37
"1v49dantes",37
"kortney",37
"ahhhhhh",36
"asians",36
"ayooo",36
"bluesky",36
"casually",36
"chains",36
"cocaine",36
"crank",36
"defensive",36
"donald",36
"eco",36
"fella",36
"gurl",36
"hehehe",36
"hihi",36
"hol",36
"inting",36
"jakenbake",36
"jjk",36
"ludwigpoppin",36
"millionaires",36
"mixing",36
"noobs",36
"philly",36
"pianotime",36
"plss",36
"predicted",36
"props",36
"ps",36
"raeclassic",36
"remix",36
"reroll",36
"reviews",36
"river",36
"roast",36
"rollingskygod",36
"sits",36
"subprise",36
"thatd",36
"tommorow",36
"tops",36
"undertale",36
"visconti",36
"whaddup",36
"angy",36
"aradalf",36
"banks",36
"bebop",36
"chaplin",36
"constant",36
"controversial",36
"hyper",36
"liars",36
"performing",36
"suffering",36
"swept",36
"transfer",36
"typo",36
"uninstall",36
"yoooooooooo",36
"3am",36
"83",36
"c'mon",36
"church",36
"curtain",36
"davis",36
"frickin",36
"gagged",36
"gtfo",36
"hopping",36
"inbreds",36
"informative",36
"letsgooooo",36
"mona",36
"r6",36
"revealed",36
"roller",36
"several",36
"stages",36
"whoops",36
"aug",36
"collect",36
"hears",36
"joebartlongneck",36
"masayoshi",36
"meatballs",36
"reviewed",36
"signs",36
"submit",36
"washington",36
"youuuu",36
"airpods",36
"allergic",36
"approved",36
"bin",36
"diploma",36
"director",36
"earthday",36
"flesh",36
"golem",36
"mag",36
"mizkif",36
"mtg",36
"oscar",36
"pregnancy",36
"ralpherz",36
"sodium",36
"studying",36
"terrain",36
"tusk",36
"union",36
"abstract",36
"firefox",36
"giveplz",36
"metcha",36
"timm",36
"happyyummyogurt",36
"jb",36
"zamn",36
"mearzz",36
"peepoblushshake",36
"pokis",36
"fusteenth",36
"header",36
"tvhvgvmv",36
"holland",36
"pardon",36
"plssss",36
"proposed",36
"spawner",36
"temples",36
"unwell",36
"elevator",36
"damon",36
"promises",36
"eslie",36
"smugalanabongofire",36
"dannybans",36
"llllllll",36
"pitbull",36
"zard",36
"dembele",36
"maya's",36
"sails",36
"survivor",36
"pablos",36
"bilzo",36
"cinna's",36
"deji",36
"exemsturdy",36
"humidity",36
"lacys",36
"smokecertified",36
"blasian",36
"exerpas",36
"primat24pp",36
"redoing",36
"tōkon",36
"lizhi",36
"evergoon",36
"abusing",35
"acted",35
"agabye",35
"ahahah",35
"algorithm",35
"alternate",35
"analogy",35
"bg",35
"bosnia",35
"cgi",35
"championships",35
"charges",35
"cheesy",35
"describe",35
"despairingmonkey",35
"experienced",35
"flashes",35
"ke",35
"lesbian",35
"locks",35
"loo",35
"mah",35
"obsessed",35
"offensive",35
"oooof",35
"phrase",35
"probly",35
"quicker",35
"returns",35
"roguelike",35
"ruthless",35
"scrolling",35
"slave",35
"slowed",35
"solution",35
"spinning",35
"subreddit",35
"suggest",35
"sustain",35
"tylers",35
"uwu",35
"candle",35
"deer",35
"educational",35
"forsenpls",35
"granny",35
"hahahahahahah",35
"hider",35
"ideal",35
"jamesanthony92",35
"lmaooooooooooooo",35
"macro",35
"offended",35
"records",35
"stevens",35
"vc",35
"yesssssssss",35
"agreement",35
"burnout",35
"camo",35
"capitalist",35
"catcher",35
"demand",35
"environment",35
"hobby",35
"inputs",35
"intention",35
"inter",35
"leagues",35
"meanwhile",35
"moustache",35
"necessarily",35
"outcome",35
"phoenix",35
"rant",35
"region",35
"rotating",35
"solve",35
"technical",35
"thefiddler",35
"2001",35
"calendar",35
"cevi123",35
"destroyer",35
"divorced",35
"fruity",35
"glow",35
"jaco",35
"ludwigpoggert",35
"maker",35
"multimillionaire",35
"paycheck",35
"ryu",35
"sack",35
"senior",35
"tactics",35
"woooooooooo",35
"anders",35
"bearer",35
"congratssss",35
"feinberg's",35
"hairpin",35
"ink",35
"medallion",35
"pffft",35
"philippines",35
"referee",35
"seiko",35
"trainer",35
"weakest",35
"wireless",35
"filtered",35
"inbreeding",35
"makin",35
"valor",35
"175",35
"enjoyer",35
"slowest",35
"smoketime",35
"rushing",35
"stutter",35
"caribbean",35
"experiment",35
"expo",35
"liamkl",35
"presence",35
"shid",35
"treating",35
"tufff",35
"wowwwww",35
"5'10",35
"cardio",35
"cuckk",35
"promotion",35
"authenticity",35
"bhix001",35
"proff",35
"transphobic",35
"roti",35
"teawithadri",35
"agent's",35
"doorman",35
"exemerm",35
"zuma",35
"keysss",35
"keyssss",35
"mrkeem7",35
"premiermetal",35
"benjyyyy",35
"linda",35
"mollies",35
"joyca",35
"inferevil",35
"develiquemuzz",35
"maomao",35
"stepsonofpeter",35
"retationship",35
"lffnfox",35
"2010",34
"applecatwait",34
"arrest",34
"ayoo",34
"banggggg",34
"caused",34
"causing",34
"celebrity",34
"challenger",34
"craziest",34
"cult",34
"devious",34
"dunklsta",34
"essay",34
"fifth",34
"grows",34
"ianfml",34
"ign",34
"jungler",34
"kitty",34
"learnt",34
"limits",34
"ludwiggg",34
"matchups",34
"ng",34
"okok",34
"pepehands",34
"phrasing",34
"prevent",34
"quebecois",34
"roots",34
"sabotage",34
"shitttt",34
"shook",34
"slows",34
"tanking",34
"teemo",34
"wakeup",34
"waow",34
"widetime",34
"woods",34
"yapper",34
"700",34
"chadwig",34
"documentary",34
"fucken",34
"googling",34
"joebart",34
"karl",34
"kings",34
"luke",34
"melon",34
"nicotine",34
"savings",34
"soooooo",34
"teatime",34
"uncomfortable",34
"usd",34
"variety",34
"arsenal",34
"asmongold",34
"benefit",34
"carries",34
"crossover",34
"gymnastics",34
"handling",34
"headbutt",34
"improv",34
"pichu",34
"santa",34
"taiwan",34
"thread",34
"today's",34
"ud",34
"whack",34
"chamber",34
"dookie",34
"fyrthmc",34
"gooooooooooo",34
"ingredients",34
"jan",34
"lonely",34
"ludwigrage",34
"odin",34
"parasite",34
"technology",34
"watchin",34
"weezer",34
"yeahhhhhh",34
"bahamas",34
"bartolozzi",34
"globe",34
"mayahicheer",34
"measure",34
"otani",34
"peach",34
"qtcsmoke",34
"rot",34
"shocking",34
"shuffle",34
"strap",34
"trynna",34
"weirddude",34
"belated",34
"disaster",34
"janitors",34
"perception",34
"spectator",34
"tok",34
"unsub",34
"dem",34
"requires",34
"trillion",34
"zoner",34
"dubbed",34
"petition",34
"gooood",34
"jv",34
"osrs",34
"rumors",34
"silksong",34
"widepeeposad",34
"boil",34
"choppy",34
"gachihyper",34
"lungs",34
"sleepover",34
"creamer",34
"outtapocket",34
"fast53",34
"wideamongusgaysex",34
"hersheys",34
"ketones",34
"bachelor",34
"raeeee",34
"kneecaps",34
"schoolers",34
"petthecubert",34
"flako",34
"rockathon",34
"rayyyy",34
"zipline",34
"creamergames",34
"maxey",34
"litai",34
"dofu",34
"eternus",34
"vinescoot",34
"afterwards",33
"alveuscorn",33
"ambitious",33
"ankles",33
"announcer",33
"backed",33
"bastard",33
"cells",33
"cinheimer",33
"cosmetic",33
"defeated",33
"dialogue",33
"diving",33
"doable",33
"executed",33
"fairy",33
"fih",33
"fiora",33
"fked",33
"fkin",33
"flavour",33
"forsure",33
"gartic",33
"gary",33
"grenade",33
"ight",33
"intended",33
"jit",33
"jolly",33
"l4d",33
"landing",33
"lmfaooooooooooo",33
"luddyyyyy",33
"lupefiascozegoat",33
"man's",33
"marcus",33
"ofcourse",33
"opps",33
"org",33
"permanent",33
"phere",33
"ragebaited",33
"rift",33
"scenario",33
"selfish",33
"sooner",33
"spear",33
"sponser",33
"stake",33
"toenail",33
"yinglingnick",33
"youuu",33
"adam",33
"adopted",33
"appeared",33
"consent",33
"consequences",33
"copied",33
"detail",33
"distracted",33
"downloading",33
"factory",33
"framing",33
"frenchie",33
"larry",33
"led",33
"ludwigcomfy",33
"metro",33
"monthly",33
"nolook",33
"peepoevil",33
"repeating",33
"riddle",33
"romance",33
"romantic",33
"shure",33
"teen",33
"virtualhug",33
"witcher",33
"bark",33
"biden",33
"bubbles",33
"collectible",33
"defeat",33
"flick",33
"forcing",33
"fuel",33
"galaxy",33
"inconsistent",33
"kate",33
"lurking",33
"ned",33
"paulparazzi",33
"protection",33
"responsible",33
"scalpers",33
"shapes",33
"tm",33
"147",33
"1v4",33
"catguitar",33
"cdawgva",33
"fuuuuck",33
"hitman",33
"imgur",33
"incel",33
"ironmouseblankiedance",33
"panera",33
"qtcsolo",33
"straw",33
"swung",33
"tokyo",33
"vibing",33
"wizard",33
"wrist",33
"antique",33
"frequency",33
"gemstone",33
"grad",33
"ludwigwc",33
"minifig",33
"mk",33
"museum",33
"oura",33
"packet",33
"peony",33
"pepper",33
"slice",33
"spark",33
"stanley",33
"vinyl",33
"overstimulated",33
"puddle",33
"scaredycat",33
"willneff",33
"hack",33
"lizardpls",33
"sykunno",33
"warned",33
"japaaan",33
"payoff",33
"holly",33
"lbs",33
"qttttt",33
"rods",33
"sanchez",33
"smelling",33
"standby",33
"avast",33
"follows",33
"liamkhd",33
"fooling",33
"lilaggy",33
"capnsquishy",33
"rbi",33
"matheson",33
"milky",33
"quantity",33
"harness",33
"killthatboy",33
"camerondiro",33
"gamin",33
"yttt",33
"ernie",33
"ling",33
"rosii",33
"joeeeeee",33
"kaicsturdyy",33
"kierra",33
"paymikan",33
"rayyy",33
"usaaaa",33
"hojubobdan",33
"mrajedi",33
"baader",33
"dk",32
"123",32
"aah",32
"amongus",32
"answering",32
"aside",32
"benefits",32
"biblical",32
"cheatwig",32
"clipper",32
"cmonn",32
"counters",32
"cutesit",32
"damnit",32
"debuff",32
"desperate",32
"disqualified",32
"flashed",32
"greatly",32
"heres",32
"hittin",32
"joshsmurph",32
"lmk",32
"lule",32
"murdered",32
"muscles",32
"overlap",32
"paste",32
"peaking",32
"pico",32
"pity",32
"potions",32
"rb",32
"ruins",32
"sammieepp",32
"scandal",32
"seeding",32
"sellout",32
"squeexs",32
"stopbeingmean",32
"surprisingly",32
"taedroo",32
"thieves",32
"ting",32
"unmute",32
"unranked",32
"warfare",32
"worms",32
"xqccheer",32
"badum",32
"bop",32
"celebrate",32
"cheesed",32
"coconut",32
"collecting",32
"danggg",32
"dicks",32
"faked",32
"fatty",32
"gaben",32
"grape",32
"hoop",32
"horrendous",32
"ladybug",32
"leslie's",32
"looooooool",32
"markiplier",32
"models",32
"nonbinarypride",32
"nostalgic",32
"pisses",32
"pong",32
"problematic",32
"reserve",32
"shipped",32
"smallest",32
"squeexshaka",32
"trials",32
"tuh",32
"typa",32
"unity",32
"vertical",32
"vomit",32
"votes",32
"12k",32
"60k",32
"8nchanter",32
"911",32
"believes",32
"booooooooo",32
"bound",32
"bra",32
"charged",32
"drecandy13",32
"esh",32
"floating",32
"greet",32
"haiti",32
"hiring",32
"hon",32
"jaw",32
"mas",32
"narrative",32
"nepotism",32
"notebook",32
"portrait",32
"rad",32
"router",32
"ssd",32
"suspicious",32
"upcoming",32
"wishes",32
"distracting",32
"manners",32
"nate",32
"perchance",32
"polo",32
"puss",32
"sadkitty",32
"shrooms",32
"tug",32
"weigh",32
"butterfly",32
"cans",32
"cdawgpepegaaim",32
"designer",32
"jewelry",32
"kei",32
"loan",32
"lyon",32
"marrying",32
"rebel",32
"shanks",32
"blessing",32
"chameleons",32
"cursor",32
"snitched",32
"5ndsdrluqwq",32
"caring",32
"crazyy",32
"usain",32
"zspin1",32
"57",32
"bandwidth",32
"bigphish",32
"dumpy",32
"realizing",32
"violation",32
"eunuch",32
"gender",32
"nuked",32
"sassy",32
"forsens",32
"goatberg",32
"har",32
"legacy",32
"mascot",32
"poured",32
"liamkh",32
"sga",32
"angela",32
"cdawglove",32
"courtney",32
"sagat",32
"leaky",32
"sarcasm19",32
"jt",32
"abraham",32
"jakura",32
"havana",32
"fickle",32
"keira",32
"yonnaaaa",32
"matured",32
"slimecicle",32
"joyymei",32
"mar3lgm3",32
"zhangsun",32
"cella",32
"skubal",32
"luigit420",32
"mangou",32
"2007",31
"aaaaaaa",31
"advertising",31
"african",31
"aid",31
"attractive",31
"bbl",31
"carlson",31
"catvibe",31
"chobacka",31
"clan",31
"comfort",31
"cooldown",31
"dads",31
"decides",31
"dosnt",31
"ea",31
"efficient",31
"fever",31
"fiction",31
"gona",31
"hampshire",31
"images",31
"inbound",31
"itswill7",31
"ko",31
"legitimately",31
"maid",31
"mechanical",31
"modded",31
"modlove",31
"moginerd",31
"nidalee",31
"packed",31
"purposes",31
"releasing",31
"revive",31
"served",31
"shat",31
"sheeeesh",31
"shittt",31
"suggestion",31
"sums",31
"taht",31
"te",31
"terrorism",31
"underrated",31
"wikipedia",31
"wok",31
"54dule",31
"asses",31
"bagel",31
"bats",31
"blurry",31
"cha",31
"cmonnn",31
"coincidence",31
"cray",31
"dock",31
"doordash",31
"edacc24",31
"forgets",31
"ge",31
"goof",31
"highly",31
"hooks",31
"mayor",31
"michaeliii5",31
"murica",31
"neosilex",31
"nfl",31
"opposed",31
"quarters",31
"rankings",31
"religious",31
"retweet",31
"rivalry",31
"spoiling",31
"thay",31
"thirsty",31
"whiplash",31
"wigglr",31
"yupp",31
"149",31
"bare",31
"clark",31
"coat",31
"comeon",31
"cosplaying",31
"doubted",31
"glazer",31
"grabs",31
"handled",31
"letsss",31
"metaphor",31
"minimap",31
"moral",31
"pointed",31
"squeexg",31
"sweater",31
"tigg44lol",31
"tracker",31
"uppp",31
"venom",31
"verify",31
"wirtual",31
"woooow",31
"bend",31
"clavicular",31
"cruel",31
"emo",31
"faded",31
"fuckkk",31
"gal",31
"gates",31
"gawd",31
"ludwigboomer",31
"pepeds",31
"pufferpop",31
"spammer",31
"toys",31
"uluraibewty",31
"7m",31
"aur",31
"bello",31
"caviar",31
"cease",31
"colorado",31
"cuteee",31
"dans",31
"dell",31
"frank",31
"gendered",31
"gucci",31
"heating",31
"hendrix",31
"imtyping",31
"lense",31
"loyalty",31
"nuclear",31
"prototype",31
"sneakers",31
"stones",31
"sui",31
"ubuntu",31
"verstappen",31
"worn",31
"4shrug",31
"bon",31
"copypasta",31
"dei",31
"eugh",31
"frenn",31
"hiiiiiii",31
"iykyk",31
"ludwigsilly",31
"squeexwave",31
"ahaha",31
"heavily",31
"jude",31
"koji",31
"mukbang",31
"verse",31
"beerio",31
"convert",31
"drift",31
"lagert4hah",31
"auraaaaa",31
"chant",31
"civ",31
"cocomelon",31
"curly",31
"lcq",31
"pav",31
"pomgeorge",31
"suppression",31
"uploads",31
"vp",31
"boilsupertf",31
"supractin",31
"cdawgjam",31
"swam",31
"shitler",31
"stamina",31
"pour",31
"bater",31
"yrg",31
"smugalanabongosnow",31
"knot",31
"depose",31
"bcwarrior",31
"sinners",31
"neffletsgooo",31
"kde",31
"keems",31
"suppycgwave",31
"yugis",31
"333333",31
"botez",31
"vanill171chonies",31
"santit20pulgaz",31
"argeniedrama",31
"softlocked",31
"realka58uncle",31
"outlaw233wooyeah",31
"cheatvar",31
"mangoa",31
"185",30
"adblock",30
"blunder",30
"brunodostrescuatro",30
"caedral",30
"chump",30
"claww05",30
"committed",30
"controlling",30
"cucked",30
"deliver",30
"doncic",30
"donowalled",30
"explosion",30
"friggin",30
"gba",30
"ghosts",30
"hades",30
"hay",30
"helium",30
"hung",30
"immature",30
"jin",30
"kinztastic",30
"lifesteal",30
"lr",30
"luddyyy",30
"ludwigcoots",30
"macbook",30
"malding",30
"mentioning",30
"nicely",30
"nighter",30
"optimal",30
"originally",30
"outfits",30
"owners",30
"peanuts",30
"peeing",30
"preview",30
"recover",30
"reel",30
"rocking",30
"rtx",30
"rustedswordx",30
"samurai",30
"seraphine",30
"shitters",30
"somewhat",30
"spacex",30
"stg",30
"swipe",30
"tagged",30
"titanic",30
"trapped",30
"unstoppable",30
"weakness",30
"weapons",30
"widetwerkers",30
"wonky",30
"yingling",30
"4v4",30
"bloody",30
"celebrating",30
"daaaamn",30
"fate",30
"feelsokayman",30
"gimmick",30
"gol",30
"how'd",30
"instructions",30
"kriptyk23",30
"lalala",30
"maxed",30
"maxiim0ose",30
"nigerian",30
"redditor",30
"riddles",30
"srdz",30
"tricky",30
"web",30
"zoro",30
"96",30
"breast",30
"chew",30
"childrens",30
"convenient",30
"crisis",30
"damaged",30
"december",30
"eastern",30
"excel",30
"fidget",30
"hungrybox",30
"m8",30
"mcqueen",30
"naaah",30
"okie",30
"parlay",30
"pauses",30
"sip",30
"slider",30
"waldo",30
"zealand",30
"basedgod",30
"chi",30
"inevitable",30
"laughs",30
"ludwigban",30
"pipeline",30
"proving",30
"screams",30
"slimeexplode",30
"aging",30
"bond",30
"buds",30
"canda",30
"capitalize",30
"cared",30
"degen",30
"eva",30
"explosive",30
"gamma",30
"kpop",30
"receive",30
"selfie",30
"seo",30
"uniform",30
"vietnamese",30
"wap",30
"ww2",30
"caked",30
"forafuckingmonth",30
"hughiehughs",30
"6'3",30
"clm",30
"innnn",30
"laid",30
"mannnn",30
"playstyle",30
"rawkout",30
"tense",30
"wideraintime0",30
"widewig2",30
"janet",30
"povs",30
"baddies",30
"futureman",30
"ludiwg",30
"meets",30
"vct",30
"adios",30
"brands",30
"hollon",30
"nhb",30
"ropes",30
"shouting",30
"woooooooooooo",30
"writers",30
"benched",30
"mythical",30
"pepes",30
"preston",30
"gaydolf",30
"breakdown",30
"cobblemon",30
"littering",30
"poppers",30
"recommended",30
"strapped",30
"carter",30
"goff",30
"kaicnaenae",30
"prinstine",30
"hoco",30
"lester",30
"byb",30
"111111111",30
"205",30
"connor6usa",30
"sneako",30
"arkyszn",30
"fsmchillin",30
"evelyn331heart",30
"jasont2sturdy",30
"meks",30
"mangopog",30
"93",29
"agency",29
"automatically",29
"bbm",29
"cait",29
"captions",29
"chained",29
"cheeky",29
"claps",29
"clones",29
"coop",29
"dildo",29
"doe",29
"drowning",29
"express",29
"frenchman",29
"fricking",29
"fruits",29
"gachibass",29
"helloooo",29
"honkshoe",29
"horrid",29
"humid",29
"ingame",29
"introduce",29
"johns",29
"juiced",29
"karnieeee",29
"liek",29
"litterally",29
"marks",29
"missouri",29
"motivated",29
"motivational",29
"nicks",29
"nonono",29
"noticing",29
"nuzlocke",29
"objectively",29
"oneshot",29
"oot",29
"outro",29
"patriots",29
"pepepains",29
"pikagiggle",29
"poro",29
"potfriend",29
"premierhowdy",29
"reliable",29
"respawn",29
"seasons",29
"secure",29
"sends",29
"sequel",29
"shopping",29
"sideways",29
"spaghetti",29
"spreads",29
"structure",29
"sudachi",29
"tornado",29
"trilogy",29
"whoop",29
"xddd",29
"yooooooooooo",29
"ze",29
"bay",29
"bong",29
"capped",29
"dab",29
"donated",29
"drill",29
"footgoal",29
"harem",29
"hart",29
"i0kihi",29
"larps",29
"ming",29
"misspelled",29
"mpreg",29
"mug",29
"needle",29
"nickname",29
"panel",29
"recency",29
"snitches",29
"speed0",29
"swiss",29
"tf2",29
"thirty",29
"thrones",29
"uo",29
"yang",29
"absurd",29
"applausebreak",29
"artistic",29
"baron",29
"basement",29
"blessed",29
"brightness",29
"buster",29
"cousins",29
"crimes",29
"dave",29
"desync",29
"doh",29
"dots",29
"furioussyndrome",29
"gambled",29
"helicopter",29
"hoed",29
"immediate",29
"insanity",29
"jury",29
"ledge",29
"lung",29
"monitors",29
"onnnn",29
"patreon",29
"plsssss",29
"prerecorded",29
"relationships",29
"resources",29
"standards",29
"staniel",29
"sunk",29
"uhhhhh",29
"woop",29
"awh",29
"bai",29
"bitched",29
"bodied",29
"cheermogi",29
"fastball",29
"gacha",29
"kernel",29
"lacari",29
"lefty",29
"lmfaoooooooooooo",29
"loooooooool",29
"pew",29
"ph",29
"suprfb",29
"antarctica",29
"bluetooth",29
"creeper",29
"debris",29
"dolphin",29
"fragment",29
"gorilla",29
"graduation",29
"hopes",29
"housing",29
"ligne",29
"mason",29
"medicine",29
"ne",29
"playbutton",29
"salts",29
"statefarm",29
"uma",29
"vapes",29
"brained",29
"cinematic",29
"faceit",29
"queso",29
"survived",29
"trend",29
"beers",29
"shimmy",29
"squats",29
"gallery",29
"intentional",29
"juneteenth",29
"poki's",29
"slack",29
"unfollowing",29
"extortion",29
"helll",29
"chubby",29
"contestants",29
"guyd",29
"liamkdance",29
"msmegascuba",29
"perform",29
"routes",29
"thedrama",29
"humbled",29
"phil",29
"slick",29
"supertv",29
"conor",29
"mythology",29
"aaaaaaaa",29
"kkataminis",29
"toph",29
"cole",29
"realballs32",29
"hornet",29
"professer",29
"stabehyper",29
"congratss",29
"elp",29
"mx",29
"rihanna",29
"rays",29
"argenieteary",29
"keating",29
"d3fau1tyskin",29
"paybae",29
"inayuparty",29
"subroza",29
"forthnite",29
"vball",29
"determinedculturedhyenatf2john",29
"ripepperonis",29
"ypci9xwyvnulqxdi",29
"starsss",29
"starssss",29
"usaaa",29
"envoys",29
"dkent3k",29
"shartin",29
"3s",28
"anal",28
"ashes",28
"attempts",28
"barrel",28
"bein",28
"costream",28
"der",28
"expose",28
"fallen",28
"fcking",28
"flipping",28
"freezing",28
"function",28
"g2",28
"glhf",28
"grain",28
"hatewatch",28
"illness",28
"immune",28
"intent",28
"irish",28
"jamie",28
"lined",28
"lmaoooooooooooooo",28
"luddddd",28
"mormons",28
"morty",28
"mum",28
"nocturne",28
"outplayed",28
"packitup",28
"participants",28
"pluh",28
"pushes",28
"rarely",28
"settle",28
"unhinged",28
"walkin",28
"wealth",28
"whyyy",28
"yello",28
"yipee",28
"17k",28
"attended",28
"dagger",28
"dickhead",28
"disappeared",28
"doakes",28
"drain",28
"facebook",28
"invites",28
"ludddy",28
"mall",28
"nh",28
"okaj",28
"pages",28
"psychology",28
"publisher",28
"radstads",28
"searching",28
"seekers",28
"timmmmm",28
"togabl",28
"veto",28
"violin",28
"wax",28
"wierd",28
"wowee",28
"bananas",28
"belongs",28
"blond",28
"bomber",28
"brooooooo",28
"collector",28
"dent",28
"fnaf",28
"freddie",28
"furthest",28
"karmacha0s",28
"litel0rd",28
"loosing",28
"owed",28
"patrick",28
"reformed",28
"replying",28
"ruesbug",28
"salmon",28
"saxtime",28
"stache",28
"whysoserious",28
"wwwwwwwwwwwwwww",28
"yoshipls",28
"zzz",28
"ari",28
"bandit",28
"bub",28
"damnnnnnn",28
"grammar",28
"immortal",28
"napoleon",28
"newer",28
"produce",28
"qtccoots",28
"tat",28
"thas",28
"toodles",28
"boner",28
"braces",28
"brad",28
"bullion",28
"dime",28
"drum",28
"flint",28
"ludwigkart",28
"minnesota",28
"paul's",28
"pipes",28
"sang",28
"shadowless",28
"silk",28
"tortoise",28
"tthe",28
"virginia",28
"9am",28
"ayoooo",28
"cochard",28
"finest",28
"redeem",28
"switzerland",28
"300k",28
"formallybear",28
"luigipls",28
"milly",28
"shitter",28
"smacked",28
"thighs",28
"weddings",28
"youuuuu",28
"buck",28
"hte",28
"sailing",28
"tiktoks",28
"3333333",28
"exemlul",28
"americas",28
"dandannyboy",28
"disgrace",28
"ghostie",28
"obi",28
"omgggggg",28
"underwater",28
"winfume",28
"liamkpride",28
"rev",28
"bent",28
"economics",28
"nigeria",28
"biceps",28
"commitment",28
"kkatamraid",28
"ysl",28
"durrrf",28
"dystopian",28
"fuq",28
"quavers",28
"zeusy",28
"actress",28
"lllllllll",28
