"word","frequency"
"the",116321
"is",104692
"you",96418
"dantes",95635
"to",87143
"a",79104
"lol",78751
"i",72230
"it",53594
"in",47871
"he",46168
"and",43857
"this",42815
"for",41396
"on",38317
"1",35518
"that",33622
"w",33598
"u",32366
"bro",32016
"no",31623
"what",31588
"game",29895
"are",29754
"of",28304
"edm",27000
"not",26973
"gg",26588
"jynxzi",26485
"just",26416
"ww",26168
"so",25723
"do",25720
"with",24856
"like",23199
"your",23054
"get",22545
"rank",22290
"its",21811
"lo",20695
"why",20398
"play",20191
"him",20139
"can",20085
"they",19305
"my",19072
"was",18998
"2",18707
"have",18330
"up",18192
"rt",18111
"be",17825
"his",17648
"me",17100
"zyzzbass",16926
"we",16518
"good",16512
"yes",16491
"time",16174
"go",15886
"if",15459
"how",15249
"ur",14872
"at",14390
"did",14371
"watch",14281
"all",14018
"3",13737
"lmao",13589
"when",13538
"out",12975
"chat",12844
"www",12789
"s",12410
"holy",12224
"or",11617
"im",11605
"lul",11568
"but",11475
"league",11443
"dont",11270
"now",11200
"stream",11162
"fuck",11154
"com",11119
"wtf",10879
"shit",10627
"one",10450
"got",10340
"l",9974
"arise",9846
"jiddy",9789
"subscribed",9782
"youtube",9702
"https",9633
"more",9527
"cte",9385
"67",8977
"wins",8942
"gamble",8902
"today",8768
"hes",8723
"has",8719
"son",8660
"day",8590
"need",8581
"5",8504
"lp",8498
"will",8319
"doaenemuzz",8296
"too",8293
"oooo",8289
"challenger",8195
"about",8184
"know",8094
"another",8073
"10",8047
"there",8000
"think",7993
"would",7900
"oh",7894
"back",7787
"tier",7714
"0",7490
"bronze",7453
"from",7449
"song",7375
"here",7374
"bad",7312
"as",7288
"does",7225
"yo",7129
"gonna",7070
"4",6977
"who",6971
"see",6919
"man",6847
"aura",6789
"playing",6707
"better",6703
"fucking",6698
"please",6662
"coach",6657
"discord",6643
"mooda",6410
"win",6377
"sub",6363
"stop",6331
"thats",6304
"winrate",6291
"doaenel",6283
"even",6247
"gifted",6183
"ass",6168
"make",6160
"them",6119
"still",6035
"right",6032
"it's",6026
"mijo",6026
"only",5989
"silver",5977
"yeah",5972
"cant",5944
"yi",5926
"ll",5855
"true",5837
"xd",5823
"faker",5809
"am",5774
"going",5761
"q",5747
"should",5711
"use",5680
"off",5670
"real",5626
"team",5612
"guy",5599
"nice",5585
"love",5516
"huh",5490
"an",5476
"actually",5433
"hivise",5408
"na",5404
"gold",5324
"way",5284
"t",5260
"7",5233
"check",5189
"give",5167
"tell",5144
"grandmaster",5134
"never",5108
"games",5096
"doing",5033
"look",4987
"jorkin",4972
"dude",4968
"guys",4906
"then",4890
"than",4867
"top",4857
"op",4856
"getting",4850
"prime",4750
"say",4718
"6",4708
"some",4699
"where",4583
"call",4566
"content",4565
"first",4498
"mvp",4469
"streak",4461
"again",4423
"ravetime",4378
"btw",4369
"wait",4349
"want",4349
"people",4348
"watching",4330
"hold",4310
"best",4279
"hard",4254
"ask",4252
"28",4235
"music",4232
"big",4230
"take",4227
"by",4194
"degloved",4159
"tab",4145
"badge",4132
"they've",4128
"let",4118
"much",4116
"kekw",4096
"months",4096
"dinodance",4051
"hecarim",4046
"currently",4042
"wr",4040
"dante",4039
"100",4018
"dancin",4001
"been",3981
"min",3954
"new",3948
"omg",3947
"after",3920
"playlist",3915
"over",3912
"said",3885
"banger",3857
"tho",3846
"summoners",3819
"lock",3811
"down",3796
"nah",3796
"grind",3769
"free",3768
"sleep",3755
"he's",3737
"same",3735
"wake",3723
"video",3686
"classic",3677
"crazy",3670
"next",3598
"put",3588
"ig",3573
"pls",3562
"rn",3546
"mods",3535
"master",3495
"d",3493
"larp",3478
"8",3450
"channel",3444
"50",3424
"extra",3420
"because",3409
"start",3408
"lets",3405
"hit",3400
"try",3398
"keep",3389
"into",3388
"ok",3380
"live",3369
"had",3369
"doaeneexplain",3348
"jungle",3333
"ever",3330
"mid",3315
"hi",3296
"mogged",3254
"gay",3252
"gigachad",3244
"she",3244
"already",3230
"last",3226
"cinema",3221
"xdd",3210
"every",3193
"v",3184
"hours",3179
"humzh",3174
"didnt",3171
"en",3163
"stories",3162
"instagram",3158
"r",3155
"you're",3137
"us",3135
"hl",3122
"damn",3114
"really",3110
"kill",3104
"lmfao",3086
"tf",3083
"join",3067
"aware",3064
"goat",3026
"doesnt",3010
"were",3007
"always",2999
"retard",2989
"don't",2974
"streamer",2964
"30",2964
"riot",2939
"end",2938
"mean",2936
"whats",2936
"twitch",2890
"turn",2884
"these",2880
"iron",2876
"god",2870
"her",2867
"champ",2862
"ez",2860
"doaenespin",2855
"streams",2855
"ads",2852
"apology",2851
"listening",2839
"someone",2838
"queue",2837
"wrong",2821
"needs",2820
"lost",2820
"i'm",2815
"other",2809
"boy",2806
"diamond",2802
"build",2779
"life",2779
"literally",2775
"junko",2763
"looks",2762
"los",2756
"lose",2754
"ta",2740
"could",2735
"11",2731
"opgg",2731
"brother",2730
"27",2717
"kiss",2712
"before",2707
"delay",2702
"9",2697
"hahadoge",2675
"dans",2672
"flash",2657
"points",2644
"20",2640
"well",2621
"jynxi",2610
"om",2603
"o7",2595
"watched",2594
"peak",2581
"show",2569
"being",2568
"any",2566
"cap",2560
"maybe",2556
"player",2556
"old",2555
"subs",2544
"zyzzrave",2538
"hey",2532
"sure",2532
"their",2508
"close",2497
"name",2497
"fun",2489
"help",2479
"jg",2477
"e",2475
"played",2474
"bot",2473
"gotta",2470
"month",2456
"15",2449
"53",2440
"m",2438
"saj",2432
"wow",2417
"ult",2417
"run",2404
"work",2394
"mcp8",2386
"thing",2376
"might",2362
"usa",2362
"cuck",2362
"cope",2353
"account",2332
"elo",2327
"eat",2325
"hell",2320
"r6",2320
"teemo",2308
"ban",2299
"youre",2297
"watchtime",2296
"left",2258
"come",2251
"newest",2236
"buy",2234
"banned",2231
"vs",2227
"bruh",2224
"ranked",2221
"36u1qseh2iy",2220
"doaenelyt",2220
"map",2206
"idk",2199
"something",2198
"kappa",2187
"fr",2174
"babyrage",2163
"rip",2155
"yea",2145
"low",2137
"feel",2126
"most",2126
"long",2120
"isnt",2119
"also",2114
"full",2114
"insane",2114
"ngl",2098
"sleeping",2098
"caught",2093
"view",2085
"flow",2056
"ff",2046
"fat",2044
"playlists",2031
"mhm",2029
"12",2024
"lowkey",2019
"sparked",2014
"diddy",2012
"consecutive",2012
"talking",2005
"kayn",2000
"link",1994
"won",1985
"gift",1975
"ad",1970
"done",1968
"that's",1961
"kinda",1957
"bed",1954
"viewers",1938
"wanna",1932
"grid",1922
"while",1913
"wife",1913
"2026",1912
"subscriber",1906
"move",1901
"wwww",1890
"omegalul",1887
"everyone",1882
"mangomilkshake1",1870
"talk",1867
"learn",1864
"current",1859
"notlikethis",1857
"food",1848
"jp",1847
"kadeem",1843
"press",1839
"taw",1838
"made",1835
"many",1833
"losers",1831
"years",1822
"high",1821
"saying",1815
"smite",1815
"letsgooo",1812
"world",1812
"waga",1811
"dmg",1808
"players",1797
"open",1792
"yall",1779
"skin",1778
"zaxiittv",1777
"sister",1776
"nothing",1774
"dead",1773
"funny",1771
"little",1770
"votenay",1769
"lulu",1768
"click",1763
"est",1762
"based",1749
"both",1747
"uuh",1739
"voice",1738
"oil",1736
"t1",1730
"clip",1728
"f",1727
"cooked",1723
"lil",1721
"adc",1717
"change",1716
"diff",1715
"daddy",1713
"support",1710
"die",1701
"cam",1697
"kid",1694
"those",1693
"went",1690
"calling",1671
"ron",1666
"cause",1664
"hear",1657
"read",1655
"money",1655
"thought",1645
"cute",1643
"xqc",1641
"ikwym",1635
"gets",1632
"head",1632
"disgusting",1630
"gym",1630
"days",1628
"break",1628
"coaching",1625
"normal",1616
"ball",1612
"ggs",1611
"viego",1610
"almost",1609
"yet",1607
"point",1603
"easy",1603
"schizo",1602
"chud",1601
"level",1600
"without",1593
"baby",1591
"mic",1589
"40",1582
"nt",1579
"fine",1575
"defender",1564
"wukong",1563
"type",1557
"ai",1555
"re",1552
"away",1547
"hate",1547
"looking",1546
"lmaooo",1546
"lane",1540
"don",1538
"hello",1535
"wwwww",1527
"laura",1522
"listen",1514
"double",1514
"anyone",1506
"o",1506
"pick",1503
"2l",1503
"loss",1494
"discofrog",1486
"0l",1485
"af",1483
"jynxzifat",1483
"okay",1482
"irl",1477
"happy",1475
"hope",1473
"can't",1473
"makes",1472
"spot",1471
"thank",1469
"part",1465
"enough",1463
"woah",1463
"cancer",1460
"retarded",1459
"3l",1457
"very",1456
"great",1454
"pretty",1450
"screen",1450
"king",1447
"thanks",1446
"tuh",1444
"seen",1441
"1l",1431
"times",1430
"night",1430
"rakai",1429
"1w",1420
"making",1410
"ahh",1409
"ii",1409
"bros",1405
"learning",1405
"against",1404
"deal",1400
"couple",1400
"clear",1397
"trying",1392
"clap",1391
"believe",1389
"doaenejester",1389
"item",1388
"red",1385
"lemickey",1382
"main",1378
"finally",1377
"0w",1377
"used",1375
"worst",1374
"hide",1374
"sahur",1373
"though",1361
"add",1359
"jynxzigriddy",1358
"anything",1356
"auto",1355
"job",1354
"wagag",1351
"13",1347
"spam",1345
"losing",1345
"mod",1343
"miss",1341
"pog",1340
"24",1340
"1v9",1336
"worse",1335
"wants",1333
"year",1332
"plays",1331
"sex",1330
"locke",1325
"locked",1322
"goon",1318
"killthatboy",1318
"brain",1317
"late",1314
"tyler",1308
"wp",1308
"warwick",1302
"enemy",1301
"pre",1298
"coming",1298
"14",1296
"such",1286
"beat",1285
"instead",1284
"since",1284
"pussy",1280
"hot",1279
"machine",1276
"happened",1266
"whole",1265
"probably",1264
"remember",1262
"carry",1259
"int",1254
"heca",1253
"lot",1250
"aint",1247
"morning",1247
"feet",1243
"around",1242
"teach",1242
"x",1242
"saw",1240
"says",1236
"tweak",1236
"jynxzivapebreak",1234
"fight",1233
"goated",1230
"june",1227
"pov",1226
"imagine",1224
"marathon",1224
"called",1223
"feelsstrongman",1222
"sonion",1222
"find",1221
"sounds",1220
"everything",1214
"tbh",1214
"29",1214
"minutes",1211
"huge",1210
"diana",1209
"plat",1209
"21",1209
"ago",1201
"gayge",1201
"suck",1199
"ap",1199
"room",1199
"report",1198
"together",1196
"arcane",1194
"fucked",1187
"dumb",1184
"using",1183
"ts",1178
"cs",1176
"kreygasm",1175
"drops",1174
"trust",1173
"balright",1172
"hour",1171
"2w",1170
"damage",1168
"yep",1164
"death",1163
"lucas",1163
"shower",1161
"knows",1161
"ragebait",1158
"ofc",1155
"ahmadmuhsin",1155
"blue",1149
"llooll",1148
"cuz",1147
"invite",1147
"nose",1147
"chill",1142
"student",1139
"theres",1134
"boots",1134
"having",1133
"yourself",1133
"fire",1133
"shot",1129
"missed",1127
"messi",1127
"black",1126
"once",1125
"england",1123
"twitchconhype",1122
"legends",1120
"face",1120
"eating",1118
"second",1117
"hahaha",1115
"gamba",1102
"jah",1101
"two",1100
"doesn't",1099
"else",1099
"until",1098
"arent",1089
"buddy",1089
"crack",1087
"1v1",1087
"dumbass",1086
"least",1085
"mom",1084
"dodge",1078
"straight",1078
"workout",1077
"lmaoooo",1075
"stay",1075
"pewpewpew",1075
"actual",1073
"fake",1072
"5s",1068
"pogchamp",1067
"place",1067
"mode",1064
"doaeneschizo",1059
"ive",1056
"which",1054
"msi",1054
"goes",1052
"half",1052
"champs",1052
"briar",1043
"scared",1041
"4w",1040
"sound",1038
"mr",1037
"duo",1037
"vape",1037
"broken",1036
"fix",1036
"house",1032
"wwwwww",1032
"form",1032
"guess",1031
"soon",1026
"16",1026
"leave",1026
"aim",1026
"dantesmuhsin",1025
"ouu",1024
"3w",1023
"started",1019
"didn't",1019
"trihard",1018
"bet",1016
"widemonkeyrainbowpls",1016
"winning",1013
"solo",1012
"worth",1011
"sorry",1008
"larping",1003
"dog",1002
"explain",1001
"died",998
"mute",997
"shi",997
"skill",996
"bitch",995
"eu",995
"early",993
"zyzzdance",993
"home",991
"mad",991
"host",991
"voteyea",989
"save",988
"legit",986
"ayo",983
"wideravetime",983
"n",982
"streaming",982
"police",980
"attack",979
"sold",979
"bit",977
"ty",977
"cool",977
"sped",977
"water",975
"18",975
"goal",975
"spamming",974
"pizza",974
"bigbrother",971
"through",968
"each",968
"mins",967
"mf",967
"wall",966
"canada",963
"charm",963
"cc",961
"person",958
"rainbowpls",957
"aga",957
"jgl",955
"y",955
"shaco",955
"gameplay",954
"l9",953
"chall",952
"lmaoo",952
"girl",950
"reset",949
"brand",948
"goalhype",945
"kills",941
"pc",941
"self",941
"doctor",940
"hahahaha",939
"wutface",939
"hesright",939
"friend",937
"ye",937
"25",934
"streamers",933
"band",932
"cock",929
"kindred",929
"bigsad",927
"jesus",926
"trolling",926
"different",923
"icant",921
"lvl",920
"garen",920
"hrs",919
"wont",918
"average",916
"aten369",916
"shut",914
"weird",914
"anymore",912
"pay",910
"inting",908
"match",906
"side",904
"slay",903
"22",900
"incoming",900
"bring",897
"slow",896
"items",895
"siege",895
"lobby",894
"dantesexplain",894
"joke",891
"send",889
"g",887
"trash",887
"ew",887
"community",885
"vision",885
"behind",884
"minecraft",882
"p",881
"leaked",881
"title",881
"balls",880
"carried",878
"fast",878
"skip",878
"cosplay",877
"ingame",877
"iq",877
"our",876
"ending",876
"quit",872
"rocket",871
"cum",866
"ill",866
"touch",866
"doaenegigachad",865
"far",863
"hec",862
"loser",860
"emerald",859
"own",857
"told",857
"yesterday",857
"heard",853
"stupid",852
"wish",851
"cheating",849
"question",847
"ping",846
"season",846
"yup",846
"gone",843
"throw",843
"yooo",837
"understand",836
"till",833
"jax",832
"men",831
"ready",830
"speed",830
"golden",829
"stfu",829
"gains",828
"tomorrow",826
"haha",825
"noway",822
"focus",821
"care",820
"seconds",820
"clone",820
"bc",819
"taking",818
"blind",818
"white",818
"message",817
"sad",816
"matter",816
"select",816
"mog",816
"kids",813
"baron",813
"comicalsloth",813
"jungler",812
"ward",812
"pepelaugh",811
"total",811
"equip",811
"reason",810
"rengar",809
"idea",808
"whattt",807
"sadge",806
"pros",806
"took",805
"word",805
"idiot",805
"sion",805
"poll",805
"drone",804
"cup",802
"jynx",800
"shoot",799
"wakey",799
"yone",798
"raid",797
"dad",796
"lule",796
"crying",795
"1000",793
"cinna",793
"genuinely",791
"happening",789
"means",789
"loud",788
"hair",788
"doaene1",788
"camera",786
"things",784
"max",784
"hand",784
"custom",783
"l9adhdprincess",783
"chair",782
"what's",782
"crit",780
"nooo",779
"cringe",778
"mental",778
"under",777
"bleedpurple",775
"dick",775
"cheer100",772
"shirt",772
"week",771
"glorpcheer",770
"ppl",769
"em",769
"hardstyle",768
"sucks",768
"mmm",768
"friends",767
"sylas",767
"eyes",766
"tawave",764
"noooo",763
"nope",762
"himself",760
"dance",760
"karasmai",760
"harder",759
"33",759
"tothehill",759
"score",758
"gifting",756
"dogepls",755
"noob",754
"chance",752
"drew",752
"pro",751
"tyler1",749
"b",749
"tonight",748
"4l",747
"prayge",746
"monday",746
"arc",745
"they're",745
"cheater",745
"akali",744
"toes",744
"tried",743
"icon",743
"2323lp",742
"uh",741
"later",741
"muga",740
"widerave",740
"facts",739
"gooning",739
"jinx",739
"green",738
"spongebob",738
"200",737
"champion",737
"drop",735
"push",735
"60",734
"chicken",734
"perfect",734
"catpls",734
"plz",733
"less",732
"k",730
"ludwig",730
"doaenenightmare",730
"role",728
"spank",726
"aevum",726
"mmr",725
"perma",725
"stuff",724
"pull",722
"emotionless",718
"dantesrave",718
"honestly",715
"timmy",714
"rage",714
"wwwwwww",714
"audio",713
"jynxzipack",712
"farm",711
"isn't",711
"seemsgood",711
"wasnt",710
"c",710
"du",710
"minute",709
"sit",709
"ome",709
"tutorial",708
"afk",707
"que",706
"order",705
"story",703
"boss",703
"wanted",703
"sus",702
"asf",700
"zyzzpls",699
"gap",696
"takes",696
"blaidfh",696
"cry",694
"ah",693
"zero",692
"demonking",692
"light",691
"smurf",690
"theyre",690
"usually",690
"gut",690
"id",687
"must",687
"sense",687
"dih",685
"moving",683
"mouth",678
"unc",678
"muted",675
"working",674
"works",674
"500",674
"stare",672
"fan",672
"tenshi",672
"speak",670
"mind",669
"17",667
"happens",667
"walk",664
"bots",663
"mexico",663
"fair",661
"running",661
"ya",661
"brazil",660
"clean",659
"boggles",659
"wl",658
"41",657
"whos",657
"came",656
"wild",656
"mouse",656
"5w",656
"sup",655
"yesss",654
"drink",653
"tv",653
"lux",653
"teammates",652
"tank",651
"masters",649
"feels",648
"zaahen",648
"1v5",647
"hands",647
"kappapride",646
"character",645
"ewww",644
"aram",644
"ben",644
"bist",643
"yoo",642
"yoooo",642
"fortnite",641
"rift",638
"222",636
"welcome",635
"jinxy",635
"ring",633
"shes",632
"lee",631
"tower",631
"26",629
"door",628
"single",628
"stick",627
"45",627
"july",626
"dantes's",625
"sick",623
"piss",622
"sell",622
"laugh",621
"knew",621
"problem",620
"thinks",620
"111",618
"dr",616
"ubisoft",616
"demon",615
"middle",614
"super",614
"eww",613
"killed",612
"become",611
"nooooo",609
"deserve",608
"taa",608
"doaenerizz",608
"randomkid",607
"random",605
"paint",605
"terrible",605
"fk",604
"bricked",604
"42",604
"waiting",603
"either",602
"giving",602
"bathroom",602
"vhagarchamp",602
"war",600
"heart",598
"doaenewin",598
"faster",597
"keyboard",596
"france",596
"jit",596
"happen",595
"runes",594
"viewer",594
"gank",594
"bang",594
"lmaooooo",592
"strong",591
"dogshit",590
"power",590
"xddd",589
"smurfing",589
"poor",589
"winnable",588
"1111",588
"knowledge",588
"redacktd",588
"vc",588
"troll",587
"belgium",587
"appreciation",587
"hitting",585
"ve",585
"54",585
"ooo",585
"invade",583
"counter",583
"ego",583
"forgot",579
"moment",579
"armor",578
"doaenekiss",578
"dansi",578
"kane",578
"19",577
"def",577
"buh",577
"otp",573
"43",573
"scored",573
"football",573
"asking",572
"there's",572
"turntsoff",572
"kind",571
"aintnoway",571
"practice",571
"bottom",570
"gang",570
"words",570
"11111",569
"residentsleeper",569
"emote",567
"gain",567
"doaenemental",567
"fairs",566
"hahahahaha",565
"autism",565
"mundo",565
"exactly",564
"closer",564
"clips",562
"possible",562
"bob",562
"jason",561
"doaenedespair",560
"pbe",559
"thinking",558
"few",557
"ripbozo",557
"ears",556
"hp",556
"clash",556
"graves",555
"button",555
"thoughts",554
"small",554
"kick",554
"print",552
"sob",552
"broke",550
"dying",550
"mythical4o4",549
"gaypride",548
"test",547
"wave",547
"jynxzibounce",547
"found",546
"h",546
"forget",544
"louder",544
"trick",544
"23",544
"lowk",544
"boys",543
"i've",543
"swear",543
"dark",543
"quick",543
"awake",543
"prediction",542
"bald",542
"cooking",541
"pyke",541
"yess",541
"lower",540
"nobody",540
"climb",540
"animals",540
"kp",539
"ability",539
"mbappe",538
"5l",538
"birthday",537
"wheres",537
"horror",537
"loll",537
"germany",535
"fault",534
"deaths",534
"space",533
"prob",533
"scuba",533
"2nd",533
"drag",533
"purple",532
"road",532
"body",531
"genius",531
"seeing",530
"angle",529
"answer",529
"human",528
"mango",528
"wouldnt",527
"naafiri",527
"bait",526
"retards",525
"kc",524
"cook",523
"jinxlul",523
"dota",522
"advice",521
"soccer",521
"useless",519
"paid",518
"nasus",518
"tree",517
"tuesday",517
"loses",516
"lockin",516
"penta",516
"deserved",515
"resources",515
"challenge",514
"louisgamedev",514
"lie",510
"during",510
"joined",510
"d1",510
"lore",509
"react",509
"acc",509
"levin",509
"edgaaaalright",509
"cuddle",508
"line",508
"legs",507
"session",507
"higher",507
"bard",507
"gm",506
"greedy",506
"mitigated",505
"family",504
"gun",504
"qss",503
"grown",503
"bets",503
"bye",501
"mel",501
"alive",500
"pdf",500
"zionc079",500
"key",499
"yuumi",498
"farming",498
"meccha",498
"norway",498
"loool",497
"register",497
"ubi",497
"fear",496
"meta",496
"sniping",495
"doesheknow",495
"larper",494
"org",494
"zesty",493
"1k",493
"followage",491
"humz",491
"pets",491
"enjoy",490
"sometimes",490
"luck",490
"belveth",490
"remove",489
"agree",489
"comp",489
"fall",488
"server",487
"control",487
"yasuo",487
"speedlaugh",486
"herald",485
"party",485
"autistic",484
"round",484
"tips",484
"fed",483
"count",483
"letsgo",482
"asleep",482
"vote",482
"clueless",481
"able",481
"dawg",481
"scary",481
"row",480
"telling",480
"favorite",479
"phone",479
"femboy",479
"snipe",479
"steal",478
"we're",478
"licking",478
"timing",477
"special",477
"fatass",477
"jynxzis",477
"cmon",476
"finish",476
"buff",476
"tahaha",476
"iambreadhyperbread",476
"age",475
"comes",475
"loolo",475
"congo",475
"seems",474
"gooo",473
"winners",473
"copium",472
"school",472
"typing",472
"hop",472
"49",472
"cheat",472
"korea",471
"between",471
"wwwwwwww",470
"feed",469
"ice",469
"bigger",468
"gave",468
"train",467
"thornynova",467
"wednesday",467
"cover",466
"truth",465
"111111",465
"pm",465
"inside",464
"supposed",463
"definitely",463
"hestaight",462
"55",461
"fuckin",459
"horse",459
"scream",459
"woke",459
"amazing",459
"stand",459
"russel",459
"weak",458
"80",458
"doaeneloss",458
"ghost",457
"rather",457
"cavfra",457
"chad",456
"spent",456
"irelia",456
"9l",456
"let's",455
"elden",455
"arm",455
"38",455
"spoon",455
"pinkward",455
"leg",454
"talon",454
"energy",453
"olaf",453
"rate",453
"unlucky",453
"tired",452
"pause",451
"segment",451
"affection",451
"genug",451
"mana",450
"sexy",450
"56",450
"horrible",449
"mijonion",449
"basically",448
"seisedyan",447
"deadass",447
"atp",447
"likes",446
"rest",446
"inted",446
"camps",446
"lebron",446
"joe",445
"mechanics",445
"smart",445
"saved",444
"ones",444
"gives",444
"kai",444
"sin",444
"per",443
"stuck",443
"aids",443
"kevin",442
"timer",442
"massive",441
"geeg",441
"goooo",440
"dragon",440
"lying",440
"dd",440
"car",440
"meat",439
"set",439
"easier",438
"doesn",437
"vod",437
"zamn",436
"florida",436
"roblox",436
"cut",435
"myself",435
"i'll",435
"lmfaooo",435
"52",434
"klewas",434
"boring",433
"past",433
"cat",433
"doaeneteddy",433
"nuts",432
"feeling",431
"issue",431
"alone",431
"da",431
"stack",431
"wonder",431
"alright",430
"dry",430
"chatting",430
"didn",429
"married",429
"won't",429
"6w",429
"hype",428
"lulw",428
"experience",428
"7l",428
"comms",428
"boggszn",428
"smell",427
"rl",427
"soul",426
"holding",426
"starting",426
"mclovin",426
"shyvana",425
"ronaldo",425
"irons",425
"nvm",424
"respect",424
"throwing",424
"hivemind",424
"keria",424
"cares",423
"jump",423
"brown",423
"yap",423
"dwerk",423
"needed",422
"settings",422
"j",422
"coke",422
"command",421
"deep",421
"riven",421
"triple",421
"vi",421
"entire",420
"spotify",420
"99",420
"alt",419
"noo",419
"squishy",419
"outside",419
"canes",419
"fell",418
"laurinchhhe",418
"pardon",418
"yordle",417
"fart",417
"gambling",417
"sec",416
"yt",416
"french",416
"cake",416
"monkaw",415
"serious",415
"bud",415
"controller",415
"argentina",415
"vise",415
"safe",414
"braindead",414
"shield",414
"base",412
"crab",412
"doc",412
"secondos",412
"jynxzitongue",412
"amumu",411
"boost",411
"bomb",410
"draven",409
"penis",409
"diesofcringe",409
"yessss",409
"annie",408
"2385lp",408
"burger",407
"training",407
"alot",406
"social",406
"record",406
"bar",405
"final",405
"sauce",405
"rare",405
"wood",405
"rich",404
"fly",404
"number",404
"opinion",404
"lolll",403
"remix",403
"huhh",402
"monka",402
"skins",401
"walls",401
"ahri",401
"volume",400
"twice",400
"bigletsfuuuuuckinggooooultra1000",400
"nut",400
"wth",399
"fact",399
"voices",399
"meow",398
"quitter",398
"jynxziglasses",398
"noise",397
"jynxzifall",397
"chameleon",397
"building",396
"wig",396
"ace",396
"asked",395
"freak",395
"shii",395
"forever",394
"leak",394
"epstein",394
"acting",393
"cucked",393
"smh",393
"ooooo",393
"tuff",392
"rammus",392
"switch",392
"videos",392
"vip",392
"client",392
"sizzlingmelon",392
"longer",391
"corner",391
"jynxzi's",391
"evil",390
"nunu",390
"51",390
"2v5",389
"havent",388
"cold",388
"toxic",388
"variety",388
"sir",387
"hahahah",386
"omfg",386
"earlier",386
"powerfulpeter555",386
"cheer1",386
"woman",385
"meant",385
"ong",385
"300",385
"frfr",384
"strat",384
"lool",382
"dream",382
"zara9729",382
"ga",381
"bosnia",381
"deluxe",381
"eye",380
"wwwwwwwww",379
"sniper",379
"hahahahah",378
"women",378
"looked",377
"annoying",376
"bully",376
"cheese",376
"imiwia",376
"tung",376
"belka",376
"anal",375
"32",375
"gaming",374
"butt",373
"yooooo",373
"57",373
"songs",373
"nocturne",373
"biggest",372
"beta",372
"haaland",372
"35",371
"movie",371
"shift",371
"supp",371
"boyfriend",370
"difference",370
"smash",370
"ritual",370
"ome10",370
"abt",369
"follow",369
"unless",369
"5head",368
"anyway",368
"euw",368
"results",368
"wards",368
"lord",367
"piece",367
"kled",367
"fils",367
"cmonbruh",366
"oiled",366
"jiddys",366
"ezreal",365
"lcs",365
"fps",365
"proud",364
"above",364
"og",364
"range",364
"bratchat",363
"nahh",362
"volibear",362
"xin",361
"impossible",361
"incident",361
"shotgun",361
"twitter",361
"jynxzibadaim",361
"huu",361
"dudes",360
"ninja",360
"turret",360
"mateo",360
"i'd",359
"lillia",359
"minions",359
"depends",358
"whatever",357
"flame",357
"js",357
"furry",357
"gooner",356
"shadow",355
"anyways",355
"reading",355
"toilet",355
"3rd",354
"surely",354
"39",354
"changed",353
"weeks",353
"1st",353
"tech",352
"cancel",352
"despair",352
"valid",352
"drake",352
"health",351
"box",351
"grok",350
"fking",349
"blame",349
"meet",349
"camp",349
"list",349
"site",349
"gta",349
"whattaahfuck",349
"vibepls",348
"missing",348
"co",348
"mine",348
"bought",348
"pantheon",348
"slop",348
"senna",348
"2k",347
"dbz",347
"48",347
"90",346
"abilities",346
"flip",346
"shave",346
"version",345
"force",345
"happe",345
"sent",345
"lmaoooooo",344
"reach",344
"zed",344
"jiddler",344
"mogging",344
"catjam",343
"gachibass",343
"passive",343
"jinxzy",343
"deleted",342
"canadian",342
"rigged",342
"samira",342
"doaenelulufeet",341
"yapping",340
"ungrateful",340
"lucky",339
"hole",339
"ashe",339
"mija",339
"ameno",338
"anime",338
"streamelements",338
"unironically",337
"looool",337
"air",337
"killing",337
"pants",337
"doublelift",337
"gf",336
"cuddling",336
"noted",336
"cannot",336
"fatty",336
"arnoldhalt",335
"movement",334
"state",334
"nuke",334
"sexo",334
"vibe",333
"kda",333
"cheats",333
"pressing",333
"voli",333
"jhin",333
"glad",332
"tempo",332
"walking",332
"tryna",332
"gex",332
"jynxzihappy",331
"bush",330
"gn",330
"lion",330
"snipers",330
"everytime",329
"ear",329
"uses",329
"heal",329
"teammate",329
"beer",329
"freedom",329
"xdddd",328
"hits",328
"speech",328
"mutted",328
"insta",327
"68",327
"commands",326
"milk",326
"wearing",326
"worry",326
"drewlevin",326
"rp",326
"copper",326
"finished",325
"goo",325
"pink",325
"blade",325
"judged",325
"marlon",325
"bless",324
"chatters",324
"country",324
"sweet",324
"cav",324
"pass",324
"ekko",324
"yurp",324
"mate",323
"44",323
"ended",323
"75",323
"yours",323
"john",323
"moved",322
"bum",321
"loves",321
"rough",321
"tourney",321
"azir",321
"chatter",320
"pack",320
"69",320
"husband",320
"singed",320
"doaenes",320
"salts",320
"ugly",319
"honest",319
"shake",319
"starts",319
"atleast",319
"lmfaoooo",318
"alois",318
"cream",317
"japan",317
"target",317
"selling",317
"brooo",316
"others",316
"monster",315
"jerk",315
"drunk",315
"hiding",315
"art",315
"twin",315
"hwei",315
"62",314
"collab",314
"scam",314
"allowed",314
"aviv",314
"waste",313
"si",313
"you'll",313
"darth",313
"chinese",312
"fax",312
"smoke",312
"reaction",312
"twerk",312
"headsinoverdrive",312
"lolol",311
"screaming",311
"boom",311
"may",311
"z",311
"basement",311
"mommy",310
"turned",310
"drinking",310
"trade",310
"jynxzirahhh",310
"mrdestructoid",309
"fighting",309
"timed",309
"bout",309
"gamer",309
"keeps",309
"ruined",309
"core",309
"21w",309
"interesting",308
"sniped",308
"ti",308
"aswell",307
"ran",307
"rule",307
"window",307
"chudwig",307
"method",306
"speaking",306
"tristana",306
"mage",306
"dent",306
"jynxzigoodaim",306
"ivern",305
"foot",305
"course",304
"alert",304
"calm",304
"restart",304
"quiet",304
"wwwwwwwwww",304
"mukbang",304
"fkn",303
"tiktok",303
"4k",303
"rock",303
"spawn",303
"floor",303
"cho",303
"absolute",302
"gooooo",302
"case",302
"lollll",302
"tip",302
"pet",302
"squid2",301
"doaeneta",301
"finals",301
"glorp",301
"22w",301
"monkas",300
"sign",300
"mogs",300
"beemanau",300
"scoop",300
"mecha",300
"internet",299
"pain",299
"sugar",299
"carrying",299
"hardest",299
"shots",299
"wasted",299
"ome44",299
"senegal",299
"spooning",299
"dobleedpurple",298
"boosted",298
"udyr",298
"bork",298
"absolutely",297
"comeback",297
"naut",297
"taste",296
"malphite",296
"wear",296
"ate",295
"lanes",295
"wat",295
"magic",295
"popnemo",295
"galio",295
"congrats",294
"imo",294
"elfitch11",294
"cumboy",294
"important",293
"stopped",293
"shitty",293
"teams",293
"future",293
"smelling",293
"isn",292
"g2",292
"omgbruh",292
"sweeper",292
"step",291
"redkamel",291
"front",290
"pee",290
"who's",290
"baddie",290
"hahahahahaha",289
"nexus",289
"5k",289
"tp",289
"jynxzibald",289
"zaxii",289
"hella",288
"ogre",287
"playstyle",287
"honor",286
"anti",286
"pig",286
"maj",286
"doaene2",286
"abuse",285
"yummy",285
"analogy",285
"threw",285
"heuwzen",285
"dropped",284
"hurt",284
"harry",284
"skills",284
"dantard",284
"beating",283
"theilluminati",283
"pride",283
"laughing",282
"laner",282
"review",282
"group",282
"pacing",282
"smorc",282
"kraken",281
"choice",280
"6k",280
"headset",280
"dante's",279
"minion",279
"beautiful",279
"worlds",279
"ac",279
"beast",278
"doanal",278
"ffs",278
"dive",278
"ws",278
"decent",278
"caseohdailydoodlestwerk",278
"jynxzichampion",278
"pork",278
"951lp",278
"ain't",277
"quite",277
"tournament",277
"bits",277
"3k",277
"omegaxd111",277
"zaxi",277
"goodnight",276
"wet",276
"frenchcore",276
"3207lp",276
"lives",275
"nasty",275
"steam",275
"urself",274
"class",274
"leaving",274
"uhh",274
"ornn",274
"tarzaned",273
"l9turbojam",273
"yikes",273
"sitting",273
"hunger",273
"mb",273
"stableronaldo",273
"feelssunnyman",273
"girls",272
"american",272
"grab",272
"mentally",272
"wdym",272
"washed",272
"post",272
"gng",272
"whens",272
"dies",271
"lethality",271
"rush",270
"vid",270
"questions",270
"blitz",270
"34",270
"jynxzicry",270
"worked",269
"parents",269
"1111111",269
"bag",269
"near",269
"zac",269
"aren't",269
"non",269
"stanczyk",269
"bacon",269
"dating",268
"hows",268
"10k",268
"lfg",268
"predictions",268
"pool",268
"31",268
"short",268
"sword",267
"update",267
"alpha",267
"date",267
"solid",267
"cheeks",266
"position",266
"color",266
"delusional",266
"tos",266
"barely",266
"xp",266
"sing",265
"third",265
"exist",265
"heright",265
"cloned",265
"salt",265
"yay",264
"winstreak",264
"hates",264
"island",264
"replay",264
"stacks",264
"oof",264
"heyguys",264
"ik",264
"waltervibe",264
"christ",263
"realize",263
"she's",263
"soft",263
"setup",263
"wasn't",262
"champions",262
"dirty",262
"noooooo",262
"poppy",262
"lazy",262
"diet",261
"bird",261
"doin",261
"callin",261
"snake",261
"whatley",261
"notnon1cheer",261
"agent",260
"ayaya",260
"patch",260
"ewwww",260
"fish",260
"couldnt",260
"ranks",259
"code",259
"levels",259
"busy",259
"tap",259
"jinxzi",259
"alr",258
"actinup",258
"doritoschip",258
"drugs",258
"prolly",258
"cams",258
"became",257
"hungry",257
"porn",257
"whysoserious",256
"completely",256
"yellow",256
"xerath",256
"lobbies",256
"edit",255
"tool",255
"giga",255
"hang",255
"karma",255
"event",255
"lmfaoo",255
"weight",255
"cracked",254
"book",254
"bs",254
"darius",254
"simulator",254
"sniffa",254
"feeding",254
"boi",254
"ddx",254
"glaze",254
"thx",253
"hahahahahah",253
"vibes",253
"pen",253
"elder",253
"trundle",253
"281l",253
"wasting",252
"ash",252
"siptime",252
"penalty",252
"waytoodank",251
"finger",251
"spain",251
"cuh",251
"freaky",251
"pushing",250
"active",250
"obviously",250
"warm",250
"english",250
"gromp",250
"bf",250
"cracking",250
"hubris",250
"picked",249
"search",249
"dw",249
"ie",249
"37",249
"darknick69",249
"shen",249
"ono",249
"steak",249
"online",248
"leauge",248
"iplaykatarinalol",248
"views",247
"broo",247
"lead",247
"wwwwwwwwwww",247
"wsg",247
"lines",247
"iii",247
"hasnt",246
"system",246
"obvious",246
"poop",246
"46",246
"95",246
"block",245
"spacebar",245
"pace",245
"scan",245
"cortisol",245
"goatemotey",245
"waking",245
"google",244
"vayne",243
"gulp",243
"held",243
"cumby",243
"floating",243
"built",242
"combo",242
"enemies",242
"ta7",242
"claim",242
"vigil",242
"legend",241
"wouldn't",241
"xddddd",240
"morde",240
"excuse",240
"yuh",240
"spicy",240
"roam",240
"tilted",239
"smth",239
"awww",239
"fit",239
"tough",239
"youll",239
"thresh",239
"ballright",239
"ricci",239
"zaxbys",239
"destroy",238
"touching",238
"dinner",238
"fries",238
"homeless",238
"german",237
"peter",237
"positive",237
"eggs",237
"lololol",237
"bel",237
"corki",237
"except",237
"moron",237
"greek",236
"hurts",236
"style",236
"arms",235
"hilarious",235
"six",235
"often",235
"neck",235
"firetruck",235
"crash",234
"junglers",234
"stats",234
"valorant",234
"36",234
"painting",234
"dogs",233
"saving",233
"millionaire",233
"ohh",233
"easily",233
"lights",233
"reaper23399",233
"learned",232
"spend",232
"coffee",232
"pigs",232
"fights",232
"hah",232
"interaction",232
"sis",232
"racist",231
"soraka",231
"forsen",231
"topmain",231
"cutie",231
"yoooooo",231
"taa1",231
"hahah",230
"70",230
"company",230
"humiliation",230
"lmaooooooo",230
"relax",230
"fans",230
"eh",230
"bottle",230
"jynzxi",230
"unoreversebuddy",230
"million",229
"release",229
"scene",229
"pop",229
"clears",229
"everyday",229
"draw",229
"47",229
"maps",229
"brutal",229
"adds",228
"cannon",228
"clutch",228
"hardstuck",228
"awesome",228
"none",228
"clicking",228
"china",228
"documentary",228
"living",227
"gragas",227
"info",227
"reported",227
"soo",227
"winner",227
"monitor",227
"59",227
"plant",227
"ambessa",227
"taa2",227
"bloodtrail",226
"excited",226
"stun",226
"pose",225
"nerf",225
"imma",225
"putting",225
"recently",225
"jaymo",225
"gas",225
"rainbow",225
"rat",225
"thorn",225
"preworkout",224
"america",224
"recall",224
"tilt",224
"bullshit",224
"lame",224
"camille",224
"randomly",224
"griddygoose",224
"1355lp",224
"kek",223
"lick",223
"92",223
"sigma",223
"awful",223
"150",223
"doaenemogged",223
"fov",223
"shouldnt",222
"hurry",222
"limit",222
"touched",222
"chuds",222
"tbf",222
"reference",221
"disabled",221
"chainsaw",221
"edge",221
"goals",221
"aww",221
"ayoo",221
"he'll",221
"macro",221
"choke",221
"genomepechy",221
"lacy",221
"wagabounce",221
"flashed",220
"comment",220
"shouldve",220
"grow",220
"mmludwig",220
"vas",220
"boner",219
"aa",219
"confirmed",219
"three",219
"infinite",219
"fastdansi",219
"2222",218
"adhd",218
"attention",218
"fizz",218
"chest",218
"builds",218
"ahhh",218
"calls",218
"demoted",218
"dentge",218
"potential",218
"rofl",218
"ahead",218
"jng",218
"yorick",218
"58",218
"costream",218
"nahhh",217
"gotten",217
"seem",217
"easiest",217
"plan",217
"scale",217
"slept",217
"clm",217
"mingo",217
"sona",216
"fiora",216
"wash",216
"loved",216
"male",216
"motivation",216
"nooooooo",215
"pepejam",215
"autos",215
"renekton",215
"6767",215
"aatrox",215
"sweden",215
"draft",214
"humtard",214
"horny",213
"beg",213
"negative",213
"punchtrees",213
"eats",213
"general",213
"mother",212
"phase",212
"rise",212
"fnaf",212
"progress",212
"2000",212
"hardcore",212
"silence",212
"table",211
"act",211
"common",211
"wtfff",211
"clearing",211
"runs",211
"helps",211
"mark",211
"everybody",211
"matchmaking",211
"qiyana",211
"kissing",211
"dm",210
"dollars",210
"blood",210
"bread",210
"background",210
"ryze",210
"soloq",210
"correct",210
"mages",210
"wedidthat",210
"yaoi",210
"nexzoucat",210
"chocolate",209
"fresh",209
"meal",209
"lastgame",209
"addicted",209
"mc",209
"yesssss",209
"chal",209
"ain",208
"bitches",208
"girlfriend",208
"hmm",208
"mobile",208
"lemme",208
"sht",208
"okayeg",208
"2463lp",208
"pr",207
"rizz",207
"tub",207
"bear",207
"impregnator",207
"mentioned",207
"heat",207
"springs",207
"coached",207
"peterbot",207
"burn",206
"asmr",206
"tune",206
"relationship",206
"shows",206
"hydra",206
"sharing",206
"y'all",206
"maul",206
"doaenein",206
"fav",206
"fuh",206
"leanluyoky",206
"mozzie",206
"350w",206
"lean",205
"deserves",205
"pings",205
"talked",205
"vlad",205
"strip",205
"ends",204
"refresh",204
"enter",204
"files",204
"scammed",204
"rules",204
"gyat",204
"susge",204
"caseoh",204
"monkaomega",204
"blobdance",203
"fucks",203
"stole",203
"finding",203
"share",203
"skarner",203
"ab",203
"naw",203
"obama",203
"rob",203
"ohne",203
"whoever",202
"shush",202
"cluegi",202
"recorded",202
"dantesdance",202
"caedrel",202
"bastard",201
"64",201
"coping",201
"sooo",201
"elbows",201
"doaenesiblings",201
"radiolivelive",201
"futa",200
"literal",200
"yzz",200
"garbage",200
"eachother",200
"cpuzatyo4zi",200
"doaenegame",200
"fried",200
"jeh",200
"veigar",199
"expect",199
"secret",199
"paraguay",199
"size",199
"frame",199
"bite",199
"doaenewalk",199
"flex",199
"masteryi",199
"ship",199
"gutless",199
"jjaidesobb",199
"doanel",198
"etc",198
"dodged",198
"fucker",198
"picture",198
"setting",198
"bulge",198
"muddywrx",198
"bored",197
"boat",197
"egg",197
"ggg",197
"load",197
"somebody",197
"subprise",197
"helping",197
"accept",197
"meme",197
"reveal",197
"sum",197
"juh",197
"thosewhoknow",197
"blow",196
"choose",196
"naked",196
"nerd",196
"uk",196
"leash",196
"taatrox",196
"subtember",196
"nd",196
"audigears",196
"card",195
"endless",195
"inventory",195
"kite",195
"stalling",195
"walked",195
"kesha",195
"especially",195
"simple",195
"wrap",195
"4th",195
"added",195
"pillow",195
"you'd",195
"mods3",195
"pollos",195
"teeth",194
"liar",194
"split",194
"wipe",194
"wwwwwwwwwwww",194
"fingers",194
"warriors",194
"amount",193
"delete",193
"ata",193
"unlocked",193
"scammer",193
"jjaidespeedlaugh",193
"331w",193
"fully",192
"kayle",192
"tru",192
"cd",192
"drive",192
"hearing",192
"born",191
"gapped",191
"hug",191
"dip",191
"hero",191
"jiddywick",191
"ayooo",190
"you've",190
"awnawwww",190
"shy",190
"shiii",190
"titanic",190
"audigear",190
"texture",190
"2343lp",190
"continue",189
"flaming",189
"purpose",189
"coolcat",189
"text",189
"compared",189
"history",189
"baited",189
"demo",189
"melee",189
"oooooo",189
"stompn",189
"unranked",189
"318l",189
"lmfaooooo",188
"smile",188
"app",188
"pinky",188
"punch",188
"blink",188
"taric",188
"wc",188
"spanking",188
"breathing",187
"trueing",187
"moist",187
"ragebaiting",187
"standing",186
"write",186
"chats",186
"handsome",186
"plink",186
"swap",186
"09",186
"ha",186
"outlast",186
"pineapple",186
"shop",186
"tardge",186
"rizul2000",186
"shout",186
"recoil",186
"7w",186
"showing",185
"aw",185
"sweat",185
"trip",185
"doubt",185
"filled",185
"tear",185
"met",185
"blud",185
"tonka",185
"ninjakick",185
"challenged",184
"dam",184
"cenat",184
"chess",184
"dantesss",184
"taco",184
"deimos",184
"20w",184
"ow",183
"escape",183
"bru",183
"scaling",183
"ulted",183
"rune",183
"danta",183
"morgana",183
"performance",183
"botlane",183
"d2",183
"roadstomp",183
"bans",182
"false",182
"cleaver",182
"busted",182
"instantly",182
"oilers",182
"montage",182
"homie",181
"inc",181
"loooool",181
"wouldve",181
"nightmare",181
"22222",181
"engage",181
"jerking",181
"paper",181
"sleepy",181
"chopped",181
"panth",181
"smilingficeenjoyer",181
"360",180
"powerupr",180
"ssssss",180
"catch",180
"dang",180
"father",180
"lebronjam",180
"ohhh",180
"young",180
"partner",180
"talks",180
"clipfarm",180
"highest",180
"kekmode",180
"sybau",180
"bug",179
"following",179
"friendly",179
"uhhh",179
"400",179
"cheated",179
"summer",179
"6l",179
"favourite",178
"forward",178
"ultra",178
"clown",178
"download",178
"kassadin",177
"remake",177
"grandma",177
"fs",177
"clock",177
"cus",176
"ghosting",176
"careful",176
"mans",176
"drooling",176
"00",175
"quality",175
"guide",175
"ignore",175
"lookin",175
"erm",175
"shits",175
"earth",175
"su",175
"tom",175
"buttons",175
"8w",175
"drones",175
"bunch",174
"frozen",174
"180",174
"battle",174
"daily",174
"teacher",174
"tits",174
"user",174
"buck",174
"pure",174
"adhdnhigh",174
"maxxing",174
"purrfact",174
"caveira",174
"wholesome",173
"broooo",173
"gl",173
"multiple",173
"therapy",173
"uwu",173
"raw",173
"ruin",173
"nerfed",173
"known",173
"spots",173
"prev",173
"oda",173
"jynxzicopper",173
"jynxziwtf",173
"ignored",172
"pizzasguardian",172
"phoboxd",172
"1340lp",172
"326w",172
"327w",172
"hail",171
"fiddle",171
"remixes",171
"buying",171
"letting",171
"mostly",171
"applecatrun",171
"counts",171
"ouuu",171
"fifa",171
"epic",170
"matches",170
"protein",170
"climbing",170
"land",170
"roll",170
"begging",170
"shojin",170
"anakinonhiswaytomaketheconfederacyofindependentsystemscollapsebecausepadmehashimpussywhipped",170
"autofilled",170
"fill",170
"tl",170
"chances",170
"syndra",170
"accounts",170
"buns",170
"servers",170
"slap",170
"oliver",170
"powerupl",169
"booty",169
"fcking",169
"gc",169
"messages",169
"sett",169
"turrets",169
"cases",169
"theory",169
"wwwwwwwwwwwww",169
"gyatt",169
"rlly",169
"ffzw",169
"zhao",168
"pray",168
"clearly",168
"laners",168
"somehow",168
"fck",168
"grinding",168
"weed",168
"wwombo",168
"goldplz",168
"public",168
"plus",168
"seraphine",168
"doaeneeat",168
"pinging",168
"2413lp",168
"soul47lol",168
"ying",168
"juice",167
"felt",167
"sky",167
"ex",167
"guest",167
"seige",167
"deadlock",167
"ay",167
"loltyler1",167
"swain",167
"corn",167
"89",166
"dansgame",166
"mentality",166
"defense",166
"everywhere",166
"haven't",166
"prove",166
"asshole",166
"jokes",166
"punishment",166
"where's",166
"wtff",166
"nyankitty7",166
"14l",166
"de",165
"gaslight",165
"loose",165
"notice",165
"yh",165
"healthy",165
"ballah",165
"counters",165
"teaching",165
"wu",165
"108w",165
"caffeine",164
"vohiyo",164
"addiction",164
"answered",164
"passed",164
"222222",164
"baiting",164
"duh",164
"monkey",164
"overwatch",164
"turning",164
"appreciate",164
"le",164
"wallahi",164
"spell",164
"til",164
"tweet",164
"100l",164
"bopbop",164
"joking",163
"dear",163
"kaisa",163
"sea",163
"sun",163
"youve",163
"heavy",163
"mike",163
"spit",163
"europe",163
"moderate",163
"pic",163
"reacting",163
"tatom",163
"trap",163
"oner",163
"return",162
"lift",162
"subbed",162
"subway",162
"ground",162
"ima",162
"npc",162
"losersq",162
"mood",162
"sadly",162
"tanks",162
"papers",162
"nidalee",162
"crine",162
"tracklvq41",162
"12l",162
"situation",161
"11111111",161
"falling",161
"hiii",161
"inter",161
"sez",161
"dreams",161
"animal",161
"muscle",161
"queen",161
"spread",161
"65",161
"uninstall",161
"cooldown",161
"aussie",161
"glaz",161
"lethal",160
"trolled",160
"news",160
"ns",160
"bank",160
"enjoying",160
"modern",160
"tight",160
"agreed",160
"era",160
"jack",160
"numbers",160
"among",160
"roaming",160
"cait",160
"sunday",160
"widespeednod",160
"widespeedlaugh",160
"concerned",160
"flashing",160
"gwaga",160
"fixed",159
"sending",159
"delayed",159
"griefing",159
"krugs",159
"lucian",159
"raptors",159
"rope",159
"vu",159
"popular",159
"stroke",159
"2v2",159
"la",159
"mindset",159
"nowadays",159
"pookie",159
"gross",159
"miserable",159
"24h",159
"zhonyas",159
"iqmqsd",159
"matters",158
"dancing",158
"evelynn",158
"fkin",158
"hunter",158
"mini",158
"option",158
"risk",158
"ewwwww",158
"fent",158
"ohmydog",158
"throat",158
"tuned",158
"288l",158
"deez",157
"chills",157
"dat",157
"figure",157
"torture",157
"assassin",157
"balanced",157
"jk",157
"instant",157
"shorts",157
"whatt",157
"nails",157
"outta",157
"unlock",157
"pin",157
"mayhem",157
"complaining",156
"ff15",156
"goin",156
"lmaoooooooo",156
"sniff",156
"breaking",156
"store",156
"firsttime",156
"gwen",156
"scripted",156
"sponge",156
"nate",156
"4wd6242y2qn44ticcpx12w",156
"watchtimerank",156
"emotes",155
"bday",155
"lit",155
"survival",155
"survive",155
"sandwich",155
"cats",155
"shoes",155
"bell",155
"bernard",155
"ms",155
"oo",155
"q1q13",155
"tuuh",155
"markwalkerr",155
"bath",154
"goooooo",154
"katarina",154
"kennen",154
"7tv",154
"ratir",154
"squad",154
"india",154
"dinksterxd",154
"peyz",154
"taken",153
"wondering",153
"dantess",153
"100k",153
"actor",153
"cutoff",153
"drewdadawgg",153
"biblethump",152
"effort",152
"mayo",152
"pretending",152
"tweaking",152
"joever",152
"femboys",152
"truck",152
"university",152
"bedge",152
"fears",152
"voted",152
"atakhan",152
"brothers",152
"cousin",152
"widetime2",152
"f5",151
"updated",151
"dare",151
"donowall",151
"hairline",151
"ks",151
"welp",151
"helped",151
"ambatakaaahaaaaa",151
"yell",151
"taspin",151
"vamo",151
"zaheen",151
"hob",151
"gj",150
"peace",150
"driving",150
"sentence",150
"wt",150
"deaf",150
"hopefully",150
"exercise",150
"genuine",150
"jealous",150
"paying",150
"sesh",150
"mac",150
"midnight",150
"windows",150
"zoe",150
"66",150
"pressure",150
"sugru123",150
"umbral",150
"chick",150
"tabbing",150
"0lp",150
"dance1",150
"batchest",149
"bruiser",149
"smurfs",149
"copy",149
"sports",149
"increase",149
"legendary",149
"tickle",149
"wtffff",149
"complete",149
"rly",149
"tabis",149
"hle",149
"16l",149
"original",148
"besides",148
"baus",148
"seriously",148
"lilia",148
"brotha",148
"nick",148
"wings",148
"feelsvi",148
"grief",148
"aegis",148
"77",148
"1347lp",148
"hahahahahahaha",147
"mains",147
"angry",147
"immediately",147
"revive",147
"chasing",147
"maxing",147
"sore",147
"moves",147
"randuins",147
"fishofman1",147
"hasan",147
"fil",147
"given",146
"clue",146
"moms",146
"outplayed",146
"star",146
"dash",146
"korean",146
"pregnant",146
"characters",146
"collector",146
"dodging",146
"momma",146
"lifeless",146
"scope",146
"warden",146
"jynxzismoke",146
"lowe",146
"feelsgoodman",145
"losses",145
"xdddddd",145
"city",145
"deja",145
"spirit",145
"toplane",145
"race",145
"smells",145
"weirdo",145
"rant",145
"highkey",145
"picking",145
"wars",145
"lwk",145
"karthus",145
"gorn",145
"10l",145
"1188lp",145
"1354lp",145
"334w",145
"autist",144
"wassup",144
"whenever",144
"yelling",144
"brainrot",144
"daniel",144
"holyyy",144
"knowing",144
"trueee",144
"below",144
"dontevenjokelad",144
"outfit",144
"105",144
"raffle",144
"forced",143
"slide",143
"sucking",143
"werent",143
"closed",143
"donate",143
"lolllll",143
"proof",143
"script",143
"dantessss",143
"squid4",143
"taaing",143
"math",143
"poppydance",143
"roles",143
"smaller",143
"wolf",143
"turbo",142
"ou",142
"bright",142
"exact",142
"jumpscare",142
"nodders",142
"opened",142
"pagman",142
"sees",142
"ure",142
"broski",142
"checked",142
"tongue",142
"sleeps",142
"glorpies",142
"heimer",142
"invited",142
"18lp",142
"jjaidemuh",142
"dogjam",141
"clothes",141
"poggers",141
"soda",141
"whys",141
"peepodj",141
"royale",141
"yk",141
"poroagony",141
"disability",141
"1osung",141
"vex",141
"doaenesleep",141
"9w",141
"grubby",141
"beginning",140
"effect",140
"grey",140
"impact",140
"kayne",140
"south",140
"terrorist",140
"track",140
"advantage",140
"dantesplushie",140
"improve",140
"intellectual",140
"lastpros",140
"nicholas",140
"spy",140
"drool",140
"tk",140
"unban",139
"aight",139
"kitten",139
"action",139
"nahhhh",139
"stinky",139
"fuckyou",139
"reverse",139
"danse",139
"forsencd",139
"rakan",139
"5000",139
"generational",139
"likely",139
"nuh",139
"sue",139
"yessssss",139
"mmmm",139
"shoulda",139
"fym",139
"quebec",139
"sneaky",139
"wsp",139
"portugal",139
"zzzlucyenjoyer",139
"11w",139
"angelthump",138
"hahahahha",138
"path",138
"couldn't",138
"invaded",138
"pissed",138
"towards",138
"000",138
"beats",138
"emiru",138
"mista",138
"tarpon",138
"teamfight",138
"6pek",138
"ref",138
"dipshit",138
"gooooooo",137
"andy",137
"plastic",137
"wwwwwwwwwwwwww",137
"parasocial",137
"tas",137
"20k",137
"greed",137
"lalala",137
"minkey66",137
"100w",137
"chipotle",137
"changes",136
"conq",136
"usual",136
"chase",136
"surprised",136
"value",136
"ed",136
"seven",136
"mall",136
"lies",136
"silent",136
"similar",136
"hii",136
"vids",136
"retardded",136
"fiddlesticks",136
"josephthcc",136
"spoit",136
"oracle",136
"lmaoooooooooo",135
"status",135
"tax",135
"older",135
"aiming",135
"ome32",135
"chadge",135
"ctrl",135
"twink",135
"watches",135
"pot",135
"marks",135
"whistle",135
"aruni",135
"bro's",134
"mfs",134
"aren",134
"desk",134
"maw",134
"10000",134
"create",134
"gen",134
"kd",134
"flashes",134
"heruyaa",134
"due",134
"rivals",134
"unmute",134
"jinxi",134
"neymar",134
"shero00000",134
"5's",134
"famous",133
"kept",133
"mega",133
"ratio",133
"yordles",133
"payout",133
"properly",133
"issues",133
"jail",133
"totally",133
"fathom",133
"7cinema",133
"sebsis1",133
"40s",133
"kicked",133
"83",133
"podcast",133
"jhrznsbzyet6cjmn",133
"strongtsundereocelotcharlietheunicorn",133
"ahahaha",132
"avoid",132
"subscribe",132
"papa",132
"promise",132
"viable",132
"hacks",132
"sens",132
"hr",132
"motherfucker",132
"laundry",132
"liked",132
"padawan",132
"sohn",132
"ome478",132
"ahahahaha",131
"accurate",131
"humans",131
"entertaining",131
"lots",131
"xddddddd",131
"neeko",131
"burgers",131
"minor",131
"1hg2",131
"retiredplank",131
"cast",131
"jackson",131
"invading",131
"1320lp",131
"couldve",130
"pantsgrab",130
"otherwise",130
"career",130
"elon",130
"grubs",130
"mapeuu",130
"sexual",130
"towers",130
"sgtinyalex",130
"alistar",130
"sport",130
"pulse",130
"smg",130
"jsut",129
"note",129
"ziggs",129
"cost",129
"incest",129
"folk",129
"haste",129
"hateebdon",129
"mods2",129
"shmiglik",129
"wire",129
"detention",129
"quin69",129
"cave",128
"healing",128
"five",128
"finna",128
"greatest",128
"onto",128
"pos",128
"rep",128
"sponsor",128
"swiftrage",128
"tat",128
"trist",128
"matchup",128
"07",128
"boutta",128
"park",128
"default",128
"gon",128
"kidding",128
"mcdonalds",128
"reacts",128
"700",128
"badooey",128
"execute",128
"tacinema",128
"flat",128
"coms",128
"1232lp",128
"business",127
"named",127
"pepega",127
"curse",127
"predator",127
"avg",127
"ride",127
"notes",127
"silly",127
"hmmm",127
"opposite",127
"rent",127
"basic",127
"bucks",127
"powers",127
"disable",127
"kong",127
"nautilus",127
"repeat",127
"packs",127
"dondraper420",127
"widetime5",127
"jynxzibuena",127
"tobias",127
"800",126
"gp",126
"handle",126
"yessir",126
"cheers",126
"club",126
"jus",126
"mee",126
"turbovibe",126
"thumb",126
"veth",126
"confused",126
"600",126
"guns",126
"laughed",126
"net",126
"um",126
"777",126
"brush",126
"excuses",126
"whatareyoudoing",126
"zest",126
"morocco",126
"jynxziclown",126
"dc",125
"removed",125
"scare",125
"angel",125
"successfully",125
"arena",125
"decide",125
"dildo",125
"flying",125
"buffs",125
"rid",125
"michael",125
"bluecw",125
"lag",125
"vro",125
"wide",125
"chogath",125
"reached",125
"reps",125
"spanked",125
"ayy",125
"hydraulic",125
"blaming",125
"gambleall",125
"ohneexplode",125
"jynxzisnot",125
"cartiaura",125
"jaylen",125
"blast",124
"secs",124
"area",124
"eve",124
"pp",124
"wise",124
"breath",124
"prefer",124
"should've",124
"stall",124
"bend",124
"goyslop",124
"phonk",124
"unfortunately",124
"breakfast",124
"prio",124
"brainslug",124
"ahahahah",123
"plug",123
"alarm",123
"truly",123
"example",123
"minors",123
"mix",123
"08",123
"material",123
"recommend",123
"region",123
"tears",123
"yooooooo",123
"refund",123
"reply",123
"tells",123
"aurafarming",123
"oat",123
"socks",123
"sotos1v9",123
"tawow",123
"ultramad",123
"ults",123
"hostage",123
"mess",123
"montreal",123
"oiler",123
"netherlands",123
"angles",123
"279l",123
"addict",122
"forsenpls",122
"mistake",122
"pepesadjam",122
"along",122
"captain",122
"friday",122
"kog",122
"plane",122
"yummi",122
"certain",122
"professional",122
"thru",122
"bowl",122
"exists",122
"metal",122
"plsss",122
"series",122
"sides",122
"stairs",122
"chizkak24",122
"corny",122
"natural",122
"sweaty",122
"jiddy's",122
"lud",122
"spoke",122
"typed",122
"saturday",122
"martin",122
"freedantes",122
"banning",121
"shitting",121
"butter",121
"ol",121
"river",121
"traded",121
"xdddddddddd",121
"farts",121
"yas",121
"lips",121
"teddy",121
"roof",121
"crashout",121
"nickich",121
"tn",121
"wallah",121
"lololo",121
"minimap",121
"tea",121
"spams",121
"curry",121
"operator",121
"toe",121
"roninunbound",121
"295w",121
"np",120
"tanky",120
"lately",120
"111111111",120
"ceiling",120
"cocaine",120
"couch",120
"episode",120
"haircut",120
"manager",120
"spear",120
"sussy",120
"reward",120
"oppenheimer",120
"bonnie",120
"challanger",120
"giant",120
"grass",120
"lego",120
"makeup",120
"rework",120
"veryepicly",120
"pegging",120
"slur",120
"wwwwwwwwwwwwwww",120
"curselit",120
"1296lp",120
"beard",119
"ma",119
"brokeback",119
"chilling",119
"monkahmm",119
"child",119
"comments",119
"computer",119
"pots",119
"waves",119
"wintrading",119
"pdffile",119
"curious",119
"grade",119
"loserq",119
"psycho",119
"alien",119
"squid1",119
"zilean",119
"blanket",119
"gnar",119
"malph",119
"siblings",119
"zeri",119
"moodas",119
"rumble",119
"tsm",119
"2512lp",119
"agahappi",119
"minniefulwiggle",119
"19w",119
"happend",118
"calories",118
"doom",118
"model",118
"neither",118
"omggg",118
"stronger",118
"thick",118
"confirm",118
"accountability",118
"lied",118
"msg",118
"niceee",118
"reminds",118
"types",118
"crush",118
"micro",118
"normally",118
"pepper",118
"pics",118
"spike",118
"squid3",118
"unemployed",118
"accidentally",118
"context",118
"supports",118
"whatttt",118
"bbc",118
"lemon",118
"doaenewar",118
"suicidebob1",118
"zyzz",117
"afraid",117
"dollar",117
"moan",117
"asap",117
"lady",117
"ldr",117
"thevoices",117
"secondary",117
"rell",117
"decided",117
"heaven",117
"project",117
"sneak",117
"gath",117
"janna",117
"sandals",117
"fest",117
"matteo",117
"13l",117
"brah",116
"awareness",116
"becoming",116
"looooool",116
"malzahar",116
"spin",116
"1s",116
"ahhhh",116
"exposed",116
"jumping",116
"loooooool",116
"somewhere",116
"staying",116
"marry",116
"gimme",116
"restarted",116
"bust",116
"icl",116
"lolololololo",116
"perfact",116
"tel",116
"71",116
"trynd",116
"iamequalizer",116
"ganking",115
"trigger",115
"jayce",115
"mercywing1",115
"15k",115
"arguing",115
"dummy",115
"indian",115
"names",115
"soy",115
"stealing",115
"anybody",115
"it'll",115
"admit",115
"obese",115
"vacation",115
"cuta",115
"purfact",115
"tadeal",115
"yogurt",115
"elite",115
"pinned",115
"1119lp",115
"lakers",115
"credit",114
"atm",114
"spanish",114
"tenacity",114
"belly",114
"gaslighting",114
"knife",114
"owo",114
"urgot",114
"dropping",114
"carries",114
"iv",114
"jaw",114
"loading",114
"moon",114
"th",114
"bcs",114
"dum",114
"ing",114
"rain",114
"temu",114
"contest",114
"leona",114
"ops",114
"papi",114
"boomies",114
"f4",114
"fullscreen",114
"loo",114
"echo",114
"ayoooo",113
"xddddddddd",113
"juicer",113
"ahahah",113
"alcohol",113
"beginner",113
"upgrade",113
"2x",113
"01",113
"ganks",113
"danti",113
"midlane",113
"jung",113
"jynxy",113
"raided",113
"wheel",113
"miho",113
"ohnepls",113
"prerecorded",113
"cowsep",113
"mashing",113
"ayy2",113
"malz",112
"4head",112
"female",112
"gear",112
"meee",112
"playin",112
"sacrifice",112
"sane",112
"mistakes",112
"drawing",112
"enable",112
"fbi",112
"glazing",112
"hating",112
"picasso",112
"pretend",112
"beers",112
"mortal",112
"toddler",112
"amazon",112
"caitthinking",112
"ooooooo",112
"taahen",112
"tainy",112
"shabiyy",112
"mmirzabicer",112
"oiling",112
"doesitknow",112
"mecca",112
"hz",112
"azami",112
"1341lp",112
"ganked",111
"page",111
"pausechamp",111
"pulling",111
"nooooooooo",111
"singing",111
"mountain",111
"stops",111
"buffed",111
"apparently",111
"bus",111
"dlc",111
"funniest",111
"keeping",111
"literallyme",111
"painful",111
"staring",111
"yamato",111
"website",111
"mutumblow",111
"swords",111
"taa1984",111
"useful",111
"61",111
"asian",111
"bart",111
"charlie",111
"lighting",111
"pjsugar",111
"wolves",111
"offside",111
"ghostyabsol",111
"297w",111
"ip",110
"intro",110
"mercywing2",110
"peaking",110
"stage",110
"goofy",110
"knock",110
"showed",110
"skull",110
"slowly",110
"themselves",110
"x9",110
"berserk",110
"boosting",110
"professor",110
"height",110
"armpits",110
"cheap",110
"considered",110
"traps",110
"diabolical",110
"hire",110
"trump",110
"bars",110
"bazalright",110
"jinky",110
"braum",110
"agahi",110
"hongbin",110
"hahahha",109
"mention",109
"username",109
"fail",109
"modcheck",109
"2022",109
"lmaooooooooo",109
"turns",109
"wind",109
"brooooo",109
"notlistening",109
"timers",109
"7k",109
"blocked",109
"jungling",109
"marriage",109
"quest",109
"1066lp",109
"blades",109
"honey",109
"120",109
"pfft",109
"oryx",109
"lolololol",108
"youd",108
"ggwp",108
"jew",108
"lmfaoooooo",108
"ton",108
"wtfffff",108
"hidden",108
"sperm",108
"artist",108
"charisma",108
"letter",108
"castle",108
"smiting",108
"david",108
"heads",108
"miners",108
"storm3r",108
"tainier",108
"tampon",108
"challengers",108
"picks",108
"1228lp",108
"870lp",108
"kms",107
"30s",107
"clicked",107
"dif",107
"forehead",107
"teamates",107
"waht",107
"objectives",107
"glass",107
"ohhhh",107
"owns",107
"ulting",107
"zoom",107
"apex",107
"automod",107
"banana",107
"nuggets",107
"pocket",107
"rice",107
"tassemble",107
"jarvan",107
"raiders",107
"gosu",107
"notstephcrry",107
"60hz",107
"dono",106
"reformed",106
"fist",106
"kkona",106
"seed",106
"typical",106
"uppp",106
"aphelios",106
"3000",106
"accent",106
"conversation",106
"tall",106
"twerking",106
"backshots",106
"cursed",106
"enjoyable",106
"pissing",106
"regular",106
"stepped",106
"teemos",106
"warded",106
"250",106
"edging",106
"firetime",106
"resets",106
"rub",106
"stars",106
"tainiest",106
"viiemaw",106
"would've",106
"ming",106
"sight",106
"goblinjam",106
"325w",106
"1369lp",106
"ded",105
"wha",105
"heals",105
"joining",105
"komodohype",105
"shouldn't",105
"teh",105
"holyyyy",105
"logic",105
"yoooooooo",105
"breathe",105
"plot",105
"terms",105
"yr",105
"pokemon",105
"aznboihuh",105
"billionaire",105
"caldoverde11",105
"dictator",105
"mickey",105
"motion",105
"remind",105
"cucking",105
"tts",105
"bt",105
"cape",105
"esports",105
"dominos",105
"pepegaaim",105
"noooooooo",104
"toast",104
"drama",104
"nipples",104
"slip",104
"raise",104
"allow",104
"gigagay",104
"information",104
"noobs",104
"balance",104
"bullying",104
"clive",104
"defend",104
"j4",104
"redzoomtv",104
"taaarrive",104
"buhddies",104
"official",104
"shadows",104
"ape",103
"chin",103
"hahahahahahah",103
"hypercatjam",103
"process",103
"uncomfortable",103
"cancelled",103
"cod",103
"file",103
"hat",103
"ignoring",103
"sake",103
"soooo",103
"stone",103
"destroyed",103
"objective",103
"inches",103
"tard",103
"1984",103
"breach",103
"jacked",103
"rear",103
"stink",103
"50k",103
"ranged",103
"slightly",103
"taiting",103
"cosmetic",103
"mord",103
"staberryguava",103
"clanker",103
"pentakill",103
"redeem",103
"wasd",103
"filho",103
"shine",103
"droning",103
"moody",103
"jynxzisad",103
"105l",103
"92lp",103
"309w",103
"killer",102
"attacks",102
"chose",102
"hahahahahha",102
"tomato",102
"indeed",102
"specific",102
"scales",102
"wut",102
"assume",102
"awkward",102
"chan",102
"difficult",102
"doors",102
"inch",102
"raft",102
"shat",102
"square",102
"tiny",102
"cyberpunk",102
"keys",102
"rq",102
"term",102
"demote",102
"derank",102
"dracuta",102
"lardass",102
"mail",102
"sera",102
"kissed",102
"wokege",102
"asss",102
"jynxzy",102
"viktor",102
"doaenemask",101
"justice",101
"bugged",101
"charge",101
"forest",101
"lads",101
"promised",101
"walks",101
"despairge",101
"hehe",101
"haven",101
"lens",101
"opening",101
"pressed",101
"subject",101
"caitlyn",101
"hater",101
"nights",101
"obsession",101
"taasin",101
"louis",101
"ohnepixel",101
"slots",101
"721lp",101
"camc033",101
"maybesadge",101
"tr0x1nhuh",101
"winwatch",101
"tmr",100
"canyon",100
"hyped",100
"myavatar",100
"relatable",100
"spray",100
"weapon",100
"babe",100
"10x",100
"itself",100
"apple",100
"breaks",100
"contact",100
"dongerj",100
"asmongold",100
"chew",100
"minimum",100
"2s",100
"jynxis",100
"paidchatter",100
"tiot",100
"voltaic",100
"f11",100
"hider",100
"sonn",100
"culvers",100
"290l",100
"awwww",99
"xdddddddd",99
"wym",99
"goood",99
"north",99
"punish",99
"stomach",99
"testing",99
"thousand",99
"timeout",99
"ultimate",99
"drututt",99
"ar",99
"egypt",99
"lifesteal",99
"misses",99
"wits",99
"8k",99
"belt",99
"predict",99
"ot",99
"robbed",99
"books",99
"bounce",99
"lay",99
"milkshake",99
"retire",99
"tanerd",99
"taught",99
"yunara",99
"bo3",99
"ironic",99
"locking",99
"masta",99
"silvers",99
"unkillable",99
"1085lp",99
"fate",99
"illaoi",99
"1112lp",99
"1132lp",99
"sakura",99
"1370lp",99
"highlights",98
"pulled",98
"ignite",98
"canceled",98
"circle",98
"focused",98
"he'd",98
"leaves",98
"prince",98
"wit",98
"ding",98
"jeez",98
"myexistenceisnothingbutagrainofsandcomparedtotheentirescaleoftheuniverse",98
"nervous",98
"johnson",98
"yamata",98
"bottles",98
"closet",98
"headphones",98
"yippie",98
"10w",98
"controls",98
"denied",98
"language",98
"marvel",98
"strike",98
"tabubu",98
"tungstentodger",98
"guardian",98
"confidence",98
"tryndamere",98
"sadvegeta",98
"zhonya",98
"kisss",98
"7777",98
"286l",98
"global",97
"town",97
"diaper",97
"failure",97
"board",97
"complain",97
"itt",97
"jeffrey",97
"looooooool",97
"pathing",97
"uncle",97
"30k",97
"aye",97
"messed",97
"oops",97
"personally",97
"freakbob",97
"gunna",97
"peg",97
"doaenedrive",97
"reminder",97
"tagurt",97
"tatter",97
"bracket",97
"fluxidious",97
"poke",97
"hivebrine",97
"1136lp",97
"kbm",97
"c4ndyinho",97
"zoil",97
"272l",97
"hill",96
"offline",96
"shutdown",96
"bone",96
"meeee",96
"terminal",96
"rotate",96
"coolstorybob",96
"duckdisco",96
"ipad",96
"luffy",96
"nearly",96
"ouch",96
"overrated",96
"phreak",96
"profile",96
"failed",96
"tha",96
"whip",96
"autofill",96
"jobs",96
"pump",96
"tahard",96
"wasn",96
"jork",96
"mayberocking",96
"rickettykricks",96
"262l",96
"bathtub",95
"noooooooooo",95
"problems",95
"chain",95
"checking",95
"explode",95
"odds",95
"omgggg",95
"noticed",95
"rude",95
"06",95
"dis",95
"druta",95
"fuk",95
"haters",95
"imokay",95
"puzzle",95
"hasn't",95
"lookup",95
"personal",95
"speedrun",95
"ways",95
"9k",95
"bullied",95
"italian",95
"slot",95
"street",95
"tababy",95
"tagas",95
"taruto",95
"beef",95
"fuckass",95
"niceeee",95
"sponsored",95
"allegations",95
"beep",95
"liquid",95
"shaq",95
"298",95
"bane",95
"wunkusdunkus",95
"110l",95
"cheer10000",95
"lesion",95
"bleed",94
"correctly",94
"unreal",94
"depressed",94
"divorce",94
"syndrome",94
"teatime",94
"02",94
"apart",94
"convo",94
"cop",94
"mirror",94
"realized",94
"widevibe",94
"hacking",94
"percent",94
"princess",94
"wakes",94
"yesssssss",94
"tinged",94
"wendys",94
"ages",94
"summoningjutsu",94
"tabs",94
"fortone",94
"goalll",94
"goooooooo",93
"changing",93
"doaene5head",93
"passion",93
"abuser",93
"cocka",93
"hook",93
"schedule",93
"stat",93
"struggling",93
"yum",93
"attacking",93
"mastery",93
"whose",93
"05",93
"1500",93
"argument",93
"billion",93
"journey",93
"smiling",93
"stands",93
"bangers",93
"donut",93
"eventually",93
"hee",93
"kitty",93
"log",93
"upp",93
"college",93
"cuou98",93
"hacked",93
"italy",93
"malenia",93
"impressive",93
"nami",93
"shame",93
"tiamat",93
"scoreboard",93
"ebitduhh",93
"clix",93
"junkopls",93
"roberto",93
"doaenetwerk",93
"hahahhaha",92
"drug",92
"extremely",92
"praying",92
"warning",92
"ahahahahaha",92
"batman",92
"panic",92
"smack",92
"laning",92
"duckass",92
"homies",92
"scuttle",92
"surfers",92
"tmrw",92
"bruv",92
"exp",92
"fort",92
"shove",92
"sucked",92
"apply",92
"crashing",92
"crime",92
"jr",92
"nostalgia",92
"platinum",92
"spanks",92
"trading",92
"einstein",92
"uber",92
"lucaricle",92
"pete",92
"hive",92
"doran",92
"lukj",92
"ghosted",91
"5th",91
"aot",91
"kiting",91
"west",91
"eclipse",91
"illegal",91
"manamune",91
"brought",91
"tied",91
"coast",91
"consider",91
"fraud",91
"ily",91
"uptime",91
"skibidi",91
"bull",91
"hobo",91
"instinct",91
"ocean",91
"paule0108",91
"mil",91
"nightcrawlerinsane",91
"orange",91
"peaked",91
"improving",91
"moba",91
"shoulder",91
"wpm",91
"choo",91
"emid",91
"agabounce",91
"kapkan",91
"284l",91
"bass",90
"hahaa",90
"anywhere",90
"guessing",90
"hahahahhaha",90
"itsfine",90
"lack",90
"loop",90
"how's",90
"potato",90
"large",90
"crap",90
"disagree",90
"juicy",90
"mm",90
"creep",90
"edgar",90
"resident",90
"tism",90
"tries",90
"wwwwwwwwwwwwwwww",90
"cookie",90
"ewwwwww",90
"fortune",90
"guitartime",90
"ksante",90
"thai",90
"bannable",90
"erobb",90
"poo",90
"bind",90
"cane",90
"center",90
"iamclap",90
"74",90
"morg",90
"dreaming",90
"nap",90
"pulisic",90
"notnon1cool2",90
"332w",90
"hack",89
"insanely",89
"puts",89
"bouta",89
"riding",89
"suit",89
"noone",89
"bra",89
"enjoyed",89
"gggg",89
"mama",89
"obsessed",89
"sat",89
"stretch",89
"listens",89
"suffer",89
"tft",89
"deer",89
"whiplash",89
"flight",89
"fruit",89
"horn",89
"wing",89
"sliver",89
"297",89
"mold",89
"roach",89
"twith",89
"1356lp",89
"jynxzilol",89
"obv",88
"casual",88
"decision",88
"griefed",88
"heck",88
"spoilers",88
"inhib",88
"coin",88
"kr",88
"moderator",88
"quitting",88
"within",88
"clipfarming",88
"creator",88
"crouch",88
"freaks",88
"toy",88
"wee",88
"afternoon",88
"autofills",88
"danteslovewatcher",88
"elbow",88
"evilronins",88
"rave",88
"redacted",88
"include",88
"jizz",88
"pathetic",88
"sober",88
"xqcope",88
"sneakyturtle402",88
"fakers",88
"roulette",88
"weekend",88
"peel",88
"rotation",88
"coat",88
"dudley",88
"snitch",88
"pistol",88
"dinkdonk",88
"89w",88
"15l",88
"nail",87
"upppp",87
"reality",87
"2222222",87
"chop",87
"craft",87
"cumming",87
"meth",87
"stripper",87
"turtle",87
"begins",87
"goddamn",87
"shoutout",87
"3am",87
"animation",87
"disrespect",87
"rot",87
"costume",87
"highschool",87
"memory",87
"musk",87
"speaks",87
"travel",87
"truthnuke",87
"boot",87
"diamonds",87
"skipped",87
"tim",87
"webcam",87
"breedable",87
"cursor",87
"pobelter",87
"168",87
"taunt",87
"1204lp",87
"tawitch",87
"gartic",87
"shakira",87
"120lp",87
"aliendance",86
"australia",86
"listened",86
"becomes",86
"belive",86
"british",86
"idiots",86
"ittt",86
"reporting",86
"res",86
"showering",86
"loosing",86
"beyond",86
"cannons",86
"seek",86
"drinks",86
"dub",86
"jacking",86
"prison",86
"brings",86
"pianotime",86
"stroking",86
"burst",86
"kat",86
"tail",86
"holyy",86
"kirk",86
"ome5",86
"xqxi",86
"kalista",86
"seantbh",86
"sobayed",86
"aurora",86
"console",86
"1272lp",86
"guma",86
"jjaidesus",86
"shanghai",86
"syrup1243",86
"conqueror",85
"gifters",85
"obs",85
"les",85
"bench",85
"candy",85
"hentai",85
"iran",85
"worthless",85
"justanotherday",85
"zeus",85
"bonus",85
"steraks",85
"vanilla",85
"adding",85
"shared",85
"cage",85
"cameras",85
"chillas",85
"comedy",85
"events",85
"grip",85
"itll",85
"murder",85
"watchparty",85
"3s",85
"djobra",85
"request",85
"russian",85
"goth",85
"learns",85
"smited",85
"velkoz",85
"1083lp",85
"caseohdailydoodledance",85
"holly",85
"flashbang",85
"bron",85
"headbang",85
"jiggle",85
"farted",85
"gyno",85
"lich",85
"cone",84
"highlight",84
"winable",84
"personality",84
"promo",84
"looooooooool",84
"scum",84
"tape",84
"meaning",84
"casting",84
"04",84
"bringing",84
"longest",84
"un",84
"commit",84
"evelyn",84
"regret",84
"72",84
"competitive",84
"dantez",84
"flank",84
"karmankrane",84
"leagues",84
"strategy",84
"uhhhh",84
"wick",84
"mogg",84
"prelol",84
"rail",84
"rematch",84
"pd",84
"strength",84
"jynzi",84
"alcoholic",84
"stewart",84
"loldle",84
"herehego",84
"1328lp",84
"dmr",84
"jager",84
"brennensgotclass",84
"bow",83
"lyrics",83
"turkey",83
"axe",83
"empty",83
"flare",83
"istg",83
"loooooooooool",83
"mexican",83
"mordekaiser",83
"patient",83
"poland",83
"zone",83
"defeat",83
"fam",83
"loving",83
"mo",83
"created",83
"glitch",83
"rolled",83
"duty",83
"falls",83
"four",83
"source",83
"watchin",83
"betting",83
"jo",83
"midlaner",83
"mmmmm",83
"ruins",83
"smolder",83
"ttours",83
"barber",83
"bill",83
"leeked",83
"stacking",83
"theolopoliz",83
"258",83
"transgenderpride",83
"jynxzicorny",83
"299w",83
"polish",82
"avengers",82
"boil",82
"doe",82
"el",82
"gate",82
"manage",82
"pal",82
"reddit",82
"released",82
"trailer",82
"adcs",82
"omnivamp",82
"toggle",82
"tripping",82
"explaining",82
"flag",82
"millions",82
"treat",82
"itttt",82
"moments",82
"sack",82
"03",82
"cow",82
"jollyjoe135",82
"jorking",82
"lad",82
"larpers",82
"qs",82
"girth",82
"plate",82
"shyv",82
"wass",82
"mj",82
"77777",82
"placement",82
"1264lp",82
"s3",82
"fuze",82
"jynxzilaugh",82
"282l",82
"loooooooool",81
"major",81
"victory",81
"1v3",81
"ahahahahah",81
"doaenerizzler",81
"elise",81
"fetish",81
"moly",81
"peek",81
"posture",81
"stomp",81
"thin",81
"zombie",81
"lissandra",81
"refuse",81
"growing",81
"stable",81
"whattttt",81
"cardio",81
"dress",81
"expensive",81
"gooned",81
"ten",81
"warcraft",81
"womp",81
"wouldn",81
"b4",81
"hinoishitk",81
"holes",81
"kit",81
"models",81
"rekzler",81
"xeno27t",81
"jizzy",81
"kass",81
"mjpls",81
"shieldbow",81
"qq",81
"reaching",81
"5v5",81
"bums",81
"sets",81
"vaping",81
"llm",81
"teal",81
"fuckkk",80
"across",80
"beach",80
"lived",80
"noises",80
"333",80
"happ",80
"inflated",80
"khazix",80
"meonmywaytohavesexualintercoursewithyourmother",80
"l0l",80
"paul",80
"ragey",80
"service",80
"armpit",80
"dl",80
"dot",80
"freee",80
"hog",80
"knees",80
"assist",80
"evo",80
"flavor",80
"jynxie",80
"maid",80
"ruining",80
"spectate",80
"stolen",80
"strats",80
"wessel30500",80
"pegged",80
"seal",80
"lamp",80
"pollution",80
"peer",80
"starve",80
"femboyghostboy",80
"jynxziez",80
"xqcgoon",80
"346w",80
"frog",79
"steps",79
"canon",79
"cheer",79
"nooooooooooo",79
"slower",79
"smoking",79
"towel",79
"behavior",79
"goblin",79
"joy",79
"powder",79
"ups",79
"dangerous",79
"dontes",79
"dopamine",79
"lowest",79
"fridge",79
"lll",79
"rights",79
"visage",79
"bbq",79
"cash",79
"omestare",79
"oooooooo",79
"production",79
"punk",79
"slaps",79
"basketball",79
"clouded999",79
"cxassh",79
"2024kanye",79
"grenade",79
"lemicky",79
"crate",79
"cinna8head",79
"ecuador",79
"maybelick",79
"visegoon",79
"stevens",78
"bozo",78
"brains",78
"cya",78
"dragging",78
"kanye",78
"scrubnoob",78
"whoa",78
"cells",78
"er",78
"priority",78
"ripped",78
"beaten",78
"fo",78
"gooners",78
"ho",78
"nafiri",78
"pole",78
"argue",78
"bora",78
"hated",78
"tone",78
"wintrade",78
"cucks",78
"teleport",78
"smites",78
"traceisback",78
"jarvis",78
"225",78
"glorpprayge",78
"monkeylistening",78
"ritzmitz",78
"finka",78
"xbox",77
"goodbye",77
"jumped",77
"lmfaooooooo",77
"vodka",77
"vods",77
"viewtime",77
"br",77
"nicee",77
"cart",77
"cleanse",77
"emotional",77
"law",77
"spitting",77
"worried",77
"bb",77
"could've",77
"olds",77
"pipe",77
"ravedogepls",77
"skinny",77
"slurs",77
"1065lp",77
"americans",77
"backdoor",77
"fl1ckercs",77
"mechanical",77
"olcy",77
"positioning",77
"varus",77
"bark",77
"dantesssss",77
"flexing",77
"quinn",77
"tiddy",77
"wedding",77
"doordash",77
"303",77
"latamoree",77
"rondale",77
"smileyy776",77
"supression",77
"previous",76
"demons",76
"gachigasm",76
"lonely",76
"prof",76
"east",76
"llol",76
"nerdge",76
"rd",76
"apm",76
"catching",76
"compliment",76
"debate",76
"presses",76
"revenge",76
"tfblade",76
"clicks",76
"fossabot",76
"lethimsleep",76
"mercy",76
"miami",76
"ooh",76
"zaddy",76
"bees",76
"melt",76
"rushing",76
"sinerias",76
"tilting",76
"vr",76
"woulda",76
"yumi",76
"fuckkkk",76
"jackal",76
"root",76
"scheisse",76
"feetcam",76
"whaaaat",76
"bromance",76
"dolanbolan",76
"coomed",76
"sumpls",76
"full200unable",76
"fff",75
"kata",75
"transfer",75
"dms",75
"eune",75
"ls",75
"sry",75
"1111111111",75
"dan",75
"fighter",75
"fked",75
"flamed",75
"followed",75
"graphics",75
"ohio",75
"thanos",75
"image",75
"quote",75
"shock",75
"surrender",75
"respond",75
"305",75
"cars",75
"sa",75
"axiom",75
"ballsorsex",75
"owned",75
"saywallahi",75
"shields",75
"technically",75
"danty",75
"mechanically",75
"ouuuu",75
"theglizziator",75
"workouts",75
"junk",75
"b2",75
"email",75
"vine",75
"hall",75
"junkos",75
"menu",75
"parental",75
"1300lp",75
"inv",75
"obey",75
"pffttt",75
"lewandoski",75
"1195lp",75
"akshan",74
"gray",74
"mask",74
"protect",74
"anger",74
"strongest",74
"fool",74
"idc",74
"mansion",74
"muscles",74
"speechless",74
"therapist",74
"wanting",74
"we'll",74
"weirdge",74
"edition",74
"activate",74
"catyep",74
"fired",74
"lesbian",74
"planning",74
"soap",74
"bounty",74
"chatgpt",74
"inta",74
"merc",74
"sourpls",74
"thumbnail",74
"tracker",74
"bong",74
"coaches",74
"dantesinferno222",74
"detail",74
"dihh",74
"doubters",74
"poutine",74
"ram",74
"fishing",74
"scoot",74
"chooo",74
"fatso",74
"shooting",74
"b1",74
"hivirus",74
"dope",73
"boo",73
"consent",73
"leblanc",73
"probs",73
"spider",73
"tent",73
"victim",73
"destiny",73
"brick",73
"perform",73
"yooooooooo",73
"goons",73
"kinky",73
"maxlol",73
"mi",73
"archers",73
"ffzcursed",73
"frankerz",73
"grand",73
"retweet",73
"smooth",73
"umm",73
"defo",73
"dopa",73
"khlori",73
"lmaooooooooooo",73
"pixelbob",73
"waited",73
"sheets",73
"turnup",73
"ammo",73
"scaredycat",73
"slammed",73
"twisted",73
"laser",73
"bogg0",73
"dean",73
"1315lp",73
"normals",72
"wallpaper",72
"james",72
"mercs",72
"turtles",72
"location",72
"swing",72
"anxiety",72
"confident",72
"gettin",72
"invisible",72
"response",72
"science",72
"study",72
"cheek",72
"chewing",72
"ggggg",72
"jerome",72
"tale",72
"temp",72
"bew425",72
"fries129",72
"netanyahu",72
"noc",72
"paralysis",72
"partykirby",72
"robot",72
"sunny",72
"boooo",72
"donk",72
"pixel",72
"raging",72
"teen",72
"1082lp",72
"azzap",72
"oop",72
"dumbs",72
"bhvhvhvvuj",72
"ksi",72
"tour",72
"2018",72
"tick",72
"192",72
"triggerbot",72
"24hrs",72
"94l",72
"operators",72
"bee",71
"xddddddddddd",71
"xqcl",71
"ahaha",71
"blessing",71
"badly",71
"creepy",71
"doomed",71
"duck",71
"lighter",71
"permission",71
"sink",71
"sooooo",71
"spiderman",71
"trueeee",71
"weren't",71
"fits",71
"recent",71
"trolleg",71
"belong",71
"offer",71
"cure",71
"dork",71
"eyebrows",71
"ggez",71
"pens",71
"proper",71
"respawn",71
"suicide",71
"wrote",71
"bikini",71
"category",71
"sweating",71
"amerbouss",71
"basedgod",71
"forcing",71
"balding",71
"dada",71
"erect",71
"exco112",71
"lard",71
"190",71
"dirt",71
"inspired",71
"yah",71
"zyra",71
"deranked",71
"thereisnogod0",71
"cameraman",71
"fuse",71
"valor",71
"1152lp",71
"pizzatime",71
"octane",71
"jeff",70
"2023",70
"covered",70
"cross",70
"dungeon",70
"expected",70
"hoe",70
"kench",70
"meds",70
"yeh",70
"compare",70
"local",70
"danger",70
"freaking",70
"queuing",70
"topic",70
"meeting",70
"reads",70
"simon",70
"truee",70
"viva",70
"73",70
"cs2",70
"cyndxqill",70
"data",70
"kha",70
"emo",70
"pounds",70
"sukunasbootyjuicer",70
"uncoachable",70
"val",70
"gacha",70
"jimmy",70
"zraulsus",70
"b3",70
"shiny",70
"lotion",70
"cherry",70
"143",70
"cricket",70
"mofuyt",70
"tyantes",70
"jynxzicharizard",70
"iana",70
"1278lp",70
"1028lp",70
"activated",69
"smurfed",69
"snow",69
"anytime",69
"approve",69
"backrooms",69
"fame",69
"hahahahahahahaha",69
"hunt",69
"install",69
"monkalaugh",69
"63",69
"78",69
"mots",69
"overlay",69
"sort",69
"afford",69
"pill",69
"quickly",69
"se",69
"tie",69
"trauma",69
"twist",69
"bare",69
"damnnn",69
"dine",69
"stayed",69
"wwwwwwwwwwwwwwwww",69
"cheergi",69
"goats",69
"humble",69
"theolegoat121",69
"chrome",69
"fearless",69
"hammer",69
"hytale",69
"ranking",69
"tajynxzi",69
"bent",69
"collar",69
"moods",69
"natty",69
"908lp",69
"1256lp",69
"ivory",69
"daves",69
"marcf0ur",69
"vaper",69
"cardrel",69
"hiviseee",69
"hiviseeee",69
"shams",69
"noctisthe1",69
"letsgoo",68
"dong",68
"bombs",68
"shall",68
"tahm",68
"fallen",68
"trinity",68
"aka",68
"backwards",68
"changer",68
"cia",68
"dayum",68
"gained",68
"gotcha",68
"haram",68
"massage",68
"perfectly",68
"modsbanthisguy",68
"multi",68
"2016",68
"fastest",68
"further",68
"hai",68
"member",68
"sand",68
"snakeshredder229",68
"tylers",68
"albert",68
"distance",68
"strings",68
"1104lp",68
"bih",68
"european",68
"glizzy",68
"lightsoff",68
"tame",68
"vamos",68
"taxes",68
"travis",68
"laundering",68
"widesexo",68
"1349lp",68
"11am",68
"pinkwardlol",68
"tubby",68
"mira",68
"zax",68
"1345lp",68
"15w",68
"palworld",68
"bomba",67
"xdddddddddddd",67
"burning",67
"devs",67
"earn",67
"enjoyer",67
"options",67
"sticks",67
"1134lp",67
"believers",67
"dose",67
"moaning",67
"birth",67
"pedophile",67
"quadra",67
"stacked",67
"disc",67
"mass",67
"placed",67
"streamed",67
"ayooooo",67
"bean",67
"owner",67
"pup",67
"regarded",67
"sim",67
"someones",67
"sprint",67
"adult",67
"chris",67
"linked",67
"skilled",67
"trained",67
"younger",67
"4am",67
"crickets",67
"crust",67
"glory",67
"semi",67
"unique",67
"aqua132142",67
"720lp",67
"nade",67
"sins",67
"waffle",67
"monthly",67
"301",67
"1164lp",67
"goodmorning",67
"ibodha",67
"98w",67
"firsttimeglorp",67
"goallll",67
"diffed",66
"dominate",66
"sadeg",66
"storm",66
"upset",66
"xddddddddddddd",66
"glitchcat",66
"ptsd",66
"mates",66
"leveling",66
"difficulty",66
"pedo",66
"robac",66
"spotted",66
"stood",66
"uhm",66
"27th",66
"911",66
"chained",66
"darker",66
"detected",66
"doo",66
"fence",66
"fw",66
"peep",66
"powerspike",66
"ray",66
"throws",66
"atk",66
"cosplaying",66
"egobaby9",66
"gifts",66
"headache",66
"mshveno08",66
"regardless",66
"timmysclassroom",66
"xayah",66
"amen",66
"blinking",66
"government",66
"hanging",66
"standard",66
"joi",66
"vanguard",66
"japanese",66
"ui",66
"dipped",66
"jorkintogether",66
"rtt",66
"lair",66
"jynxzisuprised",66
"tachanka",66
"1318lp",66
"324w",66
"fu",65
"queueing",65
"unbanned",65
"gooooooooo",65
"gotchu",65
"dates",65
"needa",65
"toplaner",65
"oppa",65
"villain",65
"shrek",65
"3x",65
"tiger",65
"unplayable",65
"aten",65
"chosen",65
"di",65
"donald",65
"donkey",65
"goofywaffle2",65
"ints",65
"loosers",65
"president",65
"scroll",65
"shazam",65
"surprise",65
"4s",65
"basics",65
"constantly",65
"feral",65
"jacks",65
"ladder",65
"ooooooooo",65
"elos",65
"gods",65
"knee",65
"palm",65
"hotdog",65
"niche",65
"borderless",65
"yagoo",65
"299",65
"141",65
"spectator",65
"var",65
"pansexualpride",65
"255",65
"agaaware",65
"brava",65
"acog",65
"dalenrko",65
"1353lp",65
"1014lp",65
"bleeding",64
"noooooooooooo",64
"yessssssss",64
"brazilian",64
"edited",64
"whaat",64
"broooooo",64
"cba",64
"christmas",64
"flashlight",64
"fountain",64
"hotel",64
"lap",64
"texas",64
"thieves",64
"understandable",64
"blessed",64
"catdisco",64
"semen",64
"con",64
"market",64
"whit",64
"comfortable",64
"creative",64
"psychopath",64
"relate",64
"adventure",64
"ahhhhh",64
"attempt",64
"begin",64
"caps",64
"countries",64
"covers",64
"crashed",64
"hola",64
"miner",64
"peanut",64
"sh",64
"thingy",64
"wwwwwwwwwwwwwwwwww",64
"40k",64
"676767",64
"brian",64
"browser",64
"capping",64
"overall",64
"planet",64
"scripts",64
"tastes",64
"unhinged",64
"colors",64
"details",64
"dumber",64
"infinity",64
"it'd",64
"kicks",64
"nein",64
"rdm778",64
"shitter",64
"yassuo",64
"africa",64
"bel'veth",64
"california",64
"eepy",64
"fatlovin",64
"gunghoco",64
"guts",64
"kink",64
"mwah",64
"tossed",64
"yhwachlive",64
"cavs",64
"cheez4skins",64
"verity",64
"reel",64
"metallic",64
"1158lp",64
"asl",64
"goalie",64
"cent",64
"itsmun3modernsubhype",64
"tore",64
"296w",64
"dosent",63
"boobs",63
"burnt",63
"deny",63
"es",63
"lmfaooooooooo",63
"mainly",63
"patience",63
"souls",63
"submissive",63
"pdfs",63
"talkin",63
"unlike",63
"available",63
"mixed",63
"printing",63
"110",63
"bullet",63
"luv",63
"pisslow",63
"places",63
"visit",63
"weather",63
"plss",63
"contraband",63
"hood",63
"kappapenis",63
"lu",63
"rdr2",63
"shooter",63
"understanding",63
"agurin",63
"artists",63
"botted",63
"clatterpillar",63
"facecam",63
"favor",63
"jokerclap",63
"media",63
"mushroom",63
"related",63
"speedsalmon178",63
"touchy",63
"wifi",63
"1v1s",63
"auraaa",63
"crowd",63
"pointless",63
"spells",63
"pessi",63
"1207lp",63
"pan",63
"1323lp",63
"8l",63
"m0xyy",63
"1458lp",63
"bussin",62
"doaeneratio",62
"physique",62
"poggies",62
"asylum",62
"duel",62
"hashinshin",62
"molly",62
"porosad",62
"shaker",62
"worm",62
"zombies",62
"16k",62
"genre",62
"9259",62
"milio",62
"interactions",62
"leage",62
"lesson",62
"leaderboard",62
"aspect",62
"bloodwash",62
"motivational",62
"pleaseeee",62
"puss",62
"rooms",62
"tony",62
"worker",62
"anivia",62
"cheerstothat",62
"hyper",62
"lolo",62
"needheal",62
"realise",62
"subathon",62
"diving",62
"pear",62
"shaving",62
"sloth",62
"they'll",62
"kogmaw",62
"ther",62
"oooooooooo",62
"brodie",62
"leaning",62
"vader",62
"toronto",62
"1244lp",62
"1196lp",62
"despawn",62
"343",62
"penalties",62
"blg",62
"sledge",62
"resist",61
"slayer",61
"wiggle",61
"celebrate",61
"coulda",61
"glasses",61
"handed",61
"monsters",61
"pushed",61
"stinks",61
"76",61
"figured",61
"hecraim",61
"arrived",61
"emotions",61
"popped",61
"pour",61
"serial",61
"uno",61
"void",61
"bleach",61
"chips",61
"guard",61
"headboard",61
"inbound",61
"mechanic",61
"offf",61
"sausage",61
"te",61
"tension",61
"1v4",61
"2014",61
"bastionbreaker",61
"burns",61
"bwahahaha",61
"dblitzgg",61
"embarrassing",61
"ogloom",61
"replace",61
"sm",61
"buttonmash",61
"dig",61
"heimerdinger",61
"ion",61
"ragebaited",61
"whisper",61
"rtd",61
"4v5",61
"starving",61
"alphamail77",61
"crosshair",61
"ttt",61
"1160lp",61
"cvck",61
"1373lp",61
"lemonade",61
"213",61
"triceps",61
"246",61
"minniefulnod",61
"fanboy",60
"kekwiggle",60
"feelsbadman",60
"87",60
"9x",60
"brb",60
"brutally",60
"ep",60
"illness",60
"hiiii",60
"monke",60
"taht",60
"camping",60
"snap",60
"350",60
"arch",60
"cubdantesspin",60
"eater",60
"extension",60
"greatness",60
"laid",60
"li",60
"pleaseee",60
"prolapse",60
"pve",60
"rolling",60
"stays",60
"invades",60
"caseohkittyyy",60
"covering",60
"display",60
"fox",60
"ikwhm",60
"period",60
"pickle",60
"actors",60
"canadians",60
"considering",60
"gene",60
"krug",60
"perhaps",60
"queued",60
"serpents",60
"soysmirk",60
"140",60
"daughter",60
"lv",60
"whaaat",60
"terminus",60
"trio",60
"winetime",60
"itsmrchickens",60
"1200",60
"fanmail",60
"skateparkge",60
"kiddy",60
"14k",60
"1412lp",60
"97l",60
"stabeblue",60
"unbind",60
"24hr",60
"blackbeard",60
"corvusbird",60
"264l",60
"1098lp",60
"goooooooooo",59
"os",59
"tag",59
"exhaust",59
"botrk",59
"design",59
"fuel",59
"sayin",59
"statement",59
"wtffffff",59
"oml",59
"anchor",59
"meh",59
"possibly",59
"research",59
"shameless",59
"society",59
"tiktoks",59
"yoooooooooo",59
"poison",59
"aaaa",59
"fn",59
"kitchen",59
"omgg",59
"rng",59
"screams",59
"trainer",59
"van",59
"belvething",59
"crypto",59
"dashcam",59
"tbpeanutpeanutfulldance",59
"ufc",59
"cappp",59
"comps",59
"doakessus",59
"lbs",59
"marius3215",59
"spaz",59
"xqchead",59
"xqcoached",59
"innnn",59
"shoulders",59
"hub",59
"jerkmate",59
"jidddy",59
"neat",59
"gyattt",59
"lacari",59
"task",59
"ticket",59
"81",59
"chubby",59
"nilah",59
"tarkov",59
"lerolero",59
"hooray",59
"jynxzisubhype",59
"mundane",59
"wakeup",59
"lmg",59
"298w",59
"285l",59
"logs",58
"lollllll",58
"sleepin",58
"chillingjam",58
"thousands",58
"4000",58
"arrow",58
"children",58
"clapped",58
"controlled",58
"depression",58
"dumbfuck",58
"evening",58
"hahahahahahha",58
"horrid",58
"hurting",58
"universe",58
"druttut",58
"s13",58
"rageblade",58
"audience",58
"concept",58
"depressing",58
"ft",58
"scuffed",58
"backseat",58
"cancelling",58
"cloud",58
"coward",58
"cr7",58
"criminal",58
"eee",58
"foreskin",58
"lava",58
"mcgregor",58
"package",58
"password",58
"shape",58
"zzz",58
"7s",58
"clorpiness",58
"farmed",58
"sade",58
"sifongas",58
"snowball",58
"86",58
"caster",58
"flushe",58
"lmfaoooooooooo",58
"nopers",58
"spending",58
"when's",58
"zuh",58
"dentist",58
"hairy",58
"reksai",58
"aliens",58
"reroll",58
"stain",58
"fundamentals",58
"ja",58
"joebartvibe",58
"kekcheese",58
"seat",58
"shirts",58
"battery",58
"potion",58
"tobscate",58
"piggy",58
"goonathon",58
"jynxzirage",58
"agaw",58
"everflt",58
"reinforce",58
"rook",58
"104l",58
"aroundturn",58
"devil",57
"gooooooooooo",57
"army",57
"dj",57
"130",57
"abusing",57
"dressed",57
"dud",57
"eaten",57
"joker",57
"oneshot",57
"popping",57
"rust",57
"1221",57
"nature",57
"wot",57
"rap",57
"cheaters",57
"culture",57
"dankeszteri",57
"disappointed",57
"filter",57
"interested",57
"struggle",57
"thr",57
"wah",57
"whyd",57
"writing",57
"bri",57
"chalked",57
"cube",57
"defence",57
"delulu",57
"driver",57
"fella",57
"himmm",57
"noice",57
"nono",57
"painter",57
"ross",57
"shiiii",57
"strange",57
"woof",57
"analogies",57
"antiheal",57
"c4",57
"coughing",57
"offstream",57
"spoitdance",57
"theme",57
"estrogen",57
"extend",57
"pits",57
"breaker",57
"degen",57
"earned",57
"temprests",57
"elixir",57
"golds",57
"mash",57
"quiter",57
"tons",57
"protoplasm",57
"1216lp",57
"greet",57
"1343lp",57
"29lp",57
"tricep",57
"108l",57
"317",57
"253l",57
"258l",57
"steven",56
"playable",56
"11111111111",56
"accident",56
"asses",56
"butthole",56
"chungus",56
"csgo",56
"hahahaa",56
"hahahhahaha",56
"helicopter",56
"loooooooooooool",56
"nowhere",56
"pieces",56
"randoms",56
"ru",56
"smarter",56
"suppose",56
"access",56
"guaranteed",56
"stomped",56
"cryge",56
"editor",56
"atomic",56
"ba",56
"cards",56
"childhood",56
"creators",56
"equal",56
"giggle",56
"knight",56
"lmaao",56
"bin",56
"bo",56
"bother",56
"diddler",56
"mile",56
"minus",56
"nutted",56
"ordered",56
"puh",56
"abused",56
"assasin",56
"believed",56
"coinflip",56
"daisenpai120",56
"income",56
"invis",56
"larps",56
"manipulation",56
"mild",56
"nightcore",56
"optimal",56
"propaganda",56
"sticky",56
"thecrankycarrot",56
"combined",56
"ifudhssi",56
"moe",56
"raising",56
"raptor",56
"streamsnipe",56
"tri",56
"paypal",56
"galilei66",56
"hover",56
"antkarz",56
"booster",56
"sleeper",56
"jjaidemad",56
"ticktock",56
"anonymous",56
"connect",56
"cristiano",56
"shieetfan25",56
"projection",56
"boneless",56
"kirbypunch",56
"tuck",56
"777777",56
"speedlaugh2",56
"spongepls",56
"medjedreal",56
"kicking",55
"woooo",55
"breed",55
"field",55
"romantic",55
"ahahahahahah",55
"booba",55
"cancels",55
"madge",55
"mister",55
"oooh",55
"tooo",55
"ugh",55
"ambatukam",55
"gottem",55
"modded",55
"2015",55
"blunt",55
"catkiss",55
"deeper",55
"digital",55
"hm",55
"ist",55
"leading",55
"rely",55
"stunned",55
"2013",55
"condom",55
"cuties",55
"expecting",55
"granny",55
"heroes",55
"lolllllll",55
"miles",55
"1068lp",55
"andrew543212",55
"funnier",55
"leaking",55
"ranch",55
"remedyrain",55
"swift",55
"wooo",55
"cinheimer",55
"defectbydesign",55
"logan",55
"manoahadc",55
"pred",55
"convince",55
"deranged",55
"harm",55
"auraaaa",55
"faking",55
"grandpa",55
"mrbeast",55
"tommorow",55
"delusion",55
"improved",55
"realistically",55
"users",55
"bwhahahahahaha",55
"prideuwu",55
"jessicattq",55
"276",55
"snoworries",55
"grudance",55
"sail",55
"saucypillow",55
"ffff",54
"thi",54
"downfall",54
"1v2",54
"blows",54
"faith",54
"forth",54
"fucken",54
"leaf",54
"lizard",54
"rubbing",54
"sigmaarrive",54
"virus",54
"zaned",54
"chugu",54
"dunno",54
"duskblade",54
"seasons",54
"burned",54
"fellow",54
"liek",54
"tricks",54
"plans",54
"beans",54
"furries",54
"garage",54
"gona",54
"nerds",54
"racism",54
"sour",54
"yesssssssss",54
"caralho",54
"couldn",54
"dyslexiamna",54
"edgefnr",54
"franchithepingu",54
"giveheal",54
"nemesis",54
"object",54
"orn",54
"private",54
"punished",54
"1076lp",54
"beasley",54
"bronzes",54
"bump",54
"cheer200",54
"coconut",54
"detdert",54
"dev",54
"hatewatch",54
"inyuress",54
"loser's",54
"patreonexempy",54
"renek",54
"roleplay",54
"trynda",54
"hasn",54
"ibn",54
"kg",54
"onhit",54
"subscription",54
"fartlord69420gg",54
"hunters",54
"woahhh",54
"defuser",54
"talent",54
"jean",54
"colombia",54
"lifting",54
"pele",54
"skinbuy",54
"tornado",54
"1176lp",54
"muse",54
"smfdbll",54
"tr0x1nstare",54
"2762lp",54
"310w",54
"311w",54
"megalul",53
"dia",53
"porno",53
"powerful",53
"wh",53
"yrs",53
"bones",53
"exit",53
"failfish",53
"forgetting",53
"gud",53
"hahahahahahahah",53
"jebaited",53
"lmfaoooooooo",53
"opinions",53
"acts",53
"basado",53
"lunch",53
"perms",53
"rizzler",53
"trick2g",53
"trynna",53
"understood",53
"viper",53
"wayyy",53
"hiiiii",53
"advance",53
"connor",53
"doaenedumb",53
"dump",53
"goatis",53
"jojo",53
"nuked",53
"opportunity",53
"shelf",53
"slime",53
"tops",53
"yeahhh",53
"brochacho",53
"checks",53
"clipped",53
"competition",53
"debt",53
"dipping",53
"hed",53
"highondietcoke",53
"ish",53
"ludacriswell",53
"mount",53
"nch",53
"queues",53
"ripepperonis",53
"viewbot",53
"acne",53
"bleedpurplehd",53
"laurinbass",53
"liss",53
"opera",53
"redbull",53
"rewatch",53
"slam",53
"temo",53
"tun",53
"beside",53
"laptop",53
"lck",53
"licka",53
"necessary",53
"rons",53
"yu",53
"carrot",53
"ee",53
"1114lp",53
"explains",53
"rome",53
"spermhead",53
"hips",53
"tryn",53
"1133lp",53
"capp",53
"mooda's",53
"231",53
"cookidough12",53
"wmnessie",53
"boosters",53
"cuddles",53
"goalllll",53
"tyrekecinema",53
"bigblackbananaunc",53
"327",53
"1029lp",53
"1024lp",53
"renata",52
"cloak",52
"armour",52
"asks",52
"braincells",52
"choked",52
"jackass",52
"maiden",52
"nips",52
"projecting",52
"smoked",52
"vent",52
"wo",52
"hoping",52
"links",52
"soonerlater",52
"chickens",52
"typa",52
"1111111111111",52
"1hp",52
"ant",52
"banging",52
"catspin",52
"comparison",52
"gosh",52
"knocked",52
"liking",52
"looooooooooool",52
"sandstorm",52
"shyvanna",52
"surfer",52
"tysm",52
"ykwim",52
"500k",52
"danted",52
"eternal",52
"microwave",52
"pasta",52
"tht",52
"carbs",52
"ingamed",52
"jawline",52
"lunarknight887",52
"memes",52
"mittempuff2",52
"movies",52
"pvp",52
"rose",52
"sigh",52
"sivir",52
"supersploof",52
"ukiifps",52
"underwear",52
"wine",52
"wisemaster",52
"celebrating",52
"crank",52
"fl",52
"neon",52
"pineappleman432",52
"practicing",52
"price",52
"shaking",52
"tajam",52
"tire",52
"apologize",52
"effects",52
"triforce",52
"moshin",52
"sabotage",52
"junco",52
"drill",52
"streamsniping",52
"announcements",52
"420python",52
"gayest",52
"13k",52
"1zamii",52
"crackable",52
"greeen",52
"sobb",52
"1206lp",52
"247",52
"chimpooda",52
"jynxzigg",52
"kisssss",52
"omeohh",52
"thermite",52
"nokk",52
"pikabooirl",52
"madreds",52
"306l",52
"cord",51
"gladge",51
"hahahahhahaha",51
"ign",51
"oi",51
"focusing",51
"mafia",51
"parts",51
"char",51
"egirl",51
"explained",51
"naruto",51
"rocks",51
"saves",51
"st",51
"thug",51
"thus",51
"xdddddddddddddd",51
"mornin",51
"shiv",51
"101",51
"buldge",51
"ikr",51
"lagging",51
"ofcourse",51
"restricted",51
"sometime",51
"witness",51
"entity",51
"ggggggg",51
"iam",51
"inflation",51
"lover",51
"nooooooooooooo",51
"oven",51
"plenty",51
"whether",51
"agartha",51
"al",51
"announcement",51
"benefit",51
"cutoffs",51
"cycle",51
"cyclosword",51
"deknar",51
"dol1z",51
"halo",51
"holyyyyy",51
"imasoulsnatcha",51
"peped",51
"rito",51
"ware",51
"1078lp",51
"babygirl",51
"clapping",51
"conquer",51
"disco061",51
"juan",51
"mods4",51
"nocturn",51
"oooooooooooo",51
"pilot",51
"snowinwinterrr",51
"stg",51
"benjamin",51
"douglas",51
"drain",51
"yonose",51
"dads",51
"thornmail",51
"94",51
"ohshit",51
"232",51
"244",51
"tbhonoreev",51
"blend",51
"dlm",51
"279",51
"1205lp",51
"mrmagek",51
"43lp",51
"45lp",51
"bandit",51
"omemoji",51
"tenacitycatjam",51
"denti",51
"316l",51
"ayyy",50
"platform",50
"sheesh",50
"stress",50
"upstairs",50
"actualy",50
"ahahhaha",50
"bunny",50
"inner",50
"physical",50
"schizophrenic",50
"steve",50
"success",50
"downloading",50
"dots",50
"exam",50
"grasp",50
"injury",50
"insult",50
"nahhhhh",50
"nor",50
"proven",50
"runescape",50
"sloppy",50
"spectrum",50
"stil",50
"unfair",50
"carpet",50
"das",50
"donated",50
"economy",50
"garden",50
"gggggg",50
"innn",50
"invented",50
"keepo",50
"rising",50
"snort",50
"solos",50
"vocals",50
"votes",50
"5yearoldpro",50
"9s",50
"benefits",50
"defending",50
"familiar",50
"frag",50
"fuckingfinally",50
"hotdogs",50
"iykyk",50
"popcorn",50
"tiki",50
"azzapp",50
"delyafox",50
"dilly",50
"kayoto19",50
"kk",50
"leviace",50
"predicted",50
"smt",50
"upper",50
"watcher",50
"york",50
"autoing",50
"sadgeflower",50
"switching",50
"unrealarii",50
"youuu",50
"dragonedge6",50
"entertain",50
"imfotupopcorn",50
"mud",50
"tummy",50
"mogger",50
"shotguns",50
"conspiracy",50
"grim",50
"scores",50
"watermelon",50
"uo",50
"147",50
"bonevoid",50
"ishazamforchat",50
"wraps",50
"sirkle1raid",50
"kali",50
"peeky",50
"stinkycheese",50
"boink",50
"98l",50
"spermheadson",50
"steakhouse",50
"bazalright123",50
"12w",50
"1311lp",50
"14w",50
"18w",50
"287l",50
"302l",50
"keshajam",50
"345w",50
"doaenewarrior",49
"facebook",49
"hahhahaha",49
"shaved",49
"unstoppable",49
"virgin",49
"hardtekk",49
"ahhahaha",49
"charity",49
"deals",49
"dumbasses",49
"finds",49
"fixing",49
"flowers",49
"leader",49
"plssss",49
"prank",49
"redo",49
"skillshots",49
"sot",49
"existence",49
"guinsoos",49
"proc",49
"teamate",49
"complicated",49
"darude",49
"lube",49
"outplay",49
"pony",49
"reels",49
"pair",49
"aggressive",49
"library",49
"mfer",49
"steel",49
"threat",49
"thunder",49
"tools",49
"trough",49
"usd",49
"wyd",49
"zion",49
"4'3",49
"677",49
"demonic",49
"dhogic",49
"dodges",49
"elderwood",49
"fever",49
"jyxnzi",49
"military",49
"risky",49
"scripting",49
"sooner",49
"stopping",49
"strikes",49
"surge",49
"sweep",49
"tomfoolery",49
"treads",49
"unfortunate",49
"autolykussussy",49
"footprint",49
"gifter",49
"kappacluegipenischungus",49
"nezbitttt",49
"pirate",49
"revealed",49
"sheen",49
"summoner",49
"astral",49
"puppy",49
"vlog",49
"1120lp",49
"spinczarduepay",49
"yaajerino",49
"243",49
"sirens",49
"smokes",49
"imaqtpie",49
"parasite",49
"z3nox14",49
"roar",49
"kissss",49
"remote",49
"modlove",49
"92l",49
"caseohpink",49
"dire",49
"jalen",49
"jynxzi0x",49
"kaid",49
"virtualhug",49
"1395lp",49
"blew",48
"blowing",48
"consistent",48
"we've",48
"allergic",48
"donation",48
"dps",48
"femboypls",48
"learnt",48
"lmaoooooooooooo",48
"london",48
"nine",48
"peepohappy",48
"reasonable",48
"searching",48
"spawned",48
"finishing",48
"cdr",48
"helpful",48
"input",48
"lovers",48
"present",48
"simply",48
"suffering",48
"upside",48
"weirdos",48
"bois",48
"corners",48
"crunch",48
"delivery",48
"fork",48
"legal",48
"shirtless",48
"tricking",48
"wage",48
"assists",48
"discovered",48
"equivalent",48
"gargamilk",48
"isabellenod",48
"noobilols12",48
"notification",48
"salad",48
"syrup",48
"160",48
"agents",48
"ceejayo7",48
"countdown",48
"cutest",48
"mustache",48
"rogue",48
"trainwreckstv",48
"ween",48
"1084lp",48
"bussy",48
"coworker",48
"czmpower",48
"domination",48
"feelssunblueman",48
"follows",48
"hotfootmagee",48
"overwhelmed",48
"s16",48
"shockdudexd",48
"127",48
"ceo",48
"gates",48
"gayer",48
"motivated",48
"dragonsleeper27",48
"generation",48
"slowed",48
"truuuu",48
"gaining",48
"weights",48
"bash",48
"dontai",48
"1156lp",48
"304",48
"attacker",48
"ohnono",48
"206",48
"sensor",48
"1325lp",48
"rubenx10qblove",48
"winniehuh",48
"kaneeee",48
"moxy",48
"phantasm",48
"1290lp",48
"1344lp",48
"1371lp",48
"mum",47
"warrior",47
"noooooooooooooo",47
"22222222",47
"2v1",47
"bg",47
"complex",47
"differently",47
"error",47
"invested",47
"letroll",47
"ro",47
"wuju",47
"28th",47
"bugs",47
"420",47
"dants",47
"2019",47
"chillingunderthesnow",47
"cops",47
"dancer",47
"decisions",47
"laughs",47
"limited",47
"dpi",47
"fuckk",47
"guilty",47
"hmmmm",47
"lear",47
"shhh",47
"sits",47
"spoken",47
"stab",47
"ummm",47
"upon",47
"assault",47
"believericon",47
"followers",47
"glorious",47
"gpt",47
"officially",47
"posted",47
"rim",47
"sheep",47
"unit",47
"bruhfaint",47
"chef",47
"hexplate",47
"locks",47
"national",47
"riots",47
"shiza",47
"shouting",47
"todays",47
"758lp",47
"donte",47
"pfp",47
"phantom",47
"piyuy1",47
"doaenematthewbet",47
"headshot",47
"creed",47
"jid",47
"laying",47
"lyon",47
"sweetie",47
"trinket",47
"zoomed",47
"peeping",47
"stumpswiatek",47
"thighs",47
"1124lp",47
"1260lp",47
"diaperisfulltastycuisine",47
"deptmygoat",47
"yugi",47
"krytarch",47
"busio",47
"chic",47
"herei",47
"malik",47
"outfits",47
"pint",47
"rikohgg",47
"zaxxi",47
"aliciaxiweee",47
"11l",47
"volibaire",47
"doaeneingame",46
"hahahhaa",46
"jake",46
"letsgoooo",46
"norms",46
"offense",46
"cocks",46
"dawn",46
"hahahahahhaha",46
"lantern",46
"lb",46
"loot",46
"studied",46
"sums",46
"titties",46
"uppppp",46
"weapons",46
"winterblessed",46
"facing",46
"tuna",46
"yous",46
"afterwards",46
"chug",46
"definition",46
"explanation",46
"fuckers",46
"hehehe",46
"incredible",46
"innocent",46
"kappahd",46
"odd",46
"slows",46
"successful",46
"distracted",46
"lmk",46
"nuclear",46
"slice",46
"voting",46
"yapper",46
"commercial",46
"including",46
"isabellehappy",46
"pinged",46
"suggest",46
"wuh",46
"bo5",46
"cornball",46
"everygame",46
"icing",46
"lip",46
"manga",46
"rerun",46
"rewards",46
"rounds",46
"sajhop",46
"zekes",46
"dust",46
"prodigy",46
"theboychowder",46
"tin",46
"untill",46
"167",46
"hockey",46
"papol1",46
"reasons",46
"rolls",46
"engagement",46
"squats",46
"10am",46
"jebasted",46
"newer",46
"vourtskyy",46
"hytheria",46
"socializing",46
"widegustavo",46
"yugioh",46
"coal",46
"pub",46
"154",46
"apg514",46
"lamps",46
"mallet",46
"jxsnslay",46
"15s",46
"cardiac",46
"flannel",46
"kappawealth",46
"leed",46
"pale",46
"pjsalt",46
"rtrt",46
"316w",46
"alrighty",45
"shooters",45
"ahahahha",45
"dedication",45
"kings",45
"tridance",45
"uccikddclybn7awt4ohcmwzq",45
"111111111111",45
"11111111111111",45
"222222222",45
"abusive",45
"bridge",45
"cell",45
"dnates",45
"drank",45
"emoji",45
"farting",45
"forgor",45
"hahhaha",45
"legacy",45
"looooooooooooool",45
"rekt",45
"requires",45
"rick",45
"showers",45
"specs",45
"spectating",45
"tarzan",45
"trouble",45
"willing",45
"feelsokayman",45
"unlimited",45
"fade",45
"archer",45
"catfish",45
"choking",45
"divorced",45
"feelings",45
"follower",45
"greasy",45
"infront",45
"suicidal",45
"tate",45
"thirtyzx",45
"evidence",45
"lightning",45
"lungs",45
"mane",45
"storage",45
"yessssssssss",45
"yummers",45
"2am",45
"arcade",45
"direction",45
"empire",45
"entry",45
"netflix",45
"peoples",45
"somewhat",45
"vigor",45
"xpeke",45
"yxngsellei",45
"cough",45
"geeked",45
"heartsteel",45
"ideas",45
"impressed",45
"opponent",45
"wa",45
"wierd",45
"wisdom",45
"yooooooooooo",45
"d4",45
"drift",45
"interact",45
"savyyor",45
"showered",45
"clarity",45
"glorpsi",45
"liberal",45
"meeeee",45
"physics",45
"wider",45
"jynxz",45
"kabaciarz775",45
"lever",45
"lolflaw2",45
"aween69",45
"shacosussy",45
"chalk",45
"rifle",45
"228",45
"curlyfriezz",45
"daft",45
"minik",45
"moooda",45
"lime",45
"kingsman",45
"aced",45
"355",45
"bronz",45
"ginge",45
"jiddykong",45
"otakuthon",45
"refs",45
"tare",45
"waky",45
"g1ngebrexit",45
"teemo's",45
"1267lp",45
"midbwow",45
"bing",44
"peponote",44
"cos",44
"cutting",44
"justin",44
"momentum",44
"raintime",44
"babies",44
"bushes",44
"century",44
"crystal",44
"friendship",44
"helmet",44
"kekl",44
"omega",44
"skipping",44
"trees",44
"agane",44
"specifically",44
"stains",44
"synergy",44
"tuning",44
"somone",44
"yeahh",44
"999",44
"any1",44
"gamers",44
"grew",44
"hospital",44
"pages",44
"security",44
"speaker",44
"trolls",44
"wwwwwwwwwwwwwwwwwwww",44
"aaa",44
"banner",44
"barking",44
"bites",44
"brave",44
"degenerate",44
"detect",44
"doki",44
"generated",44
"hut",44
"idiota",44
"photo",44
"program",44
"878lp",44
"baboonwuwu",44
"buys",44
"collect",44
"copyright",44
"greece",44
"humor",44
"leo",44
"meanwhile",44
"pie",44
"poisonslash",44
"polishgarnek",44
"reduce",44
"strokes",44
"testosterone",44
"toasteroven1108",44
"zziqlessthan10",44
"734lp",44
"bucko",44
"clavicular",44
"dominance",44
"exilfox",44
"heyyy",44
"humhz",44
"plates",44
"skyline2765",44
"sylverne",44
"ting",44
"youtuber",44
"hopping",44
"jngl",44
"preach",44
"sol",44
"sushi",44
"boop",44
"desktop",44
"evetrysus",44
"lucy",44
"nyc",44
"rogan",44
"seafood",44
"waffles",44
"wndrfl7",44
"cleaning",44
"damm",44
"ewwwwwww",44
"executed",44
"neighbors",44
"switzerland",44
"964lp",44
"97",44
"buttermytooshie",44
"omen",44
"route",44
"verde",44
"wideraintime",44
"anthem",44
"lulufeet",44
"mushrooms",44
"plats",44
"ela",44
"302",44
"bullets",44
"201",44
"bastion",44
"pridecute",44
"1221lp",44
"snuggle",44
"cattime",44
"droned",44
"dryscoop",44
"jynxyi",44
"thc",44
"youaremysunshine",44
"103w",44
"15lp",44
"epicgamerissad",44
"dorime",43
"homo",43
"adaptive",43
"turkish",43
"believing",43
"jammer",43
"office",43
"pit",43
"scar",43
"tweakin",43
"wizard",43
"xpp",43
"gigacat",43
"ss",43
"100000",43
"acid",43
"allat",43
"botincident",43
"growth",43
"highly",43
"nop",43
"nowww",43
"ooof",43
"reactions",43
"scenario",43
"switched",43
"900",43
"cult",43
"doomedcat",43
"filthy",43
"fought",43
"gif",43
"ittttt",43
"matrix",43
"ramen",43
"scoops",43
"smashing",43
"workers",43
"yee",43
"youuuu",43
"grenades",43
"hextech",43
"jgler",43
"matchups",43
"miku",43
"railed",43
"rats",43
"scamming",43
"xsnakeopolis",43
"dances",43
"evolving",43
"gape",43
"intertrent7",43
"lps",43
"otps",43
"prep",43
"solarbacca",43
"sounded",43
"tashrug",43
"clones",43
"katevolved",43
"kirovnl",43
"painted",43
"razor",43
"romance",43
"camtezzy",43
"dragons",43
"duos",43
"hansu6",43
"omggggg",43
"everyones",43
"llo",43
"sabaping",43
"sites",43
"196",43
"tempest",43
"visible",43
"exposer",43
"assss",43
"bbl",43
"olise",43
"beds",43
"awoo",43
"1248lp",43
"ashthn",43
"dtxjonathan214",43
"hiviseeeee",43
"popeyes",43
"emmak0dansie",43
"301w",43
"305w",43
"ahhaha",42
"bucket",42
"entertainment",42
"hahahahaa",42
"intense",42
"memories",42
"parkour",42
"soldier",42
"temmo",42
"thicc",42
"warding",42
"wayy",42
"george",42
"randuin",42
"rs",42
"imtyping",42
"prone",42
"rarely",42
"advanced",42
"avoiding",42
"catbased",42
"chally",42
"diagnosis",42
"entered",42
"frick",42
"inters",42
"jerry",42
"lmfaooooooooooo",42
"monk",42
"permaban",42
"permanent",42
"ph",42
"6th",42
"aimbot",42
"alabama",42
"arrested",42
"closing",42
"dantesssssss",42
"fffff",42
"himm",42
"ir",42
"kappaross",42
"mah",42
"plants",42
"routine",42
"uhhhhh",42
"25k",42
"african",42
"aoe",42
"asia",42
"asol",42
"auraaaaa",42
"cho'gath",42
"film",42
"flirting",42
"glaive",42
"holdd",42
"jewish",42
"loan",42
"maceon3",42
"matching",42
"maximus",42
"rings",42
"th3toxicmayor",42
"utility",42
"yyeee",42
"believes",42
"chip",42
"chovy",42
"dense",42
"dove",42
"idf",42
"latest",42
"nba",42
"som",42
"supervinlin",42
"tender",42
"disease",42
"installing",42
"junky",42
"mechs",42
"1105lp",42
"bias",42
"doobie",42
"jiddlers",42
"mia",42
"pancake",42
"mtl",42
"fbtouchdown",42
"tryhard",42
"gadget",42
"publicexposer",42
"yard",42
"capppp",42
"sensitivity",42
"spongelover",42
"195",42
"1224lp",42
"bakery",42
"bacca",42
"m4lz3n0",42
"dune",42
"gayyy",42
"seas",42
"102l",42
"fightnightt1",42
"1180lp",42
"1339lp",42
"13w",42
"hazz1040",42
"444",41
"alerts",41
"hahahaah",41
"embrace",41
"holds",41
"triumph",41
"ahahha",41
"ahhahahaha",41
"answers",41
"appear",41
"assuming",41
"autosaves",41
"doable",41
"goku",41
"hotter",41
"jam",41
"latina",41
"lmfaoooooooooooo",41
"loaded",41
"ooooh",41
"punching",41
"realistic",41
"rollback",41
"singer",41
"smoge",41
"stance",41
"relationships",41
"promos",41
"sissy",41
"awe",41
"bwahaha",41
"christian",41
"counting",41
"emotion",41
"led",41
"mannn",41
"ohno",41
"plushies",41
"respectfully",41
"san",41
"tarzpride",41
"thong",41
"traumatized",41
"wack",41
"channels",41
"bills",41
"blah",41
"boomer",41
"degrees",41
"gaf",41
"hearts",41
"ligma",41
"mag",41
"mann",41
"nooooooooooooooo",41
"pleasee",41
"spare",41
"spooky",41
"strap",41
"submit",41
"tes",41
"wallet",41
"woo",41
"2010",41
"enabled",41
"extreme",41
"gah",41
"gamersupps",41
"gladiator",41
"guides",41
"kisses",41
"lucas217779",41
"salty",41
"scammers",41
"urs",41
"yi's",41
"185",41
"ally",41
"burp",41
"climbed",41
"dbd",41
"dial",41
"hairs",41
"inviting",41
"junxzi",41
"prayer",41
"reaches",41
"recognize",41
"rewind",41
"rig",41
"roads",41
"vow",41
"caseohwiijams",41
"chunko",41
"halfway",41
"sonic",41
"tdy",41
"via",41
"von",41
"cookielol",41
"gunblade",41
"tarp",41
"watchers",41
"golf",41
"oleakyyy",41
"sleepover",41
"happie",41
"nonverbal",41
"335",41
"fotionn",41
"zenny0hype",41
"facetime",41
"pepperoni",41
"sideways",41
"1148lp",41
"dantaldo",41
"beeman",41
"2590lp",41
"1316lp",41
"dryer",41
"napkins",41
"tr0x1nhype",41
"goallllll",41
"jokic",41
"mohbanana",41
"17w",41
"296l",41
"scuwm",41
"boats",40
"protection",40
"naturally",40
"reject",40
"3head",40
"boosts",40
"ey",40
"futanari",40
"indie",40
"nom",40
"playthrough",40
"po",40
"poking",40
"quits",40
"ripe",40
"stamina",40
"sticking",40
"walker",40
"megalull",40
"translate",40
"barrier",40
"ca",40
"happiness",40
"ridiculous",40
"creature",40
"goodness",40
"guy's",40
"improvement",40
"mines",40
"puke",40
"secretly",40
"shocked",40
"signs",40
"splash",40
"toxicity",40
"yeahhhh",40
"ayoooooo",40
"1234",40
"1m",40
"billy",40
"factor",40
"laced",40
"lmaooooooooooooo",40
"mill",40
"neighbor",40
"playtime",40
"puppet",40
"streets",40
"100x",40
"activity",40
"blocking",40
"botting",40
"consistently",40
"euro",40
"foil",40
"frontline",40
"gangplank",40
"gassy",40
"hatch",40
"matthew",40
"onion",40
"promote",40
"regard",40
"sejuani",40
"shipping",40
"sustain",40
"tactical",40
"theyll",40
"underrated",40
"adsss",40
"bisexual",40
"continues",40
"cookies",40
"facial",40
"insert",40
"okaj",40
"rating",40
"rlytho",40
"rooting",40
"roster",40
"tehepelo",40
"unwatchable",40
"vel",40
"wayyyy",40
"wwwwwwwwwwwwwwwwwww",40
"boxes",40
"gokuln",40
"jynxi's",40
"launch",40
"reinforced",40
"spice",40
"brake",40
"cheer1000",40
"delicious",40
"holt",40
"nutting",40
"rejects",40
"trans",40
"usoppenjoyer1",40
"hud",40
"shascarro",40
"spawns",40
"xmysteryx3",40
"petite",40
"264",40
"428",40
"hivis",40
"earl",40
"yamal",40
"deranking",40
"heftys0up",40
"104w",40
"queing",40
"1v6",40
"331",40
"kenshirotm",40
"1388lp",40
"dipper",40
"moggedd",40
"nyxieclap",40
"reef",40
"soggy",40
"thatcher",40
"76ers",40
"copeathon",40
"nmpblankies",40
"sarah",40
"293l",40
"3333",39
"itd",39
"versus",39
"looser",39
"onetrick",39
"redemption",39
"2020",39
"ahahahahahaha",39
"bazinga",39
"blur",39
"bosses",39
"circles",39
"experiment",39
"fanboys",39
"flop",39
"hahahhahahaha",39
"hol",39
"tumor",39
"patrick",39
"inspiration",39
"sss",39
"tattoo",39
"ahhhhhh",39
"brooooooo",39
"destruction",39
"dicks",39
"discipline",39
"flips",39
"forsure",39
"forthype",39
"giveplz",39
"intelligence",39
"jerked",39
"mas",39
"od",39
"parasites",39
"sock",39
"starter",39
"treatment",39
"yooooooooooooo",39
"decline",39
"radio",39
"barrel",39
"bor",39
"bub",39
"choices",39
"downloaded",39
"edgy",39
"ftw",39
"indicator",39
"kappachungus",39
"llll",39
"mission",39
"mustard",39
"result",39
"skillshot",39
"slut",39
"squirt",39
"states",39
"subnautica",39
"backing",39
"ballahi",39
"bangerrr",39
"brodxe",39
"clickbait",39
"damnn",39
"electric",39
"harisdimatingkal",39
"isabellewiggle",39
"ishowspeed",39
"lands",39
"maple",39
"martogj",39
"midget",39
"osfrog",39
"pivot",39
"screenshot",39
"separate",39
"shittt",39
"spammed",39
"sponsors",39
"ssssssplode",39
"tactics",39
"throwback",39
"toss",39
"tyty",39
"zalud404",39
"adapt",39
"deafen",39
"hundred",39
"impression",39
"incel",39
"intentionally",39
"jst",39
"mainstream",39
"nyrovn",39
"opponents",39
"pep",39
"rider",39
"secure",39
"shyt",39
"swinging",39
"t2",39
"tonk",39
"ture",39
"alll",39
"ascend",39
"farms",39
"lovely",39
"pokpikachu",39
"sundered",39
"60lp",39
"auraa",39
"birds",39
"canoe",39
"capture",39
"cartel",39
"cartman",39
"dice",39
"fullclear",39
"jynxsi",39
"payphone",39
"sunfire",39
"aux",39
"cali",39
"foreplay",39
"hyartse",39
"node",39
"pfffft",39
"retired",39
"sidemen",39
"valley",39
"emirave",39
"jd",39
"kanavi",39
"purr",39
"1300",39
"hugging",39
"croatia",39
"cues",39
"ahmadjamalttttt",39
"pikaboo",39
"por",39
"dino",39
"fore",39
"gary",39
"lucid",39
"274",39
"kaagaroo",39
"440",39
"feelsstrongjam",39
"jjaidedegloved",39
"klein",39
"toad",39
"kawhi",39
"268l",39
"16w",39
"nun",38
"thee",38
"yeaaa",38
"consuming",38
"uni",38
"bat",38
"bouncing",38
"chillin",38
"flashbacks",38
"ne",38
"neace",38
"physically",38
"prepare",38
"tapped",38
"washing",38
"xddddddddddddddd",38
"darkness",38
"444444",38
"aggro",38
"worries",38
"bipolar",38
"clowns",38
"cried",38
"experienced",38
"huhhh",38
"surgery",38
"unleash",38
"somthing",38
"2024",38
"combat",38
"comfy",38
"craziest",38
"cups",38
"extended",38
"froze",38
"ketchup",38
"panda",38
"shutup",38
"simpler",38
"snack",38
"wraith",38
"youu",38
"210",38
"4090",38
"8thejuana",38
"buried",38
"comming",38
"cosmic",38
"dant",38
"depending",38
"dookie",38
"garlic",38
"ge",38
"gee",38
"hatewatching",38
"i0kihi",38
"ironplow",38
"mercury",38
"milkmanzay",38
"mossad",38
"notepad",38
"pays",38
"roko7722",38
"russia",38
"serioussloth",38
"sized",38
"stormraiders",38
"sweetheart",38
"transition",38
"units",38
"uu",38
"vegan",38
"vocal",38
"6s",38
"bbg",38
"breeding",38
"collabs",38
"deglove",38
"feelin",38
"foid",38
"footjob",38
"hump",38
"jammies",38
"jester",38
"kumapls",38
"oldge",38
"scanned",38
"secured",38
"static",38
"visual",38
"written",38
"chingchenghanjiz",38
"depend",38
"doubting",38
"keezyrx",38
"monkeyjam",38
"tonytonychopper2y3d",38
"wooooo",38
"322",38
"84",38
"pooping",38
"slimja12werk",38
"vegas",38
"alo",38
"briarboy93",38
"couples",38
"driplydollop",38
"guinsoo",38
"quarter",38
"rttt",38
"valentitni",38
"carter",38
"hay",38
"unstable",38
"baybee2bongobun",38
"domestic",38
"niceeeee",38
"cleared",38
"hivize",38
"keller",38
"shitters",38
"youmissed",38
"koreans",38
"cteee",38
"drew11",38
"perm",38
"hiviseeeeee",38
"114",38
"bubbblepro",38
"crane",38
"lice",38
"poi",38
"히나쿠라",38
"1329lp",38
"itsstr24triplebounce",38
"1358lp",38
"ljgy",38
"microphone",37
"takenrg",37
"wintraders",37
"bedroom",37
"motivate",37
"nimbus",37
"notified",37
"xqcm",37
"bruhhh",37
"cloth",37
"comfort",37
"drip",37
"fellas",37
"harpoon",37
"inb4",37
"onnnn",37
"regen",37
"reload",37
"samples",37
"shh",37
"spoil",37
"stranger",37
"stutter",37
"supporting",37
"swallow",37
"usage",37
"dafuq",37
"destroying",37
"tactic",37
"accepted",37
"apuskate",37
"dashes",37
"egyptian",37
"den",37
"direct",37
"gae",37
"judge",37
"rawr",37
"tragic",37
"failing",37
"behave",37
"bi",37
"blinker",37
"diddys",37
"edp",37
"engine",37
"hopeless",37
"involved",37
"ken",37
"lasts",37
"noww",37
"ranger",37
"shitt",37
"shoots",37
"sibling",37
"someone's",37
"spelling",37
"activities",37
"bubble",37
"challange",37
"combos",37
"enchanter",37
"gaped",37
"gurnclown",37
"hiv",37
"hooked",37
"kim",37
"moqzyfn",37
"powders",37
"recreate",37
"rendruin",37
"snowtime",37
"sudden",37
"titan",37
"tomazmpp",37
"uuu",37
"170",37
"7777777",37
"bek0jis",37
"foul",37
"muslim",37
"pity",37
"spurs",37
"unbearable",37
"0s",37
"240",37
"adjust",37
"airport",37
"blitzcrank",37
"blocks",37
"flipping",37
"habit",37
"jane",37
"micheal",37
"bis",37
"denmark",37
"ginger",37
"quicker",37
"vtuber",37
"xrjoeee",37
"faker's",37
"farmer",37
"1hr",37
"hamza",37
"lofilandz",37
"shite",37
"signed",37
"sleeps16dancea",37
"orders",37
"participate",37
"questioning",37
"topgoth99",37
"jicksies",37
"pearl",37
"ramp",37
"several",37
"squeex",37
"stimming",37
"tm8",37
"yamatosdeath",37
"247hussle",37
"270",37
"gyatttt",37
"philly",37
"teamfights",37
"challenges",37
"lure",37
"249",37
"rr",37
"prefire",37
"recap",37
"roamer",37
"245",37
"93w",37
"adss",37
"golddd",37
"holo",37
"mule",37
"tomat0",37
"tractor",37
"valk",37
"112w",37
"1989",37
"freetyler1",37
"kireilol",37
"midbdance",37
"275l",37
"soupymom",37
"larperw",37
"1137lp",37
"dickballs",37
"udpgg",37
"batchesting",36
"casino",36
"goooooooooooo",36
"peepohey",36
"some1",36
"yoooooooooooo",36
"disco",36
"111111111111111",36
"1111111111111111",36
"dahmer",36
"glowing",36
"hahahahahahahahaha",36
"heroin",36
"hunting",36
"npcs",36
"paste",36
"planned",36
"seizure",36
"shell",36
"shizo",36
"stuns",36
"sync",36
"ut",36
"zaza",36
"interview",36
"loooooooooooooool",36
"techno",36
"v2",36
"claw",36
"closest",36
"giggling",36
"nerfs",36
"scrub",36
"upload",36
"baiter",36
"bible",36
"chatt",36
"directly",36
"hahha",36
"intel",36
"relevant",36
"roast",36
"schizophrenia",36
"seemed",36
"sessions",36
"shouldn",36
"solve",36
"tik",36
"wtfffffff",36
"awwwww",36
"backseating",36
"comparing",36
"costs",36
"fiber",36
"flower",36
"hacker",36
"himmmm",36
"ight",36
"jover",36
"omegle",36
"ratjamjam",36
"td",36
"tt",36
"unite",36
"watchpartyskibidi",36
"30lp",36
"527",36
"80s",36
"buffalo",36
"chemtech",36
"cooler",36
"ezzz",36
"fckin",36
"invest",36
"latinas",36
"leag",36
"masterclass",36
"optional",36
"suddenly",36
"swiftplay",36
"tentacles",36
"thigh",36
"toys",36
"unrivaledxheart",36
"walmart",36
"yuigawnl",36
"1077lp",36
"300k",36
"766lp",36
"adderall",36
"banter",36
"blasting",36
"bm",36
"bruhhhh",36
"demolish",36
"edits",36
"elderly",36
"ermgi",36
"firing",36
"fleet",36
"jelly",36
"manually",36
"mingojbounce",36
"poet",36
"preds",36
"vest",36
"750",36
"ali",36
"cooldowns",36
"lemonflavourknightgael",36
"lololololol",36
"ontario",36
"shoe",36
"624lp",36
"barn",36
"rocketbelt",36
"undo",36
"wht",36
"comm",36
"defenders",36
"goyim",36
"johnthemango",36
"repo",36
"luffydance",36
"mijooo",36
"mousepad",36
"thetribalchief22",36
"nattynatt",36
"wired",36
"adssss",36
"dangerdance",36
"makeout",36
"muda",36
"yungdokk",36
"1220lp",36
"asmon",36
"butler",36
"grilled",36
"kadeeem",36
"anydesk",36
"humzhiq",36
"411",36
"cal",36
"teamkill",36
"96l",36
"arbys",36
"coil",36
"dodgeball",36
"konamikodlak",36
"peat",36
"tide",36
"115w",36
"57lp",36
"goldddd",36
"tobiasfate",36
"270l",36
"298l",36
"apartment",35
"horses",35
"license",35
"predicts",35
"tshirt",35
"cheesing",35
"combine",35
"dickhead",35
"expose",35
"hecrim",35
"hte",35
"pleasure",35
"rtard",35
"smallest",35
"tarz",35
"trueeeee",35
"uptempo",35
"338",35
"nowwww",35
"11111111111111111",35
"ark",35
"bitsno1l",35
"casually",35
"censored",35
"ia",35
"inspirational",35
"landing",35
"lmoa",35
"mhmm",35
"mmmmmm",35
"nicely",35
"ohhhhh",35
"pattern",35
"remeber",35
"tsundere",35
"yoga",35
"employee",35
"33333",35
"acoustic",35
"austrian",35
"backbig",35
"beloved",35
"bop",35
"broooooooo",35
"brudda",35
"fold",35
"fuckkkkk",35
"lm",35
"mmo",35
"navori",35
"pizzas",35
"reaper",35
"spammer",35
"wears",35
"actives",35
"apc",35
"broccoli",35
"dantas",35
"designed",35
"hacookawmin",35
"heh",35
"hs",35
"installed",35
"jailtime",35
"je",35
"johnk0os",35
"knower",35
"proxy",35
"talented",35
"thas",35
"torn",35
"wrath",35
"zap",35
"automodded",35
"boxing",35
"convinced",35
"copying",35
"crutch",35
"disgrace",35
"envixperience",35
"grin",35
"hip",35
"inn",35
"international",35
"payed",35
"peen",35
"roller",35
"soaking",35
"swapped",35
"tourny",35
"truuu",35
"battlepass",35
"coldsun3990",35
"editing",35
"fantasy",35
"gravity",35
"hung",35
"influence",35
"meditate",35
"sale",35
"trim",35
"752lp",35
"assassins",35
"barbed",35
"division",35
"forgive",35
"freelo",35
"hippo",35
"letsss",35
"mighty",35
"noodle",35
"portal",35
"reduction",35
"19k",35
"doaeneegg",35
"drifting",35
"grooming",35
"hives",35
"jiddyy",35
"kadeem718",35
"lite",35
"maining",35
"burrito",35
"ewwwwwwww",35
"koipaodance",35
"opp",35
"wladimirtkd",35
"ziggysawdust7",35
"adel777z",35
"ehh",35
"reader",35
"chuddy",35
"cnv",35
"colour",35
"friendslop",35
"happi",35
"moral",35
"261",35
"342",35
"lospollos",35
"pushups",35
"logo",35
"distracting",35
"ni",35
"valve",35
"gol",35
"rime",35
"russell",35
"indicators",35
"watley",35
"29th",35
"bundles",35
"fuzz",35
"seer",35
"wagahi",35
"usaaa",35
"kafe",35
"reilia1lick",35
"ironicelm",35
"bby",34
"downs",34
"nonono",34
"chaos",34
"connected",34
"daylight",34
"lab",34
"lake",34
"myth",34
"smartest",34
"spreading",34
"subscribers",34
"compilation",34
"sadgecoomer",34
"crackhead",34
"koncha",34
"actions",34
"certified",34
"connection",34
"constant",34
"cuts",34
"hoes",34
"keeper",34
"lel",34
"majority",34
"naah",34
"socrates",34
"unfunny",34
"x2",34
"bolt",34
"cardboard",34
"crouching",34
"dammit",34
"dedicated",34
"fuckign",34
"gayyyy",34
"habits",34
"lmaoooooooooooooo",34
"osu",34
"peed",34
"phasmophobia",34
"poopy",34
"sensitive",34
"sho",34
"silenced",34
"sketch",34
"stanley",34
"steroids",34
"whiteboard",34
"winter",34
"yesssssssssss",34
"za",34
"ancient",34
"bowserchops",34
"decade",34
"herperiodstainsonmyjeans",34
"jordan",34
"moggs",34
"pulls",34
"samif0",34
"seised",34
"shadowindex",34
"string",34
"sunshine",34
"suppression",34
"thay",34
"tissue",34
"vamp",34
"weaker",34
"wintrader",34
"zzzzenpai",34
"18k",34
"200k",34
"3v3",34
"aaronefc5",34
"comet",34
"countered",34
"fiesta",34
"itsonlyc",34
"liemeter",34
"lqc",34
"ludwig's",34
"messaiyan",34
"nevermind",34
"ooooooooooo",34
"rod",34
"tend",34
"terminate",34
"verbal",34
"wedidit",34
"weiner",34
"wil",34
"165",34
"adge",34
"chests",34
"dopefi3nd",34
"geting",34
"maximum",34
"nay",34
"nude",34
"tube",34
"yahu",34
"354",34
"omni",34
"pussies",34
"sebimk",34
"stephen",34
"yout",34
"bound",34
"grub",34
"noon",34
"prom",34
"rtttt",34
"pound",34
"s2unna",34
"313",34
"bay",34
"hereeee",34
"modda",34
"161",34
"devin",34
"reed",34
"referee",34
"tile",34
"tragedy",34
"1168lp",34
"406",34
"andthenwhat",34
"catsittingverycomfortable2",34
"infection",34
"mole",34
"neet",34
"humzh's",34
"kledington",34
"realungabunga",34
"hint",34
"duoing",34
"lightweight",34
"squishystaring",34
"17k",34
"385",34
"1322lp",34
"dumbsyt",34
"draymond",34
"hare",34
"lacevil",34
"outcomes",34
"stabesuss",34
"sued",34
"tug",34
"wagered",34
"109l",34
"gsw",34
"nusa",34
"nexzouwiggle",34
"1140lp",34
"1193lp",34
"1374lp",34
"315w",34
"ssttrroonng",34
"bangerrrr",33
"forbidden",33
"goooooooooooooo",33
"staff",33
"station",33
"tought",33
"vibing",33
"february",33
"meowdy",33
"waterwalking",33
"booze",33
"border",33
"daddys",33
"eric",33
"grateful",33
"ladies",33
"suits",33
"torch",33
"trippin",33
"doge",33
"tribute",33
"111111111111111111",33
"attracted",33
"beauty",33
"biceps",33
"caveman",33
"hahahahhaa",33
"immortal",33
"individual",33
"insecure",33
"maintenance",33
"plushie",33
"punoko",33
"shelbywalked",33
"sounding",33
"spaghetti",33
"stoppp",33
"unhealthy",33
"hush",33
"condition",33
"eggrollsnake",33
"feeds",33
"fourth",33
"fuq",33
"gooood",33
"hackermans",33
"hallo",33
"jupijej",33
"length",33
"manly",33
"shorter",33
"xdxd",33
"67676767",33
"8ball",33
"allstars",33
"animations",33
"bale",33
"companies",33
"curl",33
"demacia",33
"entirely",33
"genes",33
"guarantee",33
"hired",33
"leb191",33
"mars",33
"ntnt",33
"obj",33
"reptile",33
"selection",33
"tanking",33
"viewership",33
"22k",33
"astolsu",33
"behaviour",33
"costreaming",33
"embarassing",33
"gx",33
"lilliwrlds",33
"plsssss",33
"realised",33
"settle",33
"slash",33
"sole",33
"tis",33
"warfare",33
"yawning",33
"217",33
"750lp",33
"balrighttt",33
"cared",33
"dinkr",33
"dual",33
"frying",33
"helll",33
"hivisee",33
"owe",33
"triumphant05",33
"85",33
"fuc",33
"hex",33
"hourglass",33
"lettuce",33
"lineup",33
"ruff",33
"ull",33
"unwinnable",33
"bowiehdcoolguy",33
"cakes",33
"chemistry",33
"employed",33
"enderdragalright",33
"genoakki",33
"il",33
"thier",33
"youdied",33
"former",33
"merchant",33
"nattynat",33
"patent",33
"penchosalama18",33
"1013lp",33
"361",33
"scanner",33
"leads",33
"miraclebepis",33
"telaport",33
"controlling",33
"students",33
"zwag",33
"arab",33
"cuddled",33
"frauds",33
"xkoboci",33
"xray",33
"dxcat",33
"imhim",33
"rav",33
"rode",33
"306",33
"337",33
"430",33
"fret",33
"1361lp",33
"97lp",33
"kingya3bek",33
"lucyarchangel",33
"mare",33
"pane",33
"rile",33
"schizouuh",33
"stabedance",33
"thorns",33
"trace",33
"chonkygatto",33
"goall",33
"kaneee",33
"mohpedro",33
"tiananmen",33
"barricade",33
"tyler1xd",33
"267l",33
"forzado",33
"thegay10party",33
"1006lp",33
"aaaae",33
"collectorthe",33
"gooooooooooooo",32
"lisa",32
"positions",32
"ahah",32
"annoyed",32
"blushing",32
"coop",32
"corpse",32
"enigmaxoxo",32
"fleshlight",32
"messing",32
"mobs",32
"prevent",32
"upppppp",32
"wrld",32
"1636483653868855298",32
"degree",32
"pensivecum",32
"standings",32
"thepeakbet",32
"charges",32
"enjoyers",32
"sweepers",32
"affect",32
"feelsweirdman",32
"hahahahaahhaha",32
"maxed",32
"millionare",32
"monkeypls",32
"multiplayer",32
"solar",32
"spearshot",32
"stressing",32
"thsi",32
"98",32
"beet",32
"bloons",32
"dishes",32
"dooo",32
"expression",32
"fog",32
"gb",32
"hid",32
"hq",32
"incorrect",32
"insanity",32
"livestream",32
"okok",32
"pewdiepie",32
"pictures",32
"pleaseeeee",32
"seperate",32
"soundcloud",32
"stopppp",32
"wwwwwwwwwwwwwwwwwwwww",32
"aatreus",32
"abdalmlkm",32
"bun",32
"dantessssss",32
"describe",32
"doughy",32
"el0lucifero",32
"feature",32
"forza",32
"freeze",32
"ick",32
"ihatemyself3000",32
"ilyaslifts",32
"inspiring",32
"managed",32
"permanently",32
"realizing",32
"shrooms",32
"software",32
"typeszero",32
"1100",32
"9000",32
"algorithm",32
"backflip",32
"becuase",32
"belongs",32
"buffer",32
"bulgaria",32
"buttplug",32
"calmpotatothe1st",32
"commentary",32
"crib",32
"ctee",32
"despite",32
"expert",32
"feeder",32
"horrendous",32
"kapp",32
"lawn",32
"matterdaddy",32
"pile",32
"robots",32
"sheet",32
"tu",32
"warmup",32
"aunt",32
"blelele",32
"distributed",32
"itemization",32
"q'd",32
"returns",32
"shoclipse",32
"squachy123",32
"2027",32
"blown",32
"deadmans",32
"diddytes",32
"disaster",32
"essence",32
"hottest",32
"katacespades",32
"lovi6767",32
"megaconsume",32
"oneetrik",32
"terminated",32
"trend",32
"whore",32
"filming",32
"imglitch",32
"pore",32
"promoted",32
"siren",32
"tlaw",32
"12k",32
"actively",32
"adam",32
"convention",32
"hawking",32
"helly",32
"qing",32
"179",32
"artistic",32
"s1",32
"6pm",32
"igl",32
"moda",32
"strikersaif",32
"tripple",32
"ulti",32
"aba",32
"gypsy",32
"kadeems",32
"lamine",32
"pickaxe",32
"sues",32
"doeaddy",32
"tampa",32
"veigo",32
"agility",32
"bumping",32
"4444",32
"dribble",32
"pillows",32
"328",32
"thabig9oo",32
"repair",32
"1394lp",32
"982792873918271",32
"ditto",32
"kindread",32
"leer",32
"olives",32
"sails",32
"soil",32
"stabecaught",32
"wigg",32
"1319lp",32
"274l",32
"sasraxe",32
"295l",32
"aprrinity",32
"balkan",31
"parent",31
"4x",31
"backpack",31
"bu",31
"doll",31
"egoed",31
"feb",31
"hahahahahaa",31
"hotpokket",31
"lmaooooooooooooooo",31
"lolz",31
"m8",31
"pipes",31
"realy",31
"santa",31
"shotty",31
"tardy",31
"violated",31
"wya",31
"xdddddddddddddddd",31
"xddddddddddddddddd",31
"yawn",31
"daddy's",31
"soldiers",31
"450",31
"glitched",31
"sam",31
"breast",31
"catfished",31
"chads",31
"cray",31
"glazer",31
"hence",31
"hh",31
"interest",31
"lamo",31
"lifetime",31
"lmfaooooooooooooo",31
"naughty",31
"oyu",31
"tou",31
"trapped",31
"updates",31
"according",31
"alredy",31
"anus",31
"barry63",31
"bike",31
"cola",31
"damaged",31
"desert",31
"eblan",31
"gane",31
"generate",31
"git",31
"goty",31
"howd",31
"it4ch1sz",31
"medium",31
"menace",31
"peeing",31
"r34",31
"rtrd",31
"scarier",31
"scooby",31
"tickled",31
"tox3me",31
"underage",31
"wheels",31
"zoomer",31
"1400",31
"175",31
"admitted",31
"aha",31
"attitude",31
"busting",31
"carb",31
"clues",31
"cooldoge",31
"crown",31
"duollistes",31
"efflechinrk",31
"fare",31
"geometry",31
"guessed",31
"h3nreekay",31
"hoyl",31
"iirc",31
"itch",31
"leveled",31
"mal",31
"nostalgic",31
"ohmlatl1",31
"recalling",31
"recommended",31
"satisfying",31
"soup",31
"speakers",31
"2012",31
"breakup",31
"crybaby",31
"ct",31
"cucktes",31
"drown",31
"edisonnnnnnnnnnnnnnn",31
"egospair",31
"lawnmower",31
"muting",31
"pixels",31
"presence",31
"proximity",31
"realm",31
"rizzlerdancejam",31
"sexually",31
"shiiiii",31
"stressed",31
"surf",31
"tart",31
"tense",31
"115",31
"calculated",31
"cheaper",31
"commitment",31
"inkshadow",31
"kaya",31
"klee1337",31
"kokaleka2",31
"lowky",31
"pob",31
"sends",31
"stinkyglitch",31
"tah",31
"yun",31
"zinc",31
"avatar",31
"biased",31
"jynxzie",31
"outsideabagofmilk0",31
"subhuman",31
"whoop",31
"baaalright",31
"curve",31
"edwaudo",31
"ewwwwwwwww",31
"fc",31
"maradona",31
"nephew",31
"ratjam",31
"savings",31
"serve",31
"steph",31
"1am",31
"5pm",31
"communication",31
"footyellow",31
"gayy",31
"hivisemhm",31
"playerbase",31
"soldiersocks1",31
"stizzyondemand",31
"thrown",31
"wool",31
"1020lp",31
"390",31
"nitro",31
"weren",31
"looo",31
"tact",31
"meeeeee",31
"nipple",31
"nite",31
"norm",31
"palotai33",31
"penaldo",31
"178",31
"coughs",31
"bedtime",31
"1038",31
"deadlypants3709",31
"dragonxx1999",31
"leap",31
"mobafire",31
"11k",31
"ache",31
"floura",31
"arg",31
"caseohlife",31
"fnmongraal",31
"gadgets",31
"gitcrit",31
"kinglarpr",31
"lend",31
"losss",31
"omeing",31
"pine",31
"mexicooo",31
"sirgen",31
"montagne",31
"artemisacea",31
"lakecsgoomba",31
"1293lp",31
"1350lp",31
"320w",31
"340w",31
"esoyboy",31
"hoooly",30
"tinder",30
"attractive",30
"airplane",30
"beginners",30
"bitrate",30
"bodies",30
"brp",30
"crossed",30
"diabetes",30
"dumass",30
"endings",30
"forgotten",30
"grabbed",30
"nip",30
"sequel",30
"sip",30
"pops",30
"quickie",30
"snitching",30
"warned",30
"achievement",30
"intentional",30
"mai",30
"nahhhhhh",30
"winnersq",30
"3d",30
"darkmode",30
"department",30
"fruity",30
"helloo",30
"intelligent",30
"medicine",30
"milking",30
"mobis",30
"patootie",30
"pubes",30
"sabotaging",30
"socially",30
"span",30
"tok",30
"wink",30
"xqcow",30
"2009",30
"2025",30
"binoculars",30
"bitcoin",30
"conor",30
"desperate",30
"donating",30
"matt",30
"overload",30
"pills",30
"remembered",30
"robber",30
"shhhh",30
"smiley",30
"spiriteel",30
"64gb",30
"810lp",30
"acct",30
"arrive",30
"backed",30
"blurred",30
"cinematic",30
"clav",30
"clowntime",30
"dominated",30
"editors",30
"gekoyogurt",30
"giants",30
"h4n171",30
"holddd",30
"humping",30
"identity",30
"leylz",30
"michcio568",30
"mobility",30
"nonchalant",30
"nonstop",30
"paly",30
"robert",30
"stomping",30
"suckdeva",30
"sung",30
"superman",30
"taylor",30
"trades",30
"twins",30
"7th",30
"advise",30
"ahve",30
"assert",30
"catnope",30
"coz",30
"dagger",30
"darthvadertubyl",30
"didint",30
"erection",30
"hswp",30
"injured",30
"lan",30
"lanczos",30
"lvls",30
"merch",30
"overtime",30
"parzival579",30
"perspective",30
"pisses",30
"reveri36lol",30
"s2",30
"sentient",30
"stageperform",30
"tapping",30
"tibbers",30
"web",30
"yoooooooooooooo",30
"3min",30
"ballsack",30
"cyber",30
"dally",30
"dominating",30
"innnnn",30
"logged",30
"pmo",30
"recording",30
"topside",30
"tweaker",30
"zyrf1",30
"362",30
"accs",30
"creeper",30
"jaddy",30
"kittyhype",30
"rockets",30
"simulation",30
"spyspace12",30
"tit",30
"860lp",30
"aboba",30
"crave",30
"fuckable",30
"heree",30
"howl",30
"jjindot",30
"jynxii",30
"mort1fera",30
"oui",30
"screens",30
"heyy",30
"oily",30
"plain",30
"undeafen",30
"lace",30
"nightmares",30
"oracles",30
"reworked",30
"vain",30
"1268lp",30
"159",30
"alfredo12294",30
"basstime",30
"jersey",30
"porra",30
"seeker",30
"thefartist22",30
"whistles",30
"abs",30
"assistance",30
"hoodie",30
"marinpog",30
"plutodragoner13",30
"waiter",30
"207",30
"191",30
"3131",30
"forsenparty",30
"honesty",30
"snhalfmoon",30
"252",30
"nugget",30
"darkshadow1191",30
"deed",30
"eyeliner",30
"1288lp",30
"2408lp",30
"mint",30
"cookout",30
"ghassenn1234",30
"goldd",30
"moodafrage",30
"moodafslap",30
"10lp",30
"77777777",30
"77lp",30
"92w",30
"95l",30
"bail",30
"freeron",30
"frost",30
"garttart",30
"greg",30
"hesleep",30
"lacykek",30
"miguel",30
"ome67",30
"seel",30
"haland",30
"legendss",30
"waltawhite32",30
"1185lp",30
"scarra",30
"chocofuzz",30
"trolley",30
"1118",30
"283l",30
"frixy02",30
"1360lp",30
"1182lp",30
"shaco4",30
"jankosjd",30
"1v9ing",29
"gameee",29
"idgaf",29
"permabanned",29
"2021",29
"doaenejax",29
"ahahahahha",29
"arrows",29
"brightness",29
"brooooooooo",29
"dem",29
"doaenegnome",29
"gender",29
"goodluck",29
"holidaysanta",29
"mao",29
"mcproo22",29
"oxygen",29
"pogu",29
"retar",29
"swim",29
"thst",29
"u're",29
"violence",29
"whilst",29
"woa",29
"pl",29
"youwhy",29
"situational",29
"5x",29
"angels",29
"cm",29
"cozy",29
"however",29
"lotta",29
"naaaah",29
"oom",29
"pinch",29
"recover",29
"reflect",29
"religion",29
"teachers",29
"trollin",29
"trustme",29
"understands",29
"zeal",29
"1080p",29
"1h",29
"20000",29
"boar",29
"caked",29
"contract",29
"finnaly",29
"flew",29
"forgets",29
"hawk",29
"hears",29
"icons",29
"infected",29
"malware",29
"peaceful",29
"proceeds",29
"thegoat",29
"tuah",29
"123",29
"125",29
"545",29
"5min",29
"846lp",29
"cactus",29
"ddr5",29
"dmgrv",29
"faked",29
"galves74",29
"gd",29
"included",29
"jjk",29
"lian",29
"lust",29
"passives",29
"permad",29
"releasing",29
"remembers",29
"rolexz",29
"tards",29
"10min",29
"capable",29
"creatine",29
"doggie",29
"donny",29
"emi",29
"felix",29
